flight_id,runway,original_eta,scheduled_time,delay,priority,predicted_delay
FL1626,1,18,18,0,NORMAL,16.59624713465726
FL1010,2,14,14,0,NORMAL,14.86403031192881
FL1170,2,17,17,0,NORMAL,14.597711781121907
FL2031,2,21,21,0,NORMAL,13.646024318725296
FL1588,1,7,20,13,NORMAL,13.306642092734355
FL1578,1,11,22,11,NORMAL,13.01755274496021
FL1214,2,16,23,7,NORMAL,12.444862350788013
FL1712,1,0,24,24,NORMAL,11.816738726648085
FL1279,2,44,44,0,NORMAL,11.797318004428021
FL1902,1,21,26,5,NORMAL,11.492191005250271
FL1615,1,8,28,20,NORMAL,11.224525925036838
FL1506,1,45,45,0,NORMAL,11.00468616958964
FL1920,2,106,106,0,NORMAL,10.928219357963767
FL2108,1,53,53,0,NORMAL,10.667158329613333
FL2050,1,47,55,8,NORMAL,10.515630643115676
FL1053,1,97,97,0,NORMAL,10.375501124568933
FL1577,1,101,101,0,NORMAL,10.325145844724135
FL1154,1,28,103,75,NORMAL,10.237490128659086
FL1853,1,61,105,44,NORMAL,10.234925069513645
FL1194,1,22,107,85,NORMAL,10.2191746997111
FL1294,2,44,108,64,NORMAL,10.184366265829098
FL1494,1,21,109,88,NORMAL,10.1554222421294
FL1306,2,89,110,21,NORMAL,10.134018293672042
FL1076,1,50,111,61,NORMAL,10.100483693794814
FL1133,2,75,112,37,NORMAL,9.995571534160112
FL1542,1,60,113,53,NORMAL,9.94614038611292
FL1567,2,93,114,21,NORMAL,9.919856309304935
FL1059,1,91,115,24,NORMAL,9.864392939341561
FL1441,2,107,116,9,NORMAL,9.828607223599441
FL1038,1,102,117,15,NORMAL,9.81787684175568
FL1508,2,75,118,43,NORMAL,9.786897301149937
FL2089,1,104,119,15,NORMAL,9.66108053168301
FL1827,2,88,120,32,NORMAL,9.612573733862373
FL1811,1,85,121,36,NORMAL,9.593129289417929
FL1927,2,36,122,86,NORMAL,9.589836554292958
FL1281,1,82,123,41,NORMAL,9.579795956084597
FL1412,2,58,124,66,NORMAL,9.561532221784857
FL1161,1,25,125,100,NORMAL,9.53477585863895
FL1559,2,69,126,57,NORMAL,9.525309999562637
FL1062,1,98,127,29,NORMAL,9.511830638615487
FL2173,2,93,128,35,NORMAL,9.510321846392008
FL1250,1,106,129,23,NORMAL,9.380770347747001
FL1550,2,61,130,69,NORMAL,9.376029080984388
FL1844,1,101,131,30,NORMAL,9.355602350774294
FL1751,2,79,132,53,NORMAL,9.308208654497296
FL1517,1,93,133,40,NORMAL,9.199789979842505
FL2027,2,65,134,69,NORMAL,9.165206279463561
FL1389,1,25,135,110,NORMAL,9.049324974826334
FL1678,2,31,136,105,NORMAL,8.967146229009321
FL1889,1,83,137,54,NORMAL,8.945432983747011
FL2101,2,105,138,33,NORMAL,8.870410979589964
FL1162,1,104,139,35,NORMAL,8.830795770650301
FL1144,2,97,140,43,NORMAL,8.777496662999345
FL1158,1,101,141,40,NORMAL,8.465700054928247
FL1661,2,33,142,109,NORMAL,8.202250900752258
FL1705,1,22,143,121,NORMAL,7.867822792014608
FL1580,2,109,144,35,NORMAL,7.842791717151951
FL1241,1,22,145,123,NORMAL,7.432432989294737
FL1023,2,5,146,141,NORMAL,6.730768876395129
FL1817,1,22,147,125,NORMAL,6.562965281756566
FL1531,2,138,148,10,NORMAL,11.157103861180488
FL1112,1,138,149,11,NORMAL,11.100167908452761
FL1234,2,151,151,0,NORMAL,10.918660039756464
FL1157,1,148,151,3,NORMAL,10.801755277851703
FL2034,1,143,153,10,NORMAL,10.703986308494965
FL1782,2,109,153,44,NORMAL,10.59597392329263
FL1632,1,174,174,0,NORMAL,10.316584258133657
FL1796,2,152,155,3,NORMAL,10.295528996484464
FL1141,2,164,164,0,NORMAL,10.218620416821992
FL1380,2,173,173,0,NORMAL,10.209564056113457
FL1732,2,152,175,23,NORMAL,10.20624582863858
FL1660,1,195,195,0,NORMAL,9.869749116497513
FL1603,2,177,177,0,NORMAL,9.822651769312689
FL1492,2,114,179,65,NORMAL,9.815148248554864
FL1648,2,168,181,13,NORMAL,9.775707480486048
FL1210,2,145,183,38,NORMAL,9.76638410750237
FL1558,2,208,208,0,NORMAL,9.749299963190408
FL1630,1,203,203,0,NORMAL,9.733787784223466
FL1746,1,185,205,20,NORMAL,9.72388958042045
FL1067,1,109,207,98,NORMAL,9.712046830535382
FL1875,1,157,209,52,NORMAL,9.682682102879493
FL1397,2,200,210,10,NORMAL,9.672176513755833
FL1069,1,173,211,38,NORMAL,9.663074301446073
FL2052,2,204,212,8,NORMAL,9.65895484534529
FL1440,1,170,213,43,NORMAL,9.609016037949399
FL1737,2,153,214,61,NORMAL,9.60009574105962
FL1392,1,129,215,86,NORMAL,9.588548731438532
FL1403,2,164,216,52,NORMAL,9.565571461763447
FL1485,1,192,217,25,NORMAL,9.562388506101339
FL1125,2,131,218,87,NORMAL,9.562195361293384
FL1334,1,177,219,42,NORMAL,9.562096952054578
FL2073,2,154,220,66,NORMAL,9.55051340441833
FL1488,1,196,221,25,NORMAL,9.531289241513093
FL1301,2,126,222,96,NORMAL,9.528613737881999
FL1530,1,207,223,16,NORMAL,9.491733685957536
FL1373,2,141,224,83,NORMAL,9.48941078788944
FL2020,1,154,225,71,NORMAL,9.47904667369219
FL2046,2,134,226,92,NORMAL,9.417404035556396
FL1256,1,146,227,81,NORMAL,9.416837090236053
FL1235,2,132,228,96,NORMAL,9.36673736888973
FL1400,1,141,229,88,NORMAL,9.33220939227369
FL1396,2,126,230,104,NORMAL,9.32571611172815
FL1810,1,124,231,107,NORMAL,9.199529925541965
FL1119,2,142,232,90,NORMAL,9.194493774558072
FL1617,1,111,233,122,NORMAL,9.179403987686756
FL2091,2,195,234,39,NORMAL,8.749796145446146
FL1903,1,124,235,111,NORMAL,8.664695000912996
FL1092,2,132,236,104,NORMAL,8.635568187174723
FL1908,1,125,237,112,NORMAL,8.624695000912997
FL1742,2,197,238,41,NORMAL,8.616759569289389
FL1414,1,140,239,99,NORMAL,8.5286782963742
FL1792,2,116,240,124,NORMAL,8.347084298919984
FL1181,1,163,241,78,NORMAL,8.083260319039395
FL1610,2,183,242,59,NORMAL,8.012825505160203
FL1663,1,185,243,58,NORMAL,8.012825505160203
FL1863,2,110,244,134,NORMAL,7.975924875035378
FL2148,1,188,245,57,NORMAL,7.972730267064967
FL1290,2,191,246,55,NORMAL,7.9084979790278025
FL2141,1,127,247,120,NORMAL,7.720923243925596
FL2070,2,142,248,106,NORMAL,7.662561479237937
FL2029,1,217,249,32,NORMAL,10.76859837436246
FL1522,2,276,276,0,NORMAL,10.532365637022846
FL1971,1,219,251,32,NORMAL,10.503649383181596
FL1954,1,268,268,0,NORMAL,10.296184662913179
FL2076,1,269,270,1,NORMAL,10.043723168170352
FL1208,1,241,272,31,NORMAL,10.0434809775749
FL1788,1,286,286,0,NORMAL,9.999929819063158
FL1097,2,232,278,46,NORMAL,9.983733484540789
FL1372,2,282,282,0,NORMAL,9.967929711369473
FL1354,2,247,284,37,NORMAL,9.963447399115926
FL1924,2,298,298,0,NORMAL,9.919637997211586
FL1252,1,297,297,0,NORMAL,9.919637997211586
FL1509,1,215,299,84,NORMAL,9.90642757469321
FL1345,2,261,300,39,NORMAL,9.89542830316215
FL1763,1,306,306,0,NORMAL,9.873927269367028
FL1473,2,293,302,9,NORMAL,9.844139627772968
FL1288,2,308,308,0,NORMAL,9.83195427927708
FL1934,1,269,308,39,NORMAL,9.812832986061604
FL1246,1,305,310,5,NORMAL,9.80736916483583
FL1104,2,233,310,77,NORMAL,9.794290471635986
FL1065,1,266,312,46,NORMAL,9.767044103582233
FL1333,2,291,312,21,NORMAL,9.755547337174384
FL1681,1,211,314,103,NORMAL,9.749299963190408
FL1433,2,210,314,104,NORMAL,9.734009847089167
FL2068,1,272,316,44,NORMAL,9.71476216799079
FL1688,2,304,316,12,NORMAL,9.705868537592586
FL1025,1,281,318,37,NORMAL,9.67432187220596
FL2199,2,216,318,102,NORMAL,9.607373182246578
FL1996,1,272,320,48,NORMAL,9.579641991866268
FL1295,2,233,320,87,NORMAL,9.553304604075652
FL1518,1,258,322,64,NORMAL,9.551195972260356
FL1108,2,229,322,93,NORMAL,9.55098053388121
FL2057,1,230,324,94,NORMAL,9.484363001595836
FL1259,2,263,324,61,NORMAL,9.470071861222877
FL1304,1,239,326,87,NORMAL,9.45265242665957
FL1724,2,239,326,87,NORMAL,9.361222114654794
FL1969,1,234,328,94,NORMAL,9.342505776261904
FL1172,2,247,328,81,NORMAL,9.293226761909724
FL1799,1,247,330,83,NORMAL,9.201748216867188
FL1575,2,237,330,93,NORMAL,9.174836930945999
FL1826,1,229,332,103,NORMAL,9.171451162464772
FL1036,2,228,332,104,NORMAL,9.1684451704318
FL1895,1,217,334,117,NORMAL,9.029367288976516
FL1404,2,248,334,86,NORMAL,9.027932851164227
FL1772,1,248,336,88,NORMAL,9.01126618449756
FL2002,2,244,336,92,NORMAL,8.933861901930424
FL1088,1,235,338,103,NORMAL,8.827422397640728
FL2044,2,233,338,105,NORMAL,8.778718693937023
FL1922,1,243,340,97,NORMAL,8.740227252916169
FL1266,2,210,340,130,NORMAL,8.497822635852456
FL1695,1,292,342,50,NORMAL,8.462636647988486
FL1474,2,253,342,89,NORMAL,8.276084708006202
FL1455,1,273,344,71,NORMAL,8.23131188318599
FL1848,2,216,344,128,NORMAL,7.737145020658921
FL1425,1,294,346,52,NORMAL,7.592364621708708
FL1645,2,256,346,90,NORMAL,7.271617721384394
FL1385,1,298,348,50,NORMAL,7.105766636227162
FL1233,2,218,348,130,NORMAL,6.709428205297371
FL1344,1,223,350,127,NORMAL,6.331706637022067
FL1877,2,219,350,131,NORMAL,6.295575946445113
FL1496,1,337,352,15,NORMAL,13.816248270736553
FL1825,2,342,352,10,NORMAL,13.534652110356514
FL1368,1,344,354,10,NORMAL,13.355981680496985
FL1476,2,344,354,10,NORMAL,12.504632913029008
FL1978,1,331,356,25,NORMAL,12.15261902485717
FL1639,2,368,368,0,NORMAL,11.970839540146176
FL2159,1,381,381,0,NORMAL,11.882738377043745
FL2146,2,361,370,9,NORMAL,11.747370729931752
FL1048,2,369,372,3,NORMAL,11.711725247618205
FL1622,2,369,374,5,NORMAL,11.556911894553137
FL1028,2,337,376,39,NORMAL,11.533989876369775
FL2033,2,356,378,22,NORMAL,11.444456450043198
FL1949,2,381,381,0,NORMAL,11.423958219943797
FL2153,1,383,383,0,NORMAL,11.329199934770584
FL1516,2,365,383,18,NORMAL,11.273977015789189
FL1015,1,392,392,0,NORMAL,11.152783773005513
FL1247,2,365,385,20,NORMAL,11.140021810824784
FL1842,2,380,387,7,NORMAL,11.099873491714702
FL1874,2,394,394,0,NORMAL,11.09875525242446
FL1251,1,353,394,41,NORMAL,10.968586149907411
FL1930,1,387,396,9,NORMAL,10.83443470927314
FL1343,2,387,396,9,NORMAL,10.834070321294345
FL2123,1,381,398,17,NORMAL,10.799264012656854
FL1606,2,370,398,28,NORMAL,10.784611236239614
FL1513,1,388,400,12,NORMAL,10.78061580161355
FL1689,2,370,400,30,NORMAL,10.763422479716255
FL1106,1,314,402,88,NORMAL,10.609002104796124
FL1467,2,357,402,45,NORMAL,10.605226527438612
FL1756,1,374,404,30,NORMAL,10.583653276020852
FL2145,2,357,404,47,NORMAL,10.573081950628634
FL1128,1,359,406,47,NORMAL,10.388875601422288
FL1894,2,396,406,10,NORMAL,10.338693692684465
FL1685,1,379,408,29,NORMAL,10.191374238328684
FL1034,2,397,408,11,NORMAL,10.182128815293185
FL1167,1,373,410,37,NORMAL,10.168316997614397
FL1750,2,331,410,79,NORMAL,10.161831196819797
FL1812,1,381,412,31,NORMAL,9.854533337403153
FL2055,2,314,412,98,NORMAL,9.626934348235654
FL1839,1,359,414,55,NORMAL,9.593114903183201
FL1236,2,311,414,103,NORMAL,9.532093315887028
FL1726,1,314,416,102,NORMAL,9.350695632850892
FL1800,2,337,416,79,NORMAL,9.323155747631066
FL1592,1,331,418,87,NORMAL,9.311060776963496
FL1163,2,332,418,86,NORMAL,9.179734763307843
FL1417,1,377,420,43,NORMAL,9.148458645242048
FL1539,2,386,420,34,NORMAL,9.073852898756414
FL2062,1,323,422,99,NORMAL,8.918781078854161
FL1656,2,319,422,103,NORMAL,8.782425474601137
FL1469,1,329,424,95,NORMAL,8.758297476726188
FL1657,2,343,424,81,NORMAL,8.716357356003739
FL1668,1,335,426,91,NORMAL,8.581901267447819
FL1174,2,323,426,103,NORMAL,8.358829896158605
FL1769,1,318,428,110,NORMAL,8.30544978718796
FL1541,2,336,428,92,NORMAL,8.22400119033134
FL1985,1,328,430,102,NORMAL,8.18872490315194
FL1363,2,321,430,109,NORMAL,7.850321795857824
FL2107,1,353,432,79,NORMAL,7.848330779535683
FL1885,2,312,432,120,NORMAL,7.599401453503447
FL1483,1,316,434,118,NORMAL,7.412930134862829
FL1033,2,341,434,93,NORMAL,6.884322541208968
FL1984,1,446,446,0,NORMAL,11.300432661118156
FL1444,2,456,456,0,NORMAL,11.224392799841134
FL1145,1,469,469,0,NORMAL,11.221325896595125
FL1990,2,463,463,0,NORMAL,11.149595125365728
FL1267,2,517,517,0,NORMAL,11.149595101835413
FL1814,1,472,472,0,NORMAL,11.128770341039571
FL1310,1,474,474,0,NORMAL,11.128770341039571
FL1545,1,487,487,0,NORMAL,11.108305356574586
FL1201,1,491,491,0,NORMAL,11.092645403416006
FL2112,1,478,493,15,NORMAL,11.070554832325435
FL1757,1,417,495,78,NORMAL,11.066559979284536
FL1263,1,428,497,69,NORMAL,11.055448868173425
FL1981,1,517,517,0,NORMAL,11.05361295897827
FL1942,1,474,519,45,NORMAL,11.036904038674642
FL2180,2,432,519,87,NORMAL,11.026048532799628
FL2183,1,434,521,87,NORMAL,10.964852021532295
FL1620,2,406,521,115,NORMAL,10.96425125125053
FL1422,1,414,523,109,NORMAL,10.952912469705991
FL2177,2,442,523,81,NORMAL,10.934340183547416
FL2158,1,412,525,113,NORMAL,10.93314014013942
FL1116,2,514,525,11,NORMAL,10.873899058810023
FL1789,1,518,527,9,NORMAL,10.83261035953205
FL1554,2,455,527,72,NORMAL,10.81230748145552
FL1446,1,471,529,58,NORMAL,10.772216104623148
FL1716,2,467,529,62,NORMAL,10.772216104623148
FL1189,1,426,531,105,NORMAL,10.770096151847248
FL1783,2,484,531,47,NORMAL,10.769741773231301
FL1643,1,491,533,42,NORMAL,10.752447861205631
FL1050,2,512,533,21,NORMAL,10.72030663289224
FL1702,1,406,535,129,NORMAL,10.705495513323212
FL1995,2,418,535,117,NORMAL,10.70511530893537
FL1332,1,427,537,110,NORMAL,10.69400419782426
FL1841,2,421,537,116,NORMAL,10.692162179989879
FL1721,1,440,539,99,NORMAL,10.673670116497815
FL1207,2,403,539,136,NORMAL,10.651672793138518
FL1228,1,515,541,26,NORMAL,10.63147303832689
FL1787,2,412,541,129,NORMAL,10.589853567069254
FL2179,1,460,543,83,NORMAL,10.547522895598647
FL1420,2,440,543,103,NORMAL,10.53287654227144
FL2026,1,405,545,140,NORMAL,10.488058736345243
FL2065,2,404,545,141,NORMAL,10.45944565602391
FL1897,1,478,547,69,NORMAL,10.450760534860473
FL2035,2,462,547,85,NORMAL,10.445154865144804
FL1427,1,431,549,118,NORMAL,10.443309782234094
FL1064,2,399,549,150,NORMAL,10.428773106940666
FL1003,1,477,551,74,NORMAL,10.381288228519157
FL1652,2,441,551,110,NORMAL,10.374390857405055
FL1609,1,460,553,93,NORMAL,10.368438412538351
FL2133,2,495,553,58,NORMAL,10.291646969228621
FL1248,1,401,555,154,NORMAL,10.252049505940258
FL1362,2,401,555,154,NORMAL,10.241285926950482
FL1532,1,450,557,107,NORMAL,10.209006890021017
FL1260,2,461,557,96,NORMAL,10.208172455403382
FL1061,1,458,559,101,NORMAL,10.202873566537294
FL1546,2,404,559,155,NORMAL,10.177049505940259
FL2143,1,520,561,41,NORMAL,10.111612418496112
FL1491,2,452,561,109,NORMAL,10.058820297965413
FL1041,1,489,563,74,NORMAL,10.024977994409838
FL1591,2,481,563,82,NORMAL,9.999684688681752
FL1175,1,401,565,164,NORMAL,9.879159424970313
FL2140,2,605,605,0,NORMAL,11.818642876890031
FL1014,1,612,612,0,NORMAL,11.692935263024372
FL1687,2,600,607,7,NORMAL,11.625655694872814
FL1858,2,611,611,0,NORMAL,11.574631036206403
FL2111,2,603,613,10,NORMAL,11.551690774516139
FL1543,1,618,618,0,NORMAL,11.528459796914182
FL1359,2,613,615,2,NORMAL,11.485970977310085
FL1766,2,612,617,5,NORMAL,11.404639880937646
FL2007,2,605,619,14,NORMAL,11.262772008895748
FL1888,1,535,620,85,NORMAL,10.876342053446752
FL1203,2,526,621,95,NORMAL,10.852130514085097
FL1240,1,589,622,33,NORMAL,10.742769068375603
FL1576,2,570,623,53,NORMAL,10.67860650811229
FL1497,1,521,624,103,NORMAL,10.665529380690986
FL1813,2,532,625,93,NORMAL,10.657703480960835
FL1045,1,575,626,51,NORMAL,10.648123704820494
FL1892,2,546,627,81,NORMAL,10.581236480887934
FL1438,1,558,628,70,NORMAL,10.578595502616947
FL1177,2,566,629,63,NORMAL,10.447423600830588
FL1421,1,546,630,84,NORMAL,10.426772363433322
FL1459,2,596,631,35,NORMAL,10.423440179379947
FL1105,1,597,632,35,NORMAL,10.394630985345248
FL2105,2,559,633,74,NORMAL,10.389375645447396
FL2000,1,562,634,72,NORMAL,10.363603608211937
FL2096,2,568,635,67,NORMAL,10.333872597235304
FL2095,1,596,636,40,NORMAL,10.304467791110666
FL1791,2,554,637,83,NORMAL,10.296959275557553
FL1830,1,546,638,92,NORMAL,10.29446047331483
FL1209,2,589,639,50,NORMAL,10.272475952967701
FL1818,1,522,640,118,NORMAL,10.25032300073056
FL2166,2,550,641,91,NORMAL,10.246793806648162
FL1953,1,527,642,115,NORMAL,10.222545222952784
FL2186,2,540,643,103,NORMAL,10.204674037910468
FL1305,1,542,644,102,NORMAL,10.183570873705555
FL1017,2,581,645,64,NORMAL,10.164929724035177
FL2080,1,594,646,52,NORMAL,10.150486874252088
FL2104,2,525,647,122,NORMAL,10.111612418496112
FL2195,1,569,648,79,NORMAL,10.103384038740286
FL1463,2,607,649,42,NORMAL,10.102105022342352
FL1893,1,531,650,119,NORMAL,10.101034765212578
FL1285,2,598,651,53,NORMAL,10.08169549400615
FL1793,1,536,652,116,NORMAL,9.99464789445128
FL1619,2,551,653,102,NORMAL,9.98539821021388
FL1815,1,545,654,109,NORMAL,9.98539821021388
FL1968,2,557,655,98,NORMAL,9.97316056380232
FL1296,1,543,656,113,NORMAL,9.960215660019047
FL1222,2,531,657,126,NORMAL,9.959326248067855
FL1919,1,535,658,123,NORMAL,9.898248439166517
FL1728,2,535,659,124,NORMAL,9.898248439166517
FL1093,1,549,660,111,NORMAL,9.883768694342331
FL1413,2,544,661,117,NORMAL,9.878467550230587
FL1884,1,537,662,125,NORMAL,9.871123014533524
FL1356,2,536,663,127,NORMAL,9.841382382185769
FL1794,1,609,664,55,NORMAL,9.822301384687345
FL1736,2,602,665,63,NORMAL,9.755154207246054
FL1801,1,589,666,77,NORMAL,9.742466645172996
FL1111,2,532,667,135,NORMAL,9.735783764407723
FL2149,1,580,668,88,NORMAL,9.557694541523198
FL2039,2,603,669,66,NORMAL,9.513264008191063
FL1808,1,598,670,72,NORMAL,9.493532447833262
FL1654,2,619,671,52,NORMAL,11.895559543556697
FL1230,1,620,672,52,NORMAL,11.895559543556697
FL2079,2,627,673,46,NORMAL,11.663671330482254
FL1261,1,623,674,51,NORMAL,11.493342879918243
FL2109,2,628,675,47,NORMAL,11.412464953695936
FL1470,1,627,676,49,NORMAL,11.39150174063294
FL1084,2,710,710,0,NORMAL,11.113659529360786
FL1107,1,623,678,55,NORMAL,11.089521942653139
FL1051,1,707,707,0,NORMAL,10.755781535284653
FL1211,1,634,709,75,NORMAL,10.747210530098137
FL2032,1,640,711,71,NORMAL,10.705433629146043
FL1525,2,629,712,83,NORMAL,10.69623145332622
FL2136,1,641,713,72,NORMAL,10.6063133599429
FL1166,2,629,714,85,NORMAL,10.541970741820196
FL1529,1,636,715,79,NORMAL,10.528091269127163
FL1590,2,641,716,75,NORMAL,10.48770685868844
FL1694,1,643,717,74,NORMAL,10.433266129557834
FL1604,2,701,718,17,NORMAL,10.255528199087554
FL1004,1,647,719,72,NORMAL,10.08481947118599
FL1743,2,667,720,53,NORMAL,10.069606625394197
FL1358,1,647,721,74,NORMAL,10.04081947118599
FL1979,2,649,722,73,NORMAL,10.04081947118599
FL1650,1,656,723,67,NORMAL,10.022031195993355
FL1670,2,665,724,59,NORMAL,9.994923893980493
FL2036,1,668,725,57,NORMAL,9.98159056064716
FL1725,2,666,726,60,NORMAL,9.974939958727528
FL1109,1,647,727,80,NORMAL,9.949071875083217
FL1445,2,647,728,81,NORMAL,9.917442217850443
FL1882,1,657,729,72,NORMAL,9.904703792715134
FL1439,2,674,730,56,NORMAL,9.900059273595746
FL2087,1,672,731,59,NORMAL,9.889461123887523
FL2006,2,671,732,61,NORMAL,9.876127790554191
FL1286,1,653,733,80,NORMAL,9.86714823715958
FL1948,2,661,734,73,NORMAL,9.847967703929863
FL2191,1,664,735,71,NORMAL,9.845640300651642
FL1138,2,671,736,65,NORMAL,9.838049330634986
FL1771,1,658,737,79,NORMAL,9.82037818406455
FL1820,2,678,738,60,NORMAL,9.804930999292884
FL1340,1,680,739,59,NORMAL,9.73062073160327
FL1680,2,687,740,53,NORMAL,9.707260891370883
FL1468,1,662,741,79,NORMAL,9.690536914223276
FL1086,2,684,742,58,NORMAL,9.687788502522373
FL1164,1,660,743,83,NORMAL,9.670971513028114
FL2047,2,689,744,55,NORMAL,9.637740827698869
FL1232,1,694,745,51,NORMAL,9.539412834860002
FL1929,2,691,746,55,NORMAL,9.53354738067143
FL1078,1,678,747,69,NORMAL,9.50932785582446
FL1307,2,706,748,42,NORMAL,9.461995160984497
FL1273,1,678,749,71,NORMAL,9.377357365024174
FL2097,2,699,750,51,NORMAL,9.369476673600726
FL1672,1,684,751,67,NORMAL,9.3629059240888
FL1906,2,675,752,77,NORMAL,9.304754940949598
FL1302,1,686,753,67,NORMAL,9.139945237210084
FL1618,2,700,754,54,NORMAL,9.100840309964365
FL1880,1,710,755,45,NORMAL,8.989793325034466
FL1961,2,704,756,52,NORMAL,8.95598093027519
FL1931,1,674,757,83,NORMAL,8.94706181925648
FL1753,2,711,758,47,NORMAL,8.824261612264076
FL1057,1,693,759,66,NORMAL,8.524833575096862
FL1947,2,700,760,60,NORMAL,8.312864811833983
FL1100,1,726,761,35,NORMAL,10.898824407502639
FL2129,2,745,762,17,NORMAL,10.889258484155857
FL1982,1,756,763,7,NORMAL,10.79753500069456
FL2155,2,754,764,10,NORMAL,10.761512501431547
FL2016,1,753,765,12,NORMAL,10.738905565214042
FL1183,2,737,766,29,NORMAL,10.703636275483886
FL2098,1,760,767,7,NORMAL,10.63856876495897
FL2067,2,716,768,52,NORMAL,10.612609450689906
FL2017,1,771,771,0,NORMAL,10.574031065495868
FL1219,2,734,770,36,NORMAL,10.57308066106013
FL1243,2,713,772,59,NORMAL,10.547516931844394
FL1887,1,770,773,3,NORMAL,10.527301943633093
FL1114,2,778,778,0,NORMAL,10.507591106494955
FL1080,1,755,775,20,NORMAL,10.501671684683934
FL1594,1,780,780,0,NORMAL,10.44689724219565
FL1862,2,748,780,32,NORMAL,10.425936255949805
FL1068,1,754,782,28,NORMAL,10.388989546149107
FL1090,2,738,782,44,NORMAL,10.352858199532312
FL2021,1,775,784,9,NORMAL,10.342632125407915
FL1845,2,774,784,10,NORMAL,10.342632125407915
FL2181,1,748,786,38,NORMAL,10.313992372365758
FL1316,2,767,786,19,NORMAL,10.311048792074581
FL1005,1,779,788,9,NORMAL,10.300635588528161
FL1599,2,733,788,55,NORMAL,10.28313165043007
FL1350,1,726,790,64,NORMAL,10.271369349873813
FL1514,2,722,790,68,NORMAL,10.271369349873813
FL1006,1,778,792,14,NORMAL,10.244646901019278
FL1520,2,715,792,77,NORMAL,10.228647653025837
FL1673,1,771,794,23,NORMAL,10.220000436372814
FL2003,2,772,794,22,NORMAL,10.220000436372814
FL1102,1,809,809,0,NORMAL,10.215511102561049
FL1148,2,805,805,0,NORMAL,10.215511102561049
FL1819,2,804,807,3,NORMAL,10.207735151096982
FL2030,2,781,809,28,NORMAL,10.203081347906561
FL2053,1,785,811,26,NORMAL,10.203081347906561
FL1341,2,781,811,30,NORMAL,10.197024791661221
FL2100,1,771,813,42,NORMAL,10.18841710303948
FL1480,2,786,813,27,NORMAL,10.17061916180704
FL2014,1,794,815,21,NORMAL,10.17061916180704
FL1098,2,795,815,20,NORMAL,10.17061916180704
FL1130,1,782,817,35,NORMAL,10.137755073669283
FL2040,2,753,817,64,NORMAL,10.137003206562767
FL1684,1,743,819,76,NORMAL,10.116951404222105
FL1457,2,796,819,23,NORMAL,10.090892049161907
FL2172,1,784,821,37,NORMAL,10.008554386824244
FL1280,2,781,821,40,NORMAL,10.008554386824244
FL1269,1,802,823,21,NORMAL,9.991662597605075
FL1865,2,790,823,33,NORMAL,9.979982958252815
FL1544,1,722,825,103,NORMAL,9.967833953422327
FL1152,2,808,825,17,NORMAL,9.942352084024902
FL1549,1,790,827,37,NORMAL,9.810667469146818
FL1987,2,804,827,23,NORMAL,9.72183508608855
FL1085,1,717,829,112,NORMAL,9.646125579335646
FL1625,2,757,829,72,NORMAL,9.609239966527877
FL1638,1,716,831,115,NORMAL,9.46870704770044
FL1540,2,735,831,96,NORMAL,9.461007764521034
FL1292,1,728,833,105,NORMAL,9.436007764521033
FL1871,2,725,833,108,NORMAL,9.375324939694497
FL1593,1,761,835,74,NORMAL,9.31577456138335
FL2019,2,714,835,121,NORMAL,9.217814391232466
FL1426,1,888,888,0,NORMAL,10.672997520266954
FL1355,2,855,855,0,NORMAL,10.623762872288484
FL1886,2,845,857,12,NORMAL,10.623084209019158
FL1149,2,855,859,4,NORMAL,10.592397690148347
FL1486,2,851,861,10,NORMAL,10.585754370826136
FL1101,2,884,884,0,NORMAL,10.517668054218767
FL1196,2,879,886,7,NORMAL,10.465168054218767
FL1046,2,837,888,51,NORMAL,10.455762012536901
FL1613,1,877,890,13,NORMAL,10.455168054218767
FL1526,2,828,890,62,NORMAL,10.359268035711917
FL1980,1,831,892,61,NORMAL,10.359268035711917
FL2001,2,847,892,45,NORMAL,10.34801254544803
FL2037,1,823,894,71,NORMAL,10.339058800502682
FL1945,2,812,894,82,NORMAL,10.32492966708831
FL1864,1,850,896,46,NORMAL,10.323438849207749
FL1765,2,818,896,78,NORMAL,10.319704457854082
FL1073,1,828,898,70,NORMAL,10.319322789399585
FL1918,2,826,898,72,NORMAL,10.319322789399585
FL1271,1,835,900,65,NORMAL,10.314652963304342
FL2124,2,881,900,19,NORMAL,10.305888829790831
FL1406,1,820,902,82,NORMAL,10.299113554190352
FL1773,2,882,902,20,NORMAL,10.296999940901943
FL1191,1,857,904,47,NORMAL,10.273770414597676
FL2024,2,822,904,82,NORMAL,10.264951238327278
FL1662,1,845,906,61,NORMAL,10.228790377021204
FL1374,2,883,906,23,NORMAL,10.22441924669142
FL1962,1,838,908,70,NORMAL,10.179718103187142
FL1612,2,881,908,27,NORMAL,10.139727930226014
FL1131,1,826,910,84,NORMAL,10.107073519720586
FL2081,2,840,910,70,NORMAL,10.10040914496718
FL1515,1,865,912,47,NORMAL,10.077524620533344
FL2198,2,844,912,68,NORMAL,10.074040888740768
FL1142,1,834,914,80,NORMAL,10.052902491083406
FL1873,2,824,914,90,NORMAL,10.048218563950204
FL1946,1,886,916,30,NORMAL,10.025855145793138
FL1553,2,827,916,89,NORMAL,10.021205576937218
FL1321,1,838,918,80,NORMAL,10.01841341247573
FL2051,2,840,918,78,NORMAL,10.0170800791424
FL1957,1,842,920,78,NORMAL,10.001458285728438
FL1147,2,816,920,104,NORMAL,9.94012986180268
FL1255,1,860,922,62,NORMAL,9.9185806170215
FL1840,2,878,922,44,NORMAL,9.904730561630474
FL1600,1,823,924,101,NORMAL,9.8978121657533
FL1155,2,821,924,103,NORMAL,9.87749470543584
FL1802,1,870,926,56,NORMAL,9.873619450519366
FL1846,2,866,926,60,NORMAL,9.873619450519366
FL1314,1,873,928,55,NORMAL,9.870409219879404
FL1225,2,892,928,36,NORMAL,9.856433541774237
FL1829,1,863,930,67,NORMAL,9.802414322314235
FL2120,2,853,930,77,NORMAL,9.70552919588385
FL2135,1,872,932,60,NORMAL,9.685073297235503
FL1318,2,867,932,65,NORMAL,9.651697902913737
FL1300,1,892,934,42,NORMAL,9.536681056578072
FL1921,2,847,934,87,NORMAL,9.524754917947881
FL1816,1,871,936,65,NORMAL,9.398873894066552
FL1850,2,856,936,80,NORMAL,9.179511251304072
FL1063,1,866,938,72,NORMAL,9.121227061569932
FL1401,2,867,938,71,NORMAL,9.112338172681042
FL1556,1,860,940,80,NORMAL,9.010133044475914
FL1994,2,862,940,78,NORMAL,8.984021933364804
FL1999,1,934,942,8,NORMAL,10.505758054743675
FL2045,2,893,942,49,NORMAL,10.475900011979702
FL1939,1,953,953,0,NORMAL,10.465292950706859
FL1975,2,916,944,28,NORMAL,10.464098642653614
FL1607,2,920,946,26,NORMAL,10.447217931585403
FL1253,2,894,948,54,NORMAL,10.321071989217154
FL1176,2,940,950,10,NORMAL,10.320276573262195
FL1581,2,939,952,13,NORMAL,10.304165462151085
FL2193,2,913,954,41,NORMAL,10.245873874621871
FL1471,1,924,955,31,NORMAL,10.188570612125021
FL1860,2,918,956,38,NORMAL,10.183132555448397
FL1347,1,925,957,32,NORMAL,10.151987586907419
FL1074,2,929,958,29,NORMAL,10.148030386082988
FL1352,1,942,959,17,NORMAL,10.124428179427227
FL1213,2,900,960,60,NORMAL,10.115045851859325
FL1519,1,973,973,0,NORMAL,10.08006724668533
FL1169,2,982,982,0,NORMAL,10.06583241235339
FL1124,1,951,975,24,NORMAL,10.06239160726399
FL1258,1,991,991,0,NORMAL,10.039707048677364
FL1597,2,975,984,9,NORMAL,10.02578220905076
FL1833,2,988,988,0,NORMAL,10.025704207225186
FL1200,2,933,990,57,NORMAL,10.021687955073457
FL1745,2,955,992,37,NORMAL,10.018672309018376
FL1651,1,933,993,60,NORMAL,9.985576843962345
FL1221,2,933,994,61,NORMAL,9.985576843962345
FL1564,1,920,995,75,NORMAL,9.973192501060703
FL2048,2,966,996,30,NORMAL,9.970878863439372
FL1134,1,954,997,43,NORMAL,9.967022946733467
FL1585,2,981,998,17,NORMAL,9.964743946540775
FL1461,1,945,999,54,NORMAL,9.960423800029632
FL1043,2,902,1000,98,NORMAL,9.939198684869227
FL1411,1,908,1001,93,NORMAL,9.905271729866218
FL1447,2,979,1002,23,NORMAL,9.900792508841096
FL1555,1,895,1003,108,NORMAL,9.891981092276632
FL1901,2,895,1004,109,NORMAL,9.891981092276632
FL1822,1,923,1005,82,NORMAL,9.891738133617707
FL1574,2,930,1006,76,NORMAL,9.877780073613692
FL1870,1,921,1007,86,NORMAL,9.830107963427675
FL1951,2,923,1008,85,NORMAL,9.830107963427675
FL1635,1,960,1009,49,NORMAL,9.828223508479885
FL1217,2,927,1010,83,NORMAL,9.783441296761008
FL1631,1,976,1011,35,NORMAL,9.775513043073552
FL1095,2,901,1012,111,NORMAL,9.761728726230361
FL1890,1,973,1013,40,NORMAL,9.732899113453499
FL1915,2,988,1014,26,NORMAL,9.672543868612177
FL1185,1,973,1015,42,NORMAL,9.662398954428609
FL1561,2,903,1016,113,NORMAL,9.604414866900836
FL1941,1,928,1017,89,NORMAL,9.599265830005288
FL1184,2,975,1018,43,NORMAL,9.596421015488653
FL1900,1,987,1019,32,NORMAL,9.565790051435467
FL1521,2,966,1020,54,NORMAL,9.498912990604486
FL1790,1,956,1021,65,NORMAL,9.49176820688869
FL1511,2,947,1022,75,NORMAL,9.474837501283384
FL1409,1,940,1023,83,NORMAL,9.438726390172274
FL2099,2,979,1024,45,NORMAL,9.380616565653058
FL1905,1,970,1025,55,NORMAL,9.376847381557088
FL1044,2,972,1026,54,NORMAL,9.376847381557088
FL1714,1,968,1027,59,NORMAL,9.37018071489042
FL1805,2,965,1028,63,NORMAL,9.329439974149679
FL1431,1,982,1029,47,NORMAL,9.315417068307461
FL1935,2,1092,1092,0,NORMAL,11.052419138310663
FL1916,1,1081,1081,0,NORMAL,10.826574096140689
FL1664,1,1097,1097,0,NORMAL,10.782766564240545
FL1861,2,1080,1094,14,NORMAL,10.611348205498329
FL2102,2,1088,1096,8,NORMAL,10.607411122377862
FL2005,2,1070,1098,28,NORMAL,10.584476560702377
FL2151,1,1084,1099,15,NORMAL,10.44381279266574
FL1011,2,1088,1100,12,NORMAL,10.39039143569363
FL1329,1,1095,1101,6,NORMAL,10.35564041366088
FL2168,2,1046,1102,56,NORMAL,10.33635035151971
FL1342,1,1096,1103,7,NORMAL,10.322712891944
FL1973,2,1046,1104,58,NORMAL,10.276720721890081
FL1598,1,1067,1105,38,NORMAL,10.260343036828347
FL2185,2,1091,1106,15,NORMAL,10.208586100764121
FL1683,1,1066,1107,41,NORMAL,10.173949216902194
FL1856,2,1053,1108,55,NORMAL,10.115338748647998
FL1718,1,1092,1109,17,NORMAL,10.109528401373899
FL1932,2,1083,1110,27,NORMAL,10.100015211205827
FL1449,1,1006,1111,105,NORMAL,10.071260866348537
FL2012,2,1003,1112,109,NORMAL,10.061057301727216
FL1118,1,1067,1113,46,NORMAL,10.060006462015307
FL1012,2,1020,1114,94,NORMAL,10.058207538726077
FL1760,1,1028,1115,87,NORMAL,10.058207538726077
FL1733,2,1048,1116,68,NORMAL,10.053777057699072
FL1153,1,1041,1117,76,NORMAL,10.041009599181923
FL1974,2,1051,1118,67,NORMAL,10.03015623407825
FL1274,1,1034,1119,85,NORMAL,10.018207538726077
FL1682,2,1045,1120,75,NORMAL,10.014115124966626
FL1665,1,1064,1121,57,NORMAL,9.987472840399892
FL1727,2,1075,1122,47,NORMAL,9.97671483596686
FL1262,1,1097,1123,26,NORMAL,9.972161175836979
FL1785,2,1070,1124,54,NORMAL,9.97154254283695
FL1291,1,1037,1125,88,NORMAL,9.966224458442595
FL1560,2,1073,1126,53,NORMAL,9.953376817227307
FL1405,1,1019,1127,108,NORMAL,9.940887406817419
FL1277,2,1052,1128,76,NORMAL,9.90363852868031
FL1156,1,1021,1129,108,NORMAL,9.888506454436467
FL1993,2,1063,1130,67,NORMAL,9.84736082757712
FL1904,1,1067,1131,64,NORMAL,9.84736082757712
FL2028,2,1035,1132,97,NORMAL,9.844927810857826
FL1883,1,1076,1133,57,NORMAL,9.842607235258475
FL1087,2,1097,1134,37,NORMAL,9.840436217854736
FL1770,1,1045,1135,90,NORMAL,9.799927810857826
FL1231,2,1045,1136,91,NORMAL,9.799927810857826
FL1602,1,1055,1137,82,NORMAL,9.792180736246962
FL1960,2,1058,1138,80,NORMAL,9.791694160910454
FL1843,1,1016,1139,123,NORMAL,9.770134029757719
FL1700,2,1071,1140,69,NORMAL,9.766595641284816
FL1056,1,1039,1141,102,NORMAL,9.753222052845743
FL1096,2,1075,1142,67,NORMAL,9.74756450021574
FL1192,1,997,1143,146,NORMAL,9.738179014396259
FL1972,2,1026,1144,118,NORMAL,9.718478453096058
FL1983,1,1004,1145,141,NORMAL,9.71692364156059
FL1398,2,1096,1146,50,NORMAL,9.708101619649051
FL1634,1,1030,1147,117,NORMAL,9.699993894792096
FL1505,2,1032,1148,116,NORMAL,9.6915400201511
FL2090,1,1034,1149,115,NORMAL,9.686660561458764
FL1776,2,992,1150,158,NORMAL,9.674034752671702
FL1139,1,1010,1151,141,NORMAL,9.603316708761222
FL1658,2,992,1152,160,NORMAL,9.581906588871407
FL1747,1,1169,1169,0,NORMAL,10.657398037176135
FL1876,2,1177,1177,0,NORMAL,10.603876794045785
FL1838,1,1171,1171,0,NORMAL,10.58138014967837
FL2074,1,1150,1173,23,NORMAL,10.442053092367189
FL1730,1,1100,1175,75,NORMAL,10.277565549681066
FL1872,1,1171,1177,6,NORMAL,10.257919358946681
FL1319,1,1139,1179,40,NORMAL,10.24375029899268
FL1308,2,1152,1179,27,NORMAL,10.207556778037034
FL1741,1,1157,1181,24,NORMAL,10.1726656263907
FL1436,2,1172,1181,9,NORMAL,10.146859366905664
FL1313,1,1157,1183,26,NORMAL,10.128667889148147
FL1031,2,1154,1183,29,NORMAL,10.128667889148147
FL2086,1,1161,1185,24,NORMAL,10.124982629558435
FL1988,2,1157,1185,28,NORMAL,10.080222151256372
FL1563,1,1098,1187,89,NORMAL,10.048583238059164
FL1187,2,1174,1187,13,NORMAL,10.036223950824951
FL2009,1,1130,1189,59,NORMAL,9.952161534720457
FL1026,2,1150,1189,39,NORMAL,9.90978370685326
FL1315,1,1146,1191,45,NORMAL,9.851212278281832
FL2011,2,1138,1191,53,NORMAL,9.843072353010468
FL2049,1,1138,1193,55,NORMAL,9.833391053939305
FL1335,2,1137,1193,56,NORMAL,9.809236015327565
FL1132,1,1161,1195,34,NORMAL,9.798569958477575
FL1197,2,1126,1195,69,NORMAL,9.792627294775885
FL1071,1,1159,1197,38,NORMAL,9.776162883232434
FL1024,2,1156,1197,41,NORMAL,9.770397990336104
FL1674,1,1137,1199,62,NORMAL,9.73899093113952
FL1039,2,1139,1199,60,NORMAL,9.717903536477316
FL1282,1,1106,1201,95,NORMAL,9.713620701483025
FL1832,2,1134,1201,67,NORMAL,9.685613974187751
FL1324,1,1098,1203,105,NORMAL,9.655058001233803
FL2187,2,1103,1203,100,NORMAL,9.607768272848997
FL2041,1,1172,1205,33,NORMAL,9.604544607661184
FL2121,2,1164,1205,41,NORMAL,9.573772034179655
FL1628,1,1167,1207,40,NORMAL,9.542237743989984
FL1066,2,1124,1207,83,NORMAL,9.532989245434065
FL1482,1,1119,1209,90,NORMAL,9.496095818225738
FL1168,2,1177,1209,32,NORMAL,9.46150683261843
FL1535,1,1126,1211,85,NORMAL,9.456232865525557
FL1659,2,1132,1211,79,NORMAL,9.453616570520346
FL1047,1,1128,1213,85,NORMAL,9.453084369055388
FL1075,2,1175,1213,38,NORMAL,9.452087066853307
FL1566,1,1138,1215,77,NORMAL,9.444410221313994
FL1000,2,1130,1215,85,NORMAL,9.385045141948915
FL1371,1,1110,1217,107,NORMAL,9.373956476086397
FL1136,2,1110,1217,107,NORMAL,9.359763930234953
FL1849,1,1106,1219,113,NORMAL,9.3426269961203
FL1493,2,1122,1219,97,NORMAL,9.268846391690813
FL1744,1,1125,1221,96,NORMAL,9.259158496288421
FL1633,2,1117,1221,104,NORMAL,9.209995002878935
FL1573,1,1123,1223,100,NORMAL,9.203135099497292
FL2164,2,1114,1223,109,NORMAL,9.173610288384227
FL1384,1,1108,1225,117,NORMAL,9.156756507971094
FL1768,2,1108,1225,117,NORMAL,9.13156077890141
FL1382,1,1107,1227,120,NORMAL,9.110120375939601
FL1666,2,1104,1227,123,NORMAL,9.030884566758166
FL1465,1,1105,1229,124,NORMAL,8.935880190112718
FL1146,2,1111,1229,118,NORMAL,8.819035557054786
FL2083,1,1108,1231,123,NORMAL,8.55362149591942
FL1797,2,1109,1231,122,NORMAL,8.427907210205136
FL1325,1,1205,1233,28,NORMAL,11.445411472095081
FL1055,2,1204,1233,29,NORMAL,11.368239341952519
FL1831,1,1206,1235,29,NORMAL,11.305572675285852
FL1150,2,1233,1235,2,NORMAL,11.068801451611654
FL1327,1,1209,1237,28,NORMAL,11.016210880976292
FL1828,2,1209,1237,28,NORMAL,10.997921081758209
FL2184,1,1196,1239,43,NORMAL,10.991801673601003
FL1722,2,1201,1239,38,NORMAL,10.972351285471497
FL2160,1,1235,1241,6,NORMAL,10.968348358713724
FL1583,2,1236,1241,5,NORMAL,10.866598588874817
FL1778,1,1232,1243,11,NORMAL,10.854058716964898
FL1824,2,1205,1243,38,NORMAL,10.853423353595801
FL2161,1,1211,1245,34,NORMAL,10.821378662234167
FL1378,2,1195,1245,50,NORMAL,10.801855776599941
FL2132,1,1201,1247,46,NORMAL,10.741600911182784
FL1655,2,1213,1247,34,NORMAL,10.728633241932435
FL1524,1,1238,1249,11,NORMAL,10.66398513186803
FL1964,2,1200,1249,49,NORMAL,10.638417958181627
FL1337,1,1181,1251,70,NORMAL,10.577210127379118
FL2025,2,1188,1251,63,NORMAL,10.517126183216826
FL1462,1,1198,1253,55,NORMAL,10.511806847070515
FL2110,2,1227,1253,26,NORMAL,10.502391547902073
FL1595,1,1206,1255,49,NORMAL,10.428384857348897
FL2142,2,1236,1255,19,NORMAL,10.406872354915954
FL1367,1,1226,1257,31,NORMAL,10.364664571686347
FL1481,2,1214,1257,43,NORMAL,10.362049491724637
FL2137,1,1234,1259,25,NORMAL,10.188908438309364
FL1393,2,1227,1259,32,NORMAL,10.13030090485209
FL2165,1,1215,1261,46,NORMAL,10.112699035156036
FL2010,2,1214,1261,47,NORMAL,10.062350086898626
FL1275,1,1230,1263,33,NORMAL,10.05961413433154
FL1879,2,1221,1263,42,NORMAL,10.029877301775578
FL1616,1,1220,1265,45,NORMAL,10.014524205353924
FL1636,2,1218,1265,47,NORMAL,9.947159503173417
FL1503,1,1179,1267,88,NORMAL,9.82505393337748
FL1629,2,1215,1267,52,NORMAL,9.765533081494414
FL2167,1,1194,1269,75,NORMAL,9.720225732578248
FL1454,2,1186,1269,83,NORMAL,9.664599598278633
FL2106,1,1240,1271,31,NORMAL,9.648838821451818
FL1407,2,1241,1271,30,NORMAL,9.648432630225843
FL1570,1,1240,1273,33,NORMAL,9.64224231529783
FL1754,2,1255,1273,18,NORMAL,9.560053483618328
FL1103,1,1254,1275,21,NORMAL,9.560053483618328
FL2066,2,1180,1275,95,NORMAL,9.552171708302282
FL1229,1,1230,1277,47,NORMAL,9.47835723639965
FL1784,2,1225,1277,52,NORMAL,9.467571486150359
FL1135,1,1185,1279,94,NORMAL,9.456428495126508
FL2147,2,1218,1279,61,NORMAL,9.449180954792162
FL1303,1,1260,1281,21,NORMAL,9.319872487873386
FL1582,2,1245,1281,36,NORMAL,9.275294258177995
FL2115,1,1253,1283,30,NORMAL,9.266831896497843
FL1089,2,1254,1283,29,NORMAL,9.256470029826342
FL1143,1,1262,1285,23,NORMAL,9.231740465505258
FL2082,2,1240,1285,45,NORMAL,9.169903747548394
FL1395,1,1259,1287,28,NORMAL,9.157432758684143
FL1257,2,1249,1287,38,NORMAL,9.128918562344197
FL1587,1,1264,1289,25,NORMAL,9.110942648794031
FL1691,2,1243,1289,46,NORMAL,8.736402816740297
FL2154,1,1245,1291,46,NORMAL,8.634834184736382
FL2018,2,1249,1291,42,NORMAL,8.44740513462442
FL1644,1,1289,1293,4,NORMAL,10.232526296802952
FL1361,2,1298,1298,0,NORMAL,10.22039379162697
FL1238,1,1310,1310,0,NORMAL,10.11137482496764
FL1410,2,1347,1347,0,NORMAL,10.108412157540366
FL2128,1,1355,1355,0,NORMAL,10.063357148086622
FL1019,2,1310,1349,39,NORMAL,10.049692101704624
FL1911,2,1329,1351,22,NORMAL,10.023450317101567
FL1696,2,1309,1353,44,NORMAL,9.952792784809095
FL1795,2,1297,1355,58,NORMAL,9.903062248288503
FL1206,1,1324,1357,33,NORMAL,9.881728309269256
FL1151,2,1302,1357,55,NORMAL,9.880710238444323
FL2175,1,1288,1359,71,NORMAL,9.849555690557805
FL1715,2,1344,1359,15,NORMAL,9.826142265915724
FL1589,1,1369,1369,0,NORMAL,9.803214839461964
FL1437,2,1337,1361,24,NORMAL,9.799530419439789
FL1178,2,1354,1363,9,NORMAL,9.790008444964041
FL1117,2,1316,1365,49,NORMAL,9.769258997765224
FL1637,2,1340,1367,27,NORMAL,9.737517385291234
FL1804,2,1359,1369,10,NORMAL,9.714889388519824
FL2023,1,1327,1371,44,NORMAL,9.696986399559854
FL1647,2,1319,1371,52,NORMAL,9.696341706600974
FL1711,1,1357,1373,16,NORMAL,9.69248275920143
FL1534,2,1306,1373,67,NORMAL,9.657687350329835
FL2126,1,1329,1375,46,NORMAL,9.651788940294457
FL1572,2,1333,1375,42,NORMAL,9.643931526705375
FL1091,1,1334,1377,43,NORMAL,9.643931526705375
FL1963,2,1322,1377,55,NORMAL,9.642159310664828
FL1909,1,1336,1379,43,NORMAL,9.635169170887876
FL1268,2,1275,1379,104,NORMAL,9.628835273263675
FL1215,1,1269,1381,112,NORMAL,9.623149206610083
FL1484,2,1331,1381,50,NORMAL,9.61726486003871
FL1323,1,1329,1383,54,NORMAL,9.607738574560098
FL1933,2,1321,1383,62,NORMAL,9.597523207711605
FL1693,1,1329,1385,56,NORMAL,9.592722517963747
FL1504,2,1275,1385,110,NORMAL,9.587988278728156
FL2127,1,1359,1387,28,NORMAL,9.524436972105631
FL1803,2,1293,1387,94,NORMAL,9.488137611688222
FL2190,1,1362,1389,27,NORMAL,9.45161496297152
FL1458,2,1273,1389,116,NORMAL,9.44580427835489
FL1381,1,1348,1391,43,NORMAL,9.376773523319102
FL1326,2,1368,1391,23,NORMAL,9.348233213022079
FL2004,1,1353,1393,40,NORMAL,9.342713655337972
FL2117,2,1358,1393,35,NORMAL,9.328233213022077
FL1512,1,1364,1395,31,NORMAL,9.328233213022077
FL1212,2,1289,1395,106,NORMAL,9.323219263380006
FL1623,1,1272,1397,125,NORMAL,9.320074657712604
FL1320,2,1286,1397,111,NORMAL,9.297024216350689
FL1309,1,1286,1399,113,NORMAL,9.290612425773167
FL1099,2,1284,1399,115,NORMAL,9.285951581291458
FL2192,1,1349,1401,52,NORMAL,9.274037443163316
FL1938,2,1294,1401,107,NORMAL,9.257390547321949
FL1394,1,1368,1403,35,NORMAL,9.25328856942461
FL1264,2,1285,1403,118,NORMAL,9.250681145612544
FL1809,1,1366,1405,39,NORMAL,9.184660054375998
FL2064,2,1358,1405,47,NORMAL,9.140288569424609
FL1365,1,1281,1407,126,NORMAL,9.117943033579087
FL2008,2,1264,1407,143,NORMAL,9.072086413772066
FL1218,1,1356,1409,53,NORMAL,9.064471292687628
FL2075,2,1272,1409,137,NORMAL,9.01190067884821
FL1193,1,1268,1411,143,NORMAL,8.925241807902774
FL1171,2,1442,1442,0,NORMAL,9.916973316200915
FL1293,1,1443,1443,0,NORMAL,9.916973316200915
FL1835,2,1388,1444,56,NORMAL,9.895142064451095
FL1866,1,1396,1445,49,NORMAL,9.858279319353056
FL2077,2,1452,1452,0,NORMAL,9.854762362854059
FL1601,1,1476,1476,0,NORMAL,9.808129299483783
FL1464,2,1383,1454,71,NORMAL,9.755695416186654
FL2058,2,1385,1456,71,NORMAL,9.738372842808936
FL1878,2,1382,1458,76,NORMAL,9.708895718625932
FL1399,2,1381,1460,79,NORMAL,9.696900703407316
FL1527,2,1399,1462,63,NORMAL,9.674023234256277
FL2113,2,1450,1464,14,NORMAL,9.652714763668488
FL1709,2,1421,1466,45,NORMAL,9.642100736378772
FL2059,2,1450,1468,18,NORMAL,9.636185133899478
FL1913,2,1433,1470,37,NORMAL,9.604253975426419
FL1851,2,1442,1472,30,NORMAL,9.604253975426419
FL1472,2,1394,1474,80,NORMAL,9.59857052449259
FL1798,2,1403,1476,73,NORMAL,9.596242989042848
FL1490,1,1403,1478,75,NORMAL,9.596242989042848
FL2189,2,1431,1478,47,NORMAL,9.58442631777412
FL1956,1,1393,1480,87,NORMAL,9.57892288310078
FL1977,2,1496,1496,0,NORMAL,9.568827820420726
FL1032,1,1443,1482,39,NORMAL,9.549759651107454
FL1311,1,1419,1484,65,NORMAL,9.545559978578556
FL1478,1,1408,1486,78,NORMAL,9.545559978578556
FL1173,1,1382,1488,106,NORMAL,9.542198263795388
FL1596,1,1390,1490,100,NORMAL,9.536851671316045
FL1357,1,1427,1492,65,NORMAL,9.526314480446596
FL2152,1,1489,1494,5,NORMAL,9.51953161573443
FL1160,1,1473,1496,23,NORMAL,9.500315191395797
FL1855,1,1467,1498,31,NORMAL,9.493681374188538
FL1719,2,1466,1498,32,NORMAL,9.485508335787372
FL1448,1,1466,1500,34,NORMAL,9.485508335787372
FL1349,2,1459,1500,41,NORMAL,9.475937172072127
FL1720,1,1453,1502,49,NORMAL,9.455164247283959
FL1020,2,1434,1502,68,NORMAL,9.45408250973389
FL2114,1,1443,1504,61,NORMAL,9.45408250973389
FL1002,2,1437,1504,67,NORMAL,9.45408250973389
FL1312,1,1462,1506,44,NORMAL,9.446454281733317
FL1970,2,1370,1506,136,NORMAL,9.43949805397682
FL1159,1,1492,1508,16,NORMAL,9.436469228534591
FL1052,2,1462,1508,46,NORMAL,9.435937172072128
FL1387,1,1463,1510,47,NORMAL,9.435846578763364
FL1283,2,1406,1510,104,NORMAL,9.434350250065988
FL1704,1,1446,1512,66,NORMAL,9.427357076342629
FL1912,2,1420,1512,92,NORMAL,9.418187055621543
FL1016,1,1434,1514,80,NORMAL,9.415357076342628
FL1917,2,1453,1514,61,NORMAL,9.387688802130715
FL1007,1,1417,1516,99,NORMAL,9.369298166732655
FL1110,2,1416,1516,100,NORMAL,9.369134711235027
FL1774,1,1461,1518,57,NORMAL,9.36747638383006
FL1182,2,1382,1518,136,NORMAL,9.34559963730102
FL1707,1,1478,1520,42,NORMAL,9.328748323519937
FL1001,2,1484,1520,36,NORMAL,9.326474624668643
FL2022,1,1487,1522,35,NORMAL,9.31314129133531
FL1640,2,1380,1522,142,NORMAL,9.242662331796023
FL1881,1,1381,1524,143,NORMAL,9.242662331796023
FL1502,2,1377,1524,147,NORMAL,9.221717688198558
FL1122,1,1466,1526,60,NORMAL,9.104390479634858
FL1823,2,1469,1526,57,NORMAL,9.000949928312368
FL1297,1,1573,1573,0,NORMAL,10.534808315769656
FL1777,2,1567,1567,0,NORMAL,10.27658113630703
FL1424,2,1585,1585,0,NORMAL,10.070000609688856
FL2071,1,1583,1583,0,NORMAL,10.070000609688856
FL1739,1,1523,1585,62,NORMAL,10.049723873025306
FL1224,1,1525,1587,62,NORMAL,10.022692434116074
FL1958,2,1587,1587,0,NORMAL,9.988441133999133
FL1186,1,1593,1593,0,NORMAL,9.928744164302165
FL1786,2,1594,1594,0,NORMAL,9.918417937820326
FL1419,1,1594,1595,1,NORMAL,9.918417937820326
FL1690,2,1573,1596,23,NORMAL,9.90876542669428
FL1764,1,1505,1597,92,NORMAL,9.86709287685787
FL1179,2,1540,1598,58,NORMAL,9.825854080176931
FL1699,1,1557,1599,42,NORMAL,9.815446804221063
FL2092,2,1556,1600,44,NORMAL,9.803205452376146
FL2038,1,1507,1601,94,NORMAL,9.796849933468787
FL1758,2,1523,1602,79,NORMAL,9.788344906519791
FL1966,1,1564,1603,39,NORMAL,9.71074193662158
FL2134,2,1596,1604,8,NORMAL,9.689424786202856
FL1943,1,1563,1605,42,NORMAL,9.676715203603461
FL1500,2,1521,1606,85,NORMAL,9.674762584501181
FL1914,1,1532,1607,75,NORMAL,9.67449725219017
FL1070,2,1522,1608,86,NORMAL,9.665170303345189
FL2171,1,1581,1609,28,NORMAL,9.65864050845734
FL1936,2,1597,1610,13,NORMAL,9.63501462674139
FL1180,1,1597,1611,14,NORMAL,9.618309278219257
FL1479,2,1594,1612,18,NORMAL,9.606695299010296
FL1507,1,1533,1613,80,NORMAL,9.605973135543845
FL1568,2,1564,1614,50,NORMAL,9.594266062095512
FL2139,1,1549,1615,66,NORMAL,9.589095520120829
FL1748,2,1579,1616,37,NORMAL,9.567648444965274
FL2085,1,1565,1617,52,NORMAL,9.567599395428845
FL1298,2,1584,1618,34,NORMAL,9.531404771835321
FL1677,1,1581,1619,38,NORMAL,9.51804161431805
FL2094,2,1593,1620,27,NORMAL,9.502864409362623
FL1190,1,1547,1621,74,NORMAL,9.49166397527895
FL1755,2,1509,1622,113,NORMAL,9.488384927032511
FL1265,1,1498,1623,125,NORMAL,9.47074016099922
FL1950,2,1513,1624,111,NORMAL,9.42640871898755
FL1703,1,1512,1625,113,NORMAL,9.402999389310578
FL1284,2,1510,1626,116,NORMAL,9.386643247137654
FL1834,1,1544,1627,83,NORMAL,9.37585900555934
FL1244,2,1521,1628,107,NORMAL,9.375390721885129
FL1717,1,1541,1629,88,NORMAL,9.362495848042071
FL2197,2,1499,1630,131,NORMAL,9.35327109148182
FL1415,1,1560,1631,71,NORMAL,9.276122040254867
FL1430,2,1562,1632,70,NORMAL,9.265417797127544
FL1552,1,1567,1633,66,NORMAL,9.254728579707296
FL1991,2,1569,1634,65,NORMAL,9.22083446379421
FL1928,1,1561,1635,74,NORMAL,9.198502992635818
FL1432,2,1578,1636,58,NORMAL,9.192472177512197
FL1376,1,1554,1637,83,NORMAL,9.185298304312958
FL1123,2,1549,1638,89,NORMAL,9.173946836046406
FL2069,1,1499,1639,140,NORMAL,9.134367407200708
FL2194,2,1499,1640,141,NORMAL,9.133284086314145
FL1369,1,1576,1641,65,NORMAL,9.12191762264086
FL1460,2,1572,1642,70,NORMAL,9.107222169450885
FL1731,1,1558,1643,85,NORMAL,9.070900195938636
FL1925,2,1561,1644,83,NORMAL,9.02778425311775
FL2196,1,1570,1645,75,NORMAL,8.855163912123661
FL1127,2,1639,1646,7,NORMAL,10.44854964591471
FL1536,1,1655,1655,0,NORMAL,10.166080395268715
FL1113,2,1674,1674,0,NORMAL,10.143261351491232
FL1227,1,1628,1657,29,NORMAL,10.140955462320527
FL1060,1,1652,1659,7,NORMAL,10.133397552208077
FL1331,1,1622,1661,39,NORMAL,10.08526426844332
FL1126,1,1684,1684,0,NORMAL,10.082786775220047
FL1120,2,1641,1676,35,NORMAL,10.034035997266388
FL1735,2,1658,1678,20,NORMAL,9.994748231801877
FL1299,2,1700,1700,0,NORMAL,9.940673018606292
FL1030,1,1675,1686,11,NORMAL,9.934414898468543
FL1475,1,1677,1688,11,NORMAL,9.91527365553069
FL1489,1,1618,1690,72,NORMAL,9.91386446900026
FL1759,1,1615,1692,77,NORMAL,9.91386446900026
FL1423,1,1655,1694,39,NORMAL,9.90730554429278
FL1614,1,1689,1696,7,NORMAL,9.883800306111368
FL2150,1,1606,1698,92,NORMAL,9.880629642430764
FL1807,1,1605,1700,95,NORMAL,9.880629642430764
FL1706,1,1702,1702,0,NORMAL,9.84887839905479
FL1679,2,1647,1702,55,NORMAL,9.837306371336762
FL1322,1,1655,1704,49,NORMAL,9.83531495277285
FL1495,2,1616,1704,88,NORMAL,9.831836334837456
FL1898,1,1693,1706,13,NORMAL,9.810974909285973
FL1926,2,1655,1706,51,NORMAL,9.788648286106183
FL1456,1,1625,1708,83,NORMAL,9.78802681102793
FL1442,2,1701,1708,7,NORMAL,9.77776728794368
FL1388,1,1659,1710,51,NORMAL,9.757245277485113
FL1548,2,1630,1710,80,NORMAL,9.75713097501293
FL1242,1,1664,1712,48,NORMAL,9.728379679767212
FL1499,2,1660,1712,52,NORMAL,9.681502738309627
FL1083,1,1637,1714,77,NORMAL,9.675480064648783
FL1586,2,1698,1714,16,NORMAL,9.658821555583316
FL2088,1,1667,1716,49,NORMAL,9.654070674310509
FL1443,2,1664,1716,52,NORMAL,9.565575138481417
FL1767,1,1632,1718,86,NORMAL,9.555899966205185
FL1537,2,1621,1718,97,NORMAL,9.518630612067742
FL2015,1,1641,1720,79,NORMAL,9.518610481775411
FL1528,2,1629,1720,91,NORMAL,9.495899966205185
FL2061,1,1608,1722,114,NORMAL,9.490306802543934
FL1923,2,1607,1722,115,NORMAL,9.490306802543934
FL1013,1,1600,1724,124,NORMAL,9.489889473541698
FL1223,2,1626,1724,98,NORMAL,9.487680282934198
FL1220,1,1641,1726,85,NORMAL,9.483406873547798
FL2093,2,1616,1726,110,NORMAL,9.47866929392321
FL1967,1,1626,1728,102,NORMAL,9.429233299538518
FL1452,2,1597,1728,131,NORMAL,9.401188364081476
FL1054,1,1636,1730,94,NORMAL,9.396083821919179
FL1762,2,1628,1730,102,NORMAL,9.375874941925794
FL2163,1,1604,1732,128,NORMAL,9.371360656211507
FL1551,2,1612,1732,120,NORMAL,9.371360656211507
FL1653,1,1614,1734,120,NORMAL,9.34301779906865
FL1195,2,1703,1734,31,NORMAL,9.33033612067599
FL1390,1,1695,1736,41,NORMAL,9.292558342898213
FL1738,2,1682,1736,54,NORMAL,9.254199877289748
FL1270,1,1686,1738,52,NORMAL,9.249307314115585
FL1058,2,1604,1738,134,NORMAL,9.24746295393196
FL1188,1,1692,1740,48,NORMAL,9.226636737364053
FL1402,2,1691,1740,49,NORMAL,9.226636737364053
FL2103,1,1684,1742,58,NORMAL,9.178694137255006
FL1510,2,1600,1742,142,NORMAL,9.117303357938715
FL1571,1,1778,1778,0,NORMAL,10.46161356710288
FL2054,2,1772,1772,0,NORMAL,10.449143077374282
FL1137,2,1794,1794,0,NORMAL,10.35182140340555
FL1641,1,1745,1780,35,NORMAL,10.226537245265122
FL1752,1,1753,1782,29,NORMAL,10.195720414970591
FL1781,1,1729,1784,55,NORMAL,10.095332744294884
FL2130,1,1725,1786,61,NORMAL,10.04414990123425
FL2162,1,1709,1788,79,NORMAL,10.037696841370265
FL1328,1,1723,1790,67,NORMAL,10.03461692952861
FL1992,1,1728,1792,64,NORMAL,10.03461692952861
FL1713,1,1726,1794,68,NORMAL,10.03461692952861
FL1450,1,1724,1796,72,NORMAL,10.03461692952861
FL2144,2,1723,1796,73,NORMAL,10.014981705515595
FL1364,1,1735,1798,63,NORMAL,9.985276826790464
FL1584,2,1735,1798,63,NORMAL,9.934093983729827
FL1854,1,1733,1800,67,NORMAL,9.913729207742845
FL1821,2,1725,1800,75,NORMAL,9.909257638585105
FL1676,1,1749,1802,53,NORMAL,9.890767002382507
FL1289,2,1769,1802,33,NORMAL,9.841951423509613
FL1710,1,1718,1804,86,NORMAL,9.798042057835795
FL1429,2,1756,1804,48,NORMAL,9.797433669049173
FL1775,1,1719,1806,87,NORMAL,9.753597613391351
FL2078,2,1796,1806,10,NORMAL,9.689322757616813
FL1204,1,1705,1808,103,NORMAL,9.658821555583316
FL2072,2,1723,1808,85,NORMAL,9.59336593272831
FL1907,1,1727,1810,83,NORMAL,9.59336593272831
FL1377,2,1729,1810,81,NORMAL,9.571008765470708
FL1547,1,1782,1812,30,NORMAL,9.560968488579618
FL1198,2,1710,1812,102,NORMAL,9.516870520421541
FL1857,1,1704,1814,110,NORMAL,9.505907303718175
FL1042,2,1706,1814,108,NORMAL,9.505907303718175
FL2063,1,1761,1816,55,NORMAL,9.503799426127001
FL1671,2,1745,1816,71,NORMAL,9.502543235910014
FL1569,1,1748,1818,70,NORMAL,9.493624956340122
FL1734,2,1772,1818,46,NORMAL,9.478776325518174
FL1944,1,1782,1820,38,NORMAL,9.465567341736557
FL1351,2,1787,1820,33,NORMAL,9.447907414121355
FL1847,1,1784,1822,38,NORMAL,9.447907414121355
FL1997,2,1730,1822,92,NORMAL,9.434860539542122
FL1959,1,1719,1824,105,NORMAL,9.410799911740396
FL1998,2,1739,1824,85,NORMAL,9.343895833749428
FL1287,1,1716,1826,110,NORMAL,9.343119523319857
FL1453,2,1761,1826,65,NORMAL,9.341394099712524
FL1869,1,1738,1828,90,NORMAL,9.32668010279517
FL1697,2,1790,1828,38,NORMAL,9.313499247586579
FL1029,1,1790,1830,40,NORMAL,9.313499247586579
FL2125,2,1760,1830,70,NORMAL,9.308003835763802
FL2084,1,1740,1832,92,NORMAL,9.291784531929647
FL1202,2,1713,1832,119,NORMAL,9.267437959109293
FL1040,1,1759,1834,75,NORMAL,9.190756376351125
FL1611,2,1752,1834,82,NORMAL,9.17699518579575
FL1621,1,1808,1836,28,NORMAL,9.124026917597147
FL1498,2,1755,1836,81,NORMAL,9.116977237218801
FL1366,1,1794,1838,44,NORMAL,9.096991311078643
FL1565,2,1753,1838,85,NORMAL,9.086328519129083
FL1205,1,1741,1840,99,NORMAL,9.051596713135956
FL2138,2,1742,1840,98,NORMAL,8.9734521117299
FL1009,1,1773,1842,69,NORMAL,8.82061262926323
FL1408,2,1758,1842,84,NORMAL,8.811123167323437
FL1642,1,1780,1844,64,NORMAL,8.72726606841667
FL1646,2,1885,1885,0,NORMAL,12.41583953179493
FL1094,1,1908,1908,0,NORMAL,11.573831691691307
FL1940,2,1891,1891,0,NORMAL,11.49280567959746
FL1899,2,1816,1893,77,NORMAL,11.331455690681935
FL2116,2,1893,1895,2,NORMAL,11.302478372065249
FL1018,2,1824,1897,73,NORMAL,11.285229322079255
FL1081,2,1839,1899,60,NORMAL,11.103321623528949
FL1466,2,1878,1901,23,NORMAL,11.087135453839965
FL1976,2,1896,1903,7,NORMAL,11.031145038731918
FL1451,2,1843,1905,62,NORMAL,10.96159512780245
FL2170,2,1884,1907,23,NORMAL,10.903774393794736
FL1868,2,1862,1909,47,NORMAL,10.899612160467305
FL1605,1,1832,1910,78,NORMAL,10.898890335862367
FL1692,2,1873,1911,38,NORMAL,10.85118926510488
FL1837,1,1878,1912,34,NORMAL,10.686652594319597
FL2042,2,1835,1913,78,NORMAL,10.569996650856869
FL1955,1,1818,1914,96,NORMAL,10.46601067719979
FL2131,2,1816,1915,99,NORMAL,10.448216847622104
FL2043,1,1881,1916,35,NORMAL,10.414313931344594
FL1986,2,1878,1917,39,NORMAL,10.3892461822069
FL1723,1,1871,1918,47,NORMAL,10.285569227341721
FL1129,2,1824,1919,95,NORMAL,10.27272115377013
FL1501,1,1859,1920,61,NORMAL,10.255112862138034
FL1082,2,1824,1921,97,NORMAL,10.200260465372596
FL1675,1,1821,1922,101,NORMAL,10.197841675010947
FL1434,2,1848,1923,75,NORMAL,10.13895606181628
FL1383,1,1844,1924,80,NORMAL,10.137917465732954
FL1037,2,1852,1925,73,NORMAL,10.112289395149613
FL2176,1,1825,1926,101,NORMAL,10.043057512476071
FL1022,2,1834,1927,93,NORMAL,10.026905216147785
FL1523,1,1888,1928,40,NORMAL,9.980012717231245
FL2156,2,1864,1929,65,NORMAL,9.968972320471046
FL1937,1,1884,1930,46,NORMAL,9.958479121881089
FL1254,2,1810,1931,121,NORMAL,9.95453290015877
FL1608,1,1859,1932,73,NORMAL,9.899059339478411
FL2174,2,1904,1933,29,NORMAL,9.825713620222464
FL1859,1,1851,1934,83,NORMAL,9.81970134449666
FL1477,2,1849,1935,86,NORMAL,9.76713724193256
FL1245,1,1820,1936,116,NORMAL,9.745891043865061
FL1891,2,1918,1937,19,NORMAL,9.738568419788013
FL2056,1,1818,1938,120,NORMAL,9.708747540814366
FL1021,2,1850,1939,89,NORMAL,9.705896556668979
FL2169,1,1812,1940,128,NORMAL,9.691753767367441
FL1686,2,1905,1941,36,NORMAL,9.691123338979246
FL1391,1,1813,1942,129,NORMAL,9.664422455063658
FL1952,2,1824,1943,119,NORMAL,9.640022975057544
FL1836,1,1878,1944,66,NORMAL,9.52686470465728
FL1965,2,1866,1945,79,NORMAL,9.512223349193675
FL1276,1,1809,1946,137,NORMAL,9.157259890822017
FL1348,2,1818,1947,129,NORMAL,9.06123433332931
FL2013,1,1899,1948,49,NORMAL,8.938841719669007
FL1896,2,1814,1949,135,NORMAL,8.797440707784357
FL1360,1,1904,1950,46,NORMAL,8.795849533743302
FL1072,2,1885,1951,66,NORMAL,8.623881064391696
FL1353,1,1886,1952,66,NORMAL,8.39396970404461
FL1317,2,1905,1953,48,NORMAL,7.980820572042176
FL1237,1,1904,1954,50,NORMAL,7.953886737059893
FL1035,2,1910,1955,45,NORMAL,7.876543709968651
FL1346,1,1914,1956,42,NORMAL,6.681719593420106
FL2157,2,1916,1957,41,NORMAL,6.534331243868141
FL1239,1,1989,1989,0,NORMAL,15.74047981947567
FL1708,2,1992,1992,0,NORMAL,14.687618212332811
FL1416,1,1998,1998,0,NORMAL,14.067194931909535
FL1027,2,1989,1994,5,NORMAL,14.04711561459618
FL1375,2,1968,1996,28,NORMAL,13.707394324220665
FL1806,2,1953,1998,45,NORMAL,13.522756832886266
FL1386,1,1998,2000,2,NORMAL,13.48010331397581
FL1338,2,1947,2000,53,NORMAL,13.161249821213518
FL1379,1,1955,2002,47,NORMAL,13.11407639936945
FL1780,2,1973,2002,29,NORMAL,12.98913097645732
FL1418,1,1952,2004,52,NORMAL,12.965983211855209
FL1579,2,1963,2004,41,NORMAL,12.885810577027542
FL1557,1,1950,2006,56,NORMAL,12.772222456102146
FL1049,2,1974,2006,32,NORMAL,12.66304406464951
FL1165,1,1945,2008,63,NORMAL,12.452706957733318
FL1330,2,1940,2008,68,NORMAL,12.318194040036142
FL1562,1,1946,2010,64,NORMAL,12.222745333556723
FL1115,2,1981,2010,29,NORMAL,11.984246258733911
FL1278,1,1980,2012,32,NORMAL,11.9829927658153
FL1121,2,1994,2012,18,NORMAL,11.818010275741786
FL2060,1,1927,2014,87,NORMAL,11.79624938970693
FL1761,2,1952,2014,62,NORMAL,11.73249349793285
FL1533,1,1971,2016,45,NORMAL,11.641882053726857
FL2119,2,1985,2016,31,NORMAL,11.50507919843257
FL1538,1,1962,2018,56,NORMAL,11.432664465038837
FL1667,2,1930,2018,88,NORMAL,11.275522622323365
FL1627,1,1953,2020,67,NORMAL,11.204794190056164
FL1624,2,1954,2020,66,NORMAL,11.050474225446438
FL1989,1,1989,2022,33,NORMAL,10.840816597485759
FL1077,2,1979,2022,43,NORMAL,10.7122313140231
FL2178,1,1940,2024,84,NORMAL,10.669483628946276
FL1339,2,1947,2024,77,NORMAL,10.52046187044143
FL1079,1,1946,2026,80,NORMAL,10.509483628946276
FL1487,2,1923,2026,103,NORMAL,10.480342374064834
FL1336,1,1961,2028,67,NORMAL,10.360512903637275
FL2118,2,1969,2028,59,NORMAL,10.256364316005193
FL1140,1,1922,2030,108,NORMAL,10.13623190161511
FL1272,2,1965,2030,65,NORMAL,9.705767386122307
FL1435,1,1929,2032,103,NORMAL,9.666829753155586
FL2122,2,1962,2032,70,NORMAL,9.646050096943366
FL1729,1,1985,2034,49,NORMAL,9.589719599726308
FL1649,2,1924,2034,110,NORMAL,9.268760437792873
FL1199,1,1978,2036,58,NORMAL,9.24647837963973
FL1698,2,1969,2036,67,NORMAL,9.005273394663337
FL1910,1,1934,2038,104,NORMAL,8.964986646483226
FL1740,2,1933,2038,105,NORMAL,8.95431997981656
FL1008,1,1984,2040,56,NORMAL,8.771275326378698
FL1249,2,1918,2040,122,NORMAL,8.492423577764654
FL1226,1,1977,2042,65,NORMAL,8.441349898447323
FL1867,2,1948,2042,94,NORMAL,8.427512161960443
FL1370,1,1965,2044,79,NORMAL,8.366000072040736
FL1749,2,1947,2044,97,NORMAL,8.315872301398976
FL2188,1,1977,2046,69,NORMAL,7.68016202528394
FL1428,2,1996,2046,50,NORMAL,7.185704007318985
FL1669,1,1984,2048,64,NORMAL,7.1639921503083555
FL1701,2,1964,2048,84,NORMAL,7.064228173622513
FL1779,1,1920,2050,130,NORMAL,6.544940986198493
FL1216,2,1993,2050,57,NORMAL,6.405077622581741
FL2182,1,1979,2052,73,NORMAL,5.941638241878462
FL1852,2,2002,2052,50,NORMAL,4.611756392261419
