flight_id,arrival_time,runway,landing_time,delay
FL1712,0,1,3,0
FL1023,5,2,8,0
FL1588,7,1,10,0
FL1615,8,2,11,0
FL1578,11,1,14,0
FL1010,14,2,17,0
FL1170,17,1,20,0
FL1214,16,2,20,1
FL1626,18,1,23,2
FL2031,21,2,24,0
FL1902,21,1,26,2
FL1194,22,2,27,2
FL1494,21,1,29,5
FL1705,22,2,30,5
FL1241,22,1,32,7
FL1817,22,2,33,8
FL1161,25,1,35,7
FL1389,25,2,36,8
FL1154,28,1,38,7
FL1678,31,2,39,5
FL1661,33,1,41,5
FL1927,36,2,42,3
FL1279,44,1,47,0
FL1294,44,2,47,0
FL1506,45,1,50,2
FL2050,47,2,50,0
FL1076,50,1,53,0
FL2108,53,2,56,0
FL1412,58,1,61,0
FL1853,61,2,64,0
FL1542,60,1,64,1
FL1550,61,1,67,3
FL2027,65,2,68,0
FL1559,69,1,72,0
FL1133,75,2,78,0
FL1508,75,1,78,0
FL1751,79,1,82,0
FL1281,82,2,85,0
FL1889,83,1,86,0
FL1811,85,2,88,0
FL1306,89,1,92,0
FL1827,88,2,91,0
FL1059,91,2,94,0
FL1567,93,1,96,0
FL2173,93,2,97,1
FL1517,93,1,99,3
FL1053,97,2,100,0
FL1062,98,1,102,1
FL1144,97,2,103,3
FL1577,101,1,105,1
FL1844,101,2,106,2
FL1158,101,1,108,4
FL1038,102,2,109,4
FL2089,104,1,111,4
FL1162,104,2,112,5
FL1920,106,1,114,5
FL1441,107,2,115,5
FL1250,106,1,117,8
FL2101,105,2,118,10
FL1782,109,1,120,8
FL1067,109,2,121,9
FL1863,110,1,123,10
FL1580,109,2,124,12
FL1617,111,1,126,12
FL1492,114,2,127,10
FL1792,116,1,129,10
FL1810,124,2,130,3
FL1903,124,1,132,5
FL1908,125,2,133,5
FL1301,126,1,135,6
FL1396,126,2,136,7
FL2141,127,1,138,8
FL1392,129,2,139,7
FL1125,131,1,141,7
FL2046,134,2,142,5
FL1235,132,1,144,9
FL1092,132,2,145,10
FL1531,138,1,147,6
FL1112,138,2,148,7
FL1414,140,1,150,7
FL2034,143,2,151,5
FL1373,141,1,153,9
FL1400,141,2,154,10
FL1119,142,1,156,11
FL2070,142,2,157,12
FL1210,145,1,159,11
FL1256,146,2,160,11
FL1157,148,1,162,11
FL1234,151,2,163,9
FL1796,152,1,165,10
FL1732,152,2,166,11
FL1737,153,1,168,12
FL2073,154,2,169,12
FL2020,154,1,171,14
FL1875,157,2,172,12
FL1141,164,1,174,7
FL1403,164,2,175,8
FL1181,163,1,177,11
FL1648,168,2,178,7
FL1440,170,1,180,7
FL1380,173,2,181,5
FL1069,173,1,183,7
FL1632,174,2,184,7
FL1603,177,1,186,6
FL1334,177,2,187,7
FL1746,185,1,189,1
FL1610,183,2,190,4
FL1663,185,1,192,4
FL2148,188,2,193,2
FL1290,191,1,195,1
FL1485,192,2,196,1
FL1660,195,1,198,0
FL1488,196,2,199,0
FL2091,195,1,201,3
FL1742,197,2,202,2
FL1397,200,1,204,1
FL1630,203,2,206,0
FL2052,204,1,207,0
FL1558,208,2,211,0
FL1530,207,1,210,0
FL1681,211,1,214,0
FL1433,210,2,214,1
FL1266,210,1,217,4
FL1509,215,2,218,0
FL2029,217,1,220,0
FL2199,216,2,221,2
FL1895,217,1,223,3
FL1848,216,2,224,5
FL1233,218,1,226,5
FL1971,219,2,227,5
FL1877,219,1,229,7
FL1344,223,2,230,4
FL1108,229,1,232,0
FL2057,230,2,233,0
FL1826,229,1,235,3
FL1036,228,2,236,5
FL1097,232,1,238,3
FL1104,233,2,239,3
FL1295,233,1,241,5
FL2044,233,2,242,6
FL1969,234,1,244,7
FL1088,235,2,245,7
FL1304,239,1,247,5
FL1724,239,2,248,6
FL1575,237,1,250,10
FL1208,241,2,251,7
FL2002,244,1,253,6
FL1922,243,2,254,8
FL1354,247,1,256,6
FL1172,247,2,257,7
FL1799,247,1,259,9
FL1404,248,2,260,9
FL1772,248,1,262,11
FL1474,253,2,263,7
FL1645,256,1,265,6
FL1518,258,2,266,5
FL1345,261,1,268,4
FL1259,263,2,269,3
FL1065,266,1,271,2
FL1954,268,2,272,1
FL2076,269,1,274,2
FL1934,269,2,275,3
FL2068,272,1,277,2
FL1996,272,2,278,3
FL1455,273,1,280,4
FL1522,276,2,281,2
FL1025,281,1,284,0
FL1372,282,2,285,0
FL1788,286,1,289,0
FL1473,293,2,296,0
FL1333,291,1,294,0
FL1695,292,1,297,2
FL1425,294,2,299,2
FL1252,297,1,300,0
FL1924,298,2,302,1
FL1385,298,1,303,2
FL1246,305,2,308,0
FL1688,304,1,307,0
FL1763,306,1,310,1
FL1288,308,2,311,0
FL1236,311,1,314,0
FL1106,314,2,317,0
FL2055,314,1,317,0
FL1726,314,1,320,3
FL1885,312,2,320,5
FL1483,316,1,323,4
FL1656,319,2,323,1
FL1769,318,1,326,5
FL2062,323,2,326,0
FL1174,323,1,329,3
FL1363,321,2,329,5
FL1469,329,1,332,0
FL1985,328,2,332,1
FL1978,331,1,335,1
FL1750,331,2,335,1
FL1592,331,1,338,4
FL1163,332,2,338,3
FL1668,335,1,341,3
FL1496,337,2,341,1
FL1028,337,1,344,4
FL1800,337,2,344,4
FL1541,336,1,347,8
FL1033,341,2,347,3
FL1825,342,1,350,5
FL1368,344,2,350,3
FL1476,344,1,353,6
FL1657,343,2,353,7
FL1251,353,1,356,0
FL2107,353,2,356,0
FL2033,356,1,359,0
FL1467,357,2,360,0
FL2145,357,1,362,2
FL1128,359,2,363,1
FL1839,359,1,365,3
FL2146,361,2,366,2
FL1516,365,1,368,0
FL1247,365,2,369,1
FL1639,368,1,371,0
FL1048,369,2,372,0
FL1622,369,1,374,2
FL1606,370,2,375,2
FL1689,370,1,377,4
FL1756,374,2,378,1
FL1167,373,1,380,4
FL1417,377,2,381,1
FL1842,380,1,383,0
FL1685,379,2,384,2
FL2159,381,1,386,2
FL1949,381,2,387,3
FL2153,383,1,389,3
FL2123,381,2,390,6
FL1812,381,1,392,8
FL1539,386,2,393,4
FL1930,387,1,395,5
FL1343,387,2,396,6
FL1513,388,1,398,7
FL1015,392,2,399,4
FL1874,394,1,401,4
FL1894,396,2,402,3
FL1034,397,1,404,4
FL1064,399,2,405,3
FL1248,401,1,407,3
FL1362,401,2,408,4
FL1175,401,1,410,6
FL1207,403,2,411,5
FL2065,404,1,413,6
FL1546,404,2,414,7
FL1620,406,1,416,7
FL1702,406,2,417,8
FL2026,405,1,419,11
FL2158,412,2,420,5
FL1787,412,1,422,7
FL1422,414,2,423,6
FL1757,417,1,425,5
FL1995,418,2,426,5
FL1841,421,1,428,4
FL1263,428,2,431,0
FL1189,426,1,431,2
FL1332,427,1,434,4
FL1427,431,2,434,0
FL2180,432,1,437,2
FL2183,434,2,437,0
FL1721,440,1,443,0
FL1420,440,2,443,0
FL2177,442,1,446,1
FL1652,441,2,446,2
FL1984,446,1,449,0
FL1532,450,2,453,0
FL1491,452,1,455,0
FL1554,455,2,458,0
FL1444,456,1,459,0
FL1061,458,2,461,0
FL2179,460,1,463,0
FL1609,460,2,464,1
FL1260,461,1,466,2
FL1990,463,2,467,1
FL2035,462,1,469,4
FL1716,467,2,470,0
FL1145,469,1,472,0
FL1814,472,2,475,0
FL1446,471,1,475,1
FL1310,474,1,478,1
FL1942,474,2,478,1
FL2112,478,1,481,0
FL1897,478,2,481,0
FL1003,477,1,484,4
FL1591,481,2,484,0
FL1783,484,1,487,0
FL1545,487,2,490,0
FL1201,491,1,494,0
FL1643,491,2,494,0
FL1041,489,1,497,5
FL2133,495,2,498,0
FL1050,512,1,515,0
FL1116,514,2,517,0
FL1228,515,1,518,0
FL1267,517,2,520,0
FL1981,517,1,521,1
FL1789,518,2,523,2
FL1497,521,1,524,0
FL2143,520,2,526,3
FL1818,522,1,527,2
FL1203,526,2,529,0
FL1953,527,1,530,0
FL2104,525,2,532,4
FL1813,532,1,535,0
FL1893,531,2,535,1
FL1222,531,1,538,4
FL1111,532,2,538,3
FL1888,535,1,541,3
FL1793,536,2,541,2
FL1728,535,1,544,6
FL1919,535,2,544,6
FL1356,536,1,547,8
FL1884,537,2,547,7
FL2186,540,1,550,7
FL1305,542,2,550,5
FL1815,545,1,553,5
FL1296,543,2,553,7
FL1413,544,1,556,9
FL1892,546,2,556,7
FL1421,546,1,559,10
FL1830,546,2,559,10
FL2166,550,1,562,9
FL1619,551,2,562,8
FL1093,549,1,565,13
FL1791,554,2,565,8
FL1968,557,1,568,8
FL1438,558,2,568,7
FL2105,559,1,571,9
FL2000,562,2,571,6
FL1177,566,1,574,5
FL2096,568,2,574,3
FL2195,569,1,577,5
FL1576,570,2,577,4
FL1045,575,1,580,2
FL1017,581,2,584,0
FL2149,580,1,583,0
FL1240,589,1,592,0
FL1209,589,2,592,0
FL1801,589,1,595,3
FL1459,596,2,599,0
FL2095,596,1,599,0
FL2080,594,1,602,5
FL1105,597,2,602,2
FL1285,598,1,605,4
FL1808,598,2,605,4
FL1687,600,1,608,5
FL1736,602,2,608,3
FL2140,605,1,611,3
FL2111,603,2,611,5
FL2007,605,1,614,6
FL2039,603,2,614,8
FL1463,607,1,617,7
FL1858,611,2,617,3
FL1794,609,1,620,8
FL1014,612,2,620,5
FL1359,613,1,623,7
FL1766,612,2,623,8
FL1654,619,1,626,4
FL1230,620,2,626,3
FL1543,618,1,629,8
FL1261,623,2,629,3
FL1107,623,1,632,6
FL2079,627,2,632,2
FL2109,628,1,635,4
FL1470,627,2,635,5
FL1525,629,1,638,6
FL1166,629,2,638,6
FL1211,634,1,641,4
FL1529,636,2,641,2
FL2032,640,1,644,1
FL2136,641,2,644,0
FL1590,641,1,647,3
FL1694,643,2,647,1
FL1004,647,1,650,0
FL1358,647,2,650,0
FL1109,647,1,653,3
FL1445,647,2,653,3
FL1979,649,1,656,4
FL1286,653,2,656,0
FL1650,656,1,659,0
FL1882,657,2,660,0
FL1771,658,1,662,1
FL1948,661,2,664,0
FL1468,662,1,665,0
FL1164,660,2,667,4
FL1670,665,1,668,0
FL2191,664,2,670,3
FL1743,667,1,671,1
FL2036,668,2,673,2
FL1725,666,1,674,5
FL2006,671,2,676,2
FL1138,671,1,677,3
FL1439,674,2,679,2
FL2087,672,1,680,5
FL1931,674,2,682,5
FL1906,675,1,683,5
FL1820,678,2,685,4
FL1340,680,1,686,3
FL1078,678,2,688,7
FL1273,678,1,689,8
FL1086,684,2,691,4
FL1672,684,1,692,5
FL1302,686,2,694,5
FL1680,687,1,695,5
FL2047,689,2,697,5
FL1929,691,1,698,4
FL1232,694,2,700,3
FL1057,693,1,701,5
FL1604,701,2,704,0
FL2097,699,1,704,2
FL1618,700,1,707,4
FL1947,700,2,707,4
FL1961,704,1,710,3
FL1051,707,2,710,0
FL1307,706,1,713,4
FL1084,710,2,713,0
FL1880,710,1,716,3
FL1243,713,2,716,0
FL1753,711,1,719,5
FL2067,716,2,719,0
FL1520,715,1,722,4
FL1638,716,2,722,3
FL2019,714,1,725,8
FL1085,717,2,725,5
FL1514,722,1,728,3
FL1544,722,2,728,3
FL1871,725,1,731,3
FL1100,726,2,731,2
FL1350,726,1,734,5
FL1292,728,2,734,3
FL1219,734,1,737,0
FL1599,733,2,737,1
FL1183,737,1,740,0
FL1540,735,2,740,2
FL1090,738,1,743,2
FL1684,743,2,746,0
FL2129,745,1,748,0
FL1862,748,2,751,0
FL2181,748,1,751,0
FL2155,754,1,757,0
FL2016,753,2,756,0
FL1080,755,2,759,1
FL1068,754,1,760,3
FL2040,753,2,762,6
FL1982,756,1,763,4
FL1625,757,2,765,5
FL2098,760,1,766,3
FL1593,761,2,768,4
FL1316,767,1,770,0
FL1887,770,2,773,0
FL2017,771,1,774,0
FL1673,771,2,776,2
FL2003,772,1,777,2
FL2100,771,2,779,5
FL1845,774,1,780,3
FL2021,775,2,782,4
FL1114,778,1,783,2
FL1005,779,2,785,3
FL1006,778,1,786,5
FL1594,780,2,788,5
FL2030,781,1,789,5
FL1341,781,2,791,7
FL1130,782,1,792,7
FL1280,781,2,794,10
FL2053,785,1,795,7
FL2172,784,2,797,10
FL1480,786,1,798,9
FL1865,790,2,800,7
FL1549,790,1,801,8
FL2014,794,2,803,6
FL1098,795,1,804,6
FL1457,796,2,806,7
FL1269,802,1,807,2
FL1148,805,2,809,1
FL1819,804,1,810,3
FL1987,804,2,812,5
FL1102,809,1,813,1
FL1152,808,2,815,4
FL1945,812,1,816,1
FL1765,818,2,821,0
FL1147,816,1,819,0
FL1406,820,1,823,0
FL1155,821,2,824,0
FL2037,823,1,826,0
FL2024,822,2,827,2
FL1873,824,1,829,2
FL1600,823,2,830,4
FL1918,826,1,832,3
FL1131,826,2,833,4
FL1553,827,1,835,5
FL1526,828,2,836,5
FL1073,828,1,838,7
FL1980,831,2,839,5
FL1271,835,1,841,3
FL1142,834,2,842,5
FL1046,837,1,844,4
FL1962,838,2,845,4
FL1321,838,1,847,6
FL2081,840,2,848,5
FL2051,840,1,850,7
FL1957,842,2,851,6
FL1886,845,1,853,5
FL1662,845,2,854,6
FL2198,844,1,856,9
FL2001,847,2,857,7
FL1921,847,1,859,9
FL1486,851,2,860,6
FL1864,850,1,862,9
FL2120,853,2,863,7
FL1355,855,1,865,7
FL1149,855,2,866,8
FL1191,857,1,868,8
FL1850,856,2,869,10
FL1255,860,1,871,8
FL1556,860,2,872,9
FL1829,863,1,874,8
FL1994,862,2,875,10
FL1515,865,1,877,9
FL1846,866,2,878,9
FL1063,866,1,880,11
FL1318,867,2,881,11
FL1401,867,1,883,13
FL1802,870,2,884,11
FL2135,872,1,886,11
FL1816,871,2,887,13
FL1314,873,1,889,13
FL1613,877,2,890,10
FL1840,878,1,892,11
FL1196,879,2,893,11
FL2124,881,1,895,11
FL1612,881,2,896,12
FL1101,884,1,898,11
FL1773,882,2,899,14
FL1374,883,1,901,15
FL1946,886,2,902,13
FL1426,888,1,904,13
FL2045,893,2,905,9
FL1225,892,1,907,12
FL1300,892,2,908,13
FL1253,894,1,910,13
FL1555,895,2,911,13
FL1901,895,1,913,15
FL1213,900,2,914,11
FL1043,902,1,916,11
FL1095,901,2,917,13
FL1561,903,1,919,13
FL1411,908,2,920,9
FL2193,913,1,922,6
FL1975,916,2,923,4
FL1607,920,1,925,2
FL1860,918,2,926,5
FL1564,920,1,928,5
FL1822,923,2,929,3
FL1870,921,1,931,7
FL1951,923,2,932,6
FL1471,924,1,934,7
FL1347,925,2,935,7
FL1074,929,1,937,5
FL1217,927,2,938,8
FL1941,928,1,940,9
FL1574,930,2,941,8
FL1999,934,1,943,6
FL1200,933,2,944,8
FL1221,933,1,946,10
FL1651,933,2,947,11
FL1176,940,1,949,6
FL1581,939,2,950,8
FL1409,940,1,952,9
FL1352,942,2,953,8
FL1461,945,1,955,7
FL1511,947,2,956,6
FL1939,953,1,958,2
FL1124,951,2,959,5
FL1745,955,1,961,3
FL1134,954,2,962,5
FL1790,956,1,964,5
FL1635,960,2,965,2
FL1805,965,1,968,0
FL2048,966,2,969,0
FL1521,966,1,971,2
FL1714,968,2,972,1
FL1905,970,1,974,1
FL1519,973,2,976,0
FL1890,973,1,977,1
FL1185,973,2,979,3
FL1044,972,1,980,5
FL1597,975,2,982,4
FL1631,976,1,983,4
FL1184,975,2,985,7
FL1447,979,1,986,4
FL2099,979,2,988,6
FL1169,982,1,989,4
FL1585,981,2,991,7
FL1431,982,1,992,7
FL1833,988,2,994,3
FL1915,988,1,995,4
FL1900,987,2,997,7
FL1258,991,1,998,4
FL1776,992,2,1000,5
FL1658,992,1,1001,6
FL1192,997,2,1003,3
FL2012,1003,1,1006,0
FL1983,1004,2,1007,0
FL1449,1006,1,1009,0
FL1139,1010,2,1013,0
FL1843,1016,1,1019,0
FL1405,1019,2,1022,0
FL1012,1020,1,1023,0
FL1156,1021,2,1025,1
FL1760,1028,1,1031,0
FL1972,1026,2,1029,0
FL1634,1030,2,1033,0
FL1274,1034,1,1037,0
FL1505,1032,2,1036,1
FL2090,1034,2,1039,2
FL1291,1037,1,1040,0
FL2028,1035,2,1042,4
FL1056,1039,1,1043,1
FL1153,1041,2,1045,1
FL2168,1046,1,1049,0
FL1973,1046,2,1049,0
FL1682,1045,1,1052,4
FL1231,1045,2,1052,4
FL1770,1045,1,1055,7
FL1733,1048,2,1055,4
FL1974,1051,1,1058,4
FL1277,1052,2,1058,3
FL1856,1053,1,1061,5
FL1602,1055,2,1061,3
FL1960,1058,1,1064,3
FL1665,1064,2,1067,0
FL1993,1063,1,1067,1
FL1598,1067,1,1070,0
FL1683,1066,2,1070,1
FL1118,1067,1,1073,3
FL1904,1067,2,1073,3
FL2005,1070,1,1076,3
FL1785,1070,2,1076,3
FL1560,1073,1,1079,3
FL1700,1071,2,1079,5
FL1727,1075,1,1082,4
FL1883,1076,2,1082,3
FL1096,1075,1,1085,7
FL1916,1081,2,1085,1
FL1861,1080,1,1088,5
FL2151,1084,2,1088,1
FL1932,1083,1,1091,5
FL2102,1088,2,1091,0
FL1011,1088,1,1094,3
FL2185,1091,2,1094,0
FL1935,1092,1,1097,2
FL1718,1092,2,1097,2
FL1664,1097,1,1100,0
FL1329,1095,2,1100,2
FL1342,1096,1,1103,4
FL1262,1097,2,1103,3
FL1087,1097,1,1106,6
FL1398,1096,2,1106,7
FL1730,1100,1,1109,6
FL1563,1098,2,1109,8
FL1324,1098,1,1112,11
FL2187,1103,2,1112,6
FL1282,1106,1,1115,6
FL1849,1106,2,1115,6
FL1666,1104,1,1118,11
FL1465,1105,2,1118,10
FL1384,1108,1,1121,10
FL1768,1108,2,1121,10
FL1382,1107,1,1124,14
FL2083,1108,2,1124,13
FL1797,1109,1,1127,15
FL1371,1110,2,1127,14
FL1136,1110,1,1130,17
FL1146,1111,2,1130,16
FL2164,1114,1,1133,16
FL1633,1117,2,1133,13
FL1482,1119,1,1136,14
FL1066,1124,2,1136,9
FL1493,1122,1,1139,14
FL1573,1123,2,1139,13
FL1197,1126,1,1142,13
FL1535,1126,2,1142,13
FL1744,1125,1,1145,17
FL2009,1130,2,1145,12
FL1047,1128,1,1148,17
FL1000,1130,2,1148,15
FL1659,1132,1,1151,16
FL1832,1134,2,1151,14
FL1319,1139,1,1154,12
FL2011,1138,2,1154,13
FL2049,1138,1,1157,16
FL1335,1137,2,1157,17
FL1674,1137,1,1160,20
FL1039,1139,2,1160,18
FL1566,1138,1,1163,22
FL1315,1146,2,1163,14
FL2074,1150,1,1166,13
FL1026,1150,2,1166,13
FL1308,1152,1,1169,14
FL1031,1154,2,1169,12
FL1741,1157,1,1172,12
FL1313,1157,2,1172,12
FL1988,1157,1,1175,15
FL1024,1156,2,1175,16
FL1071,1159,1,1178,16
FL2086,1161,2,1178,14
FL1132,1161,1,1181,17
FL2121,1164,2,1181,14
FL1747,1169,1,1184,12
FL1628,1167,2,1184,14
FL1838,1171,1,1187,13
FL1872,1171,2,1187,13
FL1436,1172,1,1190,15
FL2041,1172,2,1190,15
FL1187,1174,1,1193,16
FL1075,1175,2,1193,15
FL1876,1177,1,1196,16
FL1168,1177,2,1196,16
FL1337,1181,1,1199,15
FL1503,1179,2,1199,17
FL2066,1180,1,1202,19
FL1454,1186,2,1202,13
FL1135,1185,1,1205,17
FL2025,1188,2,1205,14
FL2184,1196,1,1208,9
FL1378,1195,2,1208,10
FL2167,1194,1,1211,14
FL1462,1198,2,1211,10
FL1722,1201,1,1214,10
FL2132,1201,2,1214,10
FL1964,1200,1,1217,14
FL1325,1205,2,1217,9
FL1055,1204,1,1220,13
FL1824,1205,2,1220,12
FL1831,1206,1,1223,14
FL1595,1206,2,1223,14
FL1327,1209,1,1226,14
FL1828,1209,2,1226,14
FL2161,1211,1,1229,15
FL1655,1213,2,1229,13
FL1481,1214,1,1232,15
FL2010,1214,2,1232,15
FL2165,1215,1,1235,17
FL1629,1215,2,1235,17
FL1616,1220,1,1238,15
FL1636,1218,2,1238,17
FL2147,1218,1,1241,20
FL1879,1221,2,1241,17
FL1367,1226,1,1244,15
FL1784,1225,2,1244,16
FL2110,1227,1,1247,17
FL1393,1227,2,1247,17
FL1778,1232,1,1250,15
FL1275,1230,2,1250,17
FL1229,1230,1,1253,20
FL1150,1233,2,1253,17
FL2160,1235,1,1256,18
FL2137,1234,2,1256,19
FL1583,1236,1,1259,20
FL1524,1238,2,1259,18
FL2142,1236,1,1262,23
FL2106,1240,2,1262,19
FL1407,1241,1,1265,21
FL1570,1240,2,1265,22
FL2082,1240,1,1268,25
FL1691,1243,2,1268,22
FL1582,1245,1,1271,23
FL2154,1245,2,1271,23
FL1257,1249,1,1274,22
FL2018,1249,2,1274,22
FL2115,1253,1,1277,21
FL1103,1254,2,1277,20
FL1754,1255,1,1280,22
FL1089,1254,2,1280,23
FL1395,1259,1,1283,21
FL1303,1260,2,1283,20
FL1143,1262,1,1286,21
FL1587,1264,2,1286,19
FL2008,1264,1,1289,22
FL1193,1268,2,1289,18
FL1215,1269,1,1292,20
FL1458,1273,2,1292,16
FL1623,1272,1,1295,20
FL2075,1272,2,1295,20
FL1268,1275,1,1298,20
FL1504,1275,2,1298,20
FL1365,1281,1,1301,17
FL1320,1286,2,1301,12
FL1309,1286,1,1304,15
FL1099,1284,2,1304,17
FL1264,1285,1,1307,19
FL1644,1289,2,1307,15
FL2175,1288,1,1310,19
FL1212,1289,2,1310,18
FL1803,1293,1,1313,17
FL1938,1294,2,1313,16
FL1361,1298,1,1316,15
FL1795,1297,2,1316,16
FL1151,1302,1,1319,14
FL1534,1306,2,1319,10
FL1238,1310,1,1322,9
FL1019,1310,2,1322,9
FL1696,1309,1,1325,13
FL1117,1316,2,1325,6
FL1647,1319,1,1328,6
FL1963,1322,2,1328,3
FL1933,1321,1,1331,7
FL1206,1324,2,1331,4
FL2023,1327,1,1334,4
FL1911,1329,2,1334,2
FL2126,1329,1,1337,5
FL1484,1331,2,1337,3
FL1323,1329,1,1340,8
FL1693,1329,2,1340,8
FL1572,1333,1,1343,7
FL1091,1334,2,1343,6
FL1437,1337,1,1346,6
FL1909,1336,2,1346,7
FL1637,1340,1,1349,6
FL1715,1344,2,1349,2
FL1410,1347,1,1352,2
FL1381,1348,2,1352,1
FL2192,1349,1,1355,3
FL2128,1355,2,1358,0
FL1178,1354,1,1358,1
FL2004,1353,1,1361,5
FL1711,1357,2,1361,1
FL2117,1358,1,1364,3
FL2064,1358,2,1364,3
FL1218,1356,1,1367,8
FL1804,1359,2,1367,5
FL2127,1359,1,1370,8
FL2190,1362,2,1370,5
FL1512,1364,1,1373,6
FL1809,1366,2,1373,4
FL1589,1369,1,1376,4
FL1970,1370,2,1376,3
FL1326,1368,1,1379,8
FL1394,1368,2,1379,8
FL1502,1377,1,1382,2
FL1878,1382,2,1385,0
FL1399,1381,1,1385,1
FL1173,1382,1,1388,3
FL1182,1382,2,1388,3
FL1640,1380,1,1391,8
FL1881,1381,2,1391,7
FL1464,1383,1,1394,8
FL2058,1385,2,1394,6
FL1835,1388,1,1397,6
FL1596,1390,2,1397,4
FL1472,1394,1,1400,3
FL1956,1393,2,1400,4
FL1866,1396,1,1403,4
FL1527,1399,2,1403,1
FL1490,1403,1,1406,0
FL1798,1403,2,1406,0
FL1283,1406,1,1409,0
FL1478,1408,2,1411,0
FL1007,1417,1,1420,0
FL1110,1416,2,1419,0
FL1709,1421,2,1424,0
FL1311,1419,1,1423,1
FL1912,1420,1,1426,3
FL1357,1427,2,1430,0
FL1913,1433,1,1436,0
FL2189,1431,2,1434,0
FL1020,1434,2,1437,0
FL1016,1434,1,1439,2
FL1002,1437,2,1440,0
FL1171,1442,1,1445,0
FL1851,1442,2,1445,0
FL1293,1443,1,1448,2
FL1032,1443,2,1448,2
FL2114,1443,1,1451,5
FL1704,1446,2,1451,2
FL2113,1450,1,1454,1
FL2059,1450,2,1454,1
FL2077,1452,1,1457,2
FL1720,1453,2,1457,1
FL1917,1453,1,1460,4
FL1349,1459,2,1462,0
FL1312,1462,1,1465,0
FL1052,1462,2,1465,0
FL1387,1463,1,1468,2
FL1774,1461,2,1468,4
FL1448,1466,1,1471,2
FL1719,1466,2,1471,2
FL1122,1466,1,1474,5
FL1855,1467,2,1474,4
FL1823,1469,1,1477,5
FL1160,1473,2,1477,1
FL1601,1476,1,1480,1
FL1707,1478,2,1481,0
FL1001,1484,1,1487,0
FL2022,1487,2,1490,0
FL2152,1489,1,1492,0
FL1159,1492,2,1495,0
FL1977,1496,1,1499,0
FL1265,1498,2,1501,0
FL2197,1499,1,1502,0
FL2069,1499,2,1504,2
FL2194,1499,1,1505,3
FL1764,1505,2,1508,0
FL2038,1507,1,1510,0
FL1755,1509,2,1512,0
FL1284,1510,1,1513,0
FL1950,1513,2,1516,0
FL1703,1512,1,1516,1
FL1739,1523,1,1526,0
FL1758,1523,2,1526,0
FL1500,1521,1,1529,5
FL1070,1522,2,1529,4
FL1244,1521,1,1532,8
FL1224,1525,2,1532,4
FL1914,1532,1,1535,0
FL1507,1533,2,1536,0
FL1179,1540,1,1543,0
FL1717,1541,2,1544,0
FL1834,1544,1,1547,0
FL1190,1547,2,1550,0
FL2139,1549,1,1552,0
FL1123,1549,2,1553,1
FL2092,1556,1,1559,0
FL1376,1554,2,1557,0
FL1699,1557,2,1560,0
FL1731,1558,1,1562,1
FL1415,1560,2,1563,0
FL1430,1562,1,1565,0
FL1928,1561,2,1566,2
FL1925,1561,1,1568,4
FL1966,1564,2,1569,2
FL1943,1563,1,1571,5
FL1568,1564,2,1572,5
FL2085,1565,1,1574,6
FL1777,1567,2,1575,5
FL1552,1567,1,1577,7
FL1991,1569,2,1578,6
FL2196,1570,1,1580,7
FL1297,1573,2,1581,5
FL1690,1573,1,1583,7
FL1460,1572,2,1584,9
FL1369,1576,1,1586,7
FL1748,1579,2,1587,5
FL1432,1578,1,1589,8
FL2071,1583,2,1590,4
FL2171,1581,1,1592,8
FL1677,1581,2,1593,9
FL1424,1585,1,1595,7
FL1298,1584,2,1596,9
FL1958,1587,1,1598,8
FL1186,1593,2,1599,3
FL1419,1594,1,1601,4
FL1786,1594,2,1602,5
FL1479,1594,1,1604,7
FL2094,1593,2,1605,9
FL2134,1596,1,1607,8
FL1936,1597,2,1608,8
FL1180,1597,1,1610,10
FL1452,1597,2,1611,11
FL1013,1600,1,1613,10
FL1510,1600,2,1614,11
FL2163,1604,1,1616,9
FL1058,1604,2,1617,10
FL1807,1605,1,1619,11
FL2150,1606,2,1620,11
FL1923,1607,1,1622,12
FL2061,1608,2,1623,12
FL1551,1612,1,1625,10
FL1759,1615,2,1626,8
FL1495,1616,1,1628,9
FL2093,1616,2,1629,10
FL1653,1614,1,1631,14
FL1489,1618,2,1632,11
FL1331,1622,1,1634,9
FL1537,1621,2,1635,11
FL1456,1625,1,1637,9
FL1227,1628,2,1638,7
FL1223,1626,1,1640,11
FL1967,1626,2,1641,12
FL1762,1628,1,1643,12
FL1548,1630,2,1644,11
FL1528,1629,1,1646,14
FL1767,1632,2,1647,12
FL1083,1637,1,1649,9
FL1054,1636,2,1650,11
FL1127,1639,1,1652,10
FL1120,1641,2,1653,9
FL2015,1641,1,1655,11
FL1220,1641,2,1656,12
FL1679,1647,1,1658,8
FL1060,1652,2,1659,4
FL1536,1655,1,1661,3
FL1423,1655,2,1662,4
FL1322,1655,1,1664,6
FL1926,1655,2,1665,7
FL1735,1658,1,1667,6
FL1388,1659,2,1668,6
FL1499,1660,1,1670,7
FL1242,1664,2,1671,4
FL1443,1664,1,1673,6
FL2088,1667,2,1674,4
FL1113,1674,1,1677,0
FL1030,1675,2,1678,0
FL1475,1677,1,1680,0
FL1738,1682,2,1685,0
FL1126,1684,1,1687,0
FL2103,1684,2,1688,1
FL1270,1686,1,1690,1
FL1614,1689,2,1692,0
FL1402,1691,1,1694,0
FL1898,1693,2,1696,0
FL1188,1692,1,1697,2
FL1390,1695,2,1699,1
FL1299,1700,1,1703,0
FL1586,1698,2,1702,1
FL1706,1702,2,1705,0
FL1442,1701,1,1706,2
FL1195,1703,2,1708,2
FL1204,1705,1,1709,1
FL1857,1704,2,1711,4
FL1042,1706,1,1712,3
FL2162,1709,2,1714,2
FL1198,1710,1,1715,2
FL1202,1713,2,1717,1
FL1710,1718,1,1721,0
FL1287,1716,2,1720,1
FL1775,1719,2,1723,1
FL1959,1719,1,1724,2
FL1328,1723,2,1726,0
FL1450,1724,1,1727,0
FL2144,1723,2,1729,3
FL2072,1723,1,1730,4
FL2130,1725,2,1732,4
FL1713,1726,1,1733,4
FL1821,1725,2,1735,7
FL1907,1727,1,1736,6
FL1781,1729,2,1738,6
FL1992,1728,1,1739,8
FL1377,1729,2,1741,9
FL1997,1730,1,1742,9
FL1854,1733,2,1744,8
FL1364,1735,1,1745,7
FL1584,1735,2,1747,9
FL1998,1739,1,1748,6
FL1869,1738,2,1750,9
FL2084,1740,1,1751,8
FL1205,1741,2,1753,9
FL2138,1742,1,1754,9
FL1641,1745,2,1756,8
FL1671,1745,1,1757,9
FL1569,1748,2,1759,8
FL1676,1749,1,1760,8
FL1752,1753,2,1762,6
FL1611,1752,1,1763,8
FL1565,1753,2,1765,9
FL1429,1756,1,1766,7
FL1498,1755,2,1768,10
FL2125,1760,1,1769,6
FL1040,1759,2,1771,9
FL1408,1758,1,1772,11
FL2063,1761,2,1774,10
FL1453,1761,1,1775,11
FL1289,1769,2,1777,5
FL2054,1772,1,1778,3
FL1734,1772,2,1780,5
FL1009,1773,1,1781,5
FL1571,1778,2,1783,2
FL1642,1780,1,1784,1
FL1547,1782,2,1786,1
FL1944,1782,1,1787,2
FL1847,1784,2,1789,2
FL1351,1787,1,1790,0
FL1029,1790,2,1793,0
FL1697,1790,1,1793,0
FL1137,1794,1,1797,0
FL2078,1796,2,1799,0
FL1366,1794,1,1800,3
FL1621,1808,2,1811,0
FL1254,1810,1,1813,0
FL1276,1809,2,1814,2
FL2169,1812,1,1816,1
FL1391,1813,2,1817,1
FL1896,1814,1,1819,2
FL1899,1816,2,1820,1
FL2131,1816,1,1822,3
FL1955,1818,2,1823,2
FL1245,1820,1,1825,2
FL2056,1818,2,1826,5
FL1348,1818,1,1828,7
FL1675,1821,2,1829,5
FL1018,1824,1,1831,4
FL1129,1824,2,1832,5
FL1082,1824,1,1834,7
FL2176,1825,2,1835,7
FL1952,1824,1,1837,10
FL1605,1832,2,1838,3
FL2042,1835,1,1840,2
FL1022,1834,2,1841,4
FL1081,1839,1,1843,1
FL1451,1843,2,1846,0
FL1383,1844,1,1847,0
FL1434,1848,2,1851,0
FL1477,1849,1,1852,0
FL1021,1850,2,1854,1
FL1037,1852,1,1855,0
FL1859,1851,2,1857,3
FL1501,1859,1,1862,0
FL1608,1859,2,1862,0
FL1868,1862,1,1865,0
FL2156,1864,2,1867,0
FL1965,1866,1,1869,0
FL1723,1871,2,1874,0
FL1692,1873,1,1876,0
FL1466,1878,2,1881,0
FL1837,1878,1,1881,0
FL1986,1878,1,1884,3
FL1836,1878,2,1884,3
FL2043,1881,1,1887,3
FL1646,1885,2,1888,0
FL2170,1884,1,1890,3
FL1937,1884,2,1891,4
FL1072,1885,1,1893,5
FL1353,1886,2,1894,5
FL1523,1888,1,1896,5
FL1940,1891,2,1897,3
FL2116,1893,1,1899,3
FL1976,1896,2,1900,1
FL2013,1899,1,1902,0
FL2174,1904,2,1907,0
FL1360,1904,1,1907,0
FL1237,1904,1,1910,3
FL1686,1905,2,1910,2
FL1317,1905,1,1913,5
FL1094,1908,2,1913,2
FL1035,1910,1,1916,3
FL1346,1914,2,1917,0
FL2157,1916,1,1919,0
FL1891,1918,2,1921,0
FL1249,1918,1,1922,1
FL1140,1922,2,1925,0
FL1779,1920,1,1925,2
FL1487,1923,1,1928,2
FL1649,1924,2,1928,1
FL2060,1927,1,1931,1
FL1667,1930,2,1933,0
FL1435,1929,1,1934,2
FL1910,1934,2,1937,0
FL1740,1933,1,1937,1
FL1330,1940,1,1943,0
FL2178,1940,2,1943,0
FL1165,1945,1,1948,0
FL1562,1946,2,1949,0
FL1079,1946,1,1951,2
FL1338,1947,2,1952,2
FL1339,1947,1,1954,4
FL1867,1948,2,1955,4
FL1749,1947,1,1957,7
FL1418,1952,2,1958,3
FL1557,1950,1,1960,7
FL1761,1952,2,1961,6
FL1806,1953,1,1963,7
FL1379,1955,2,1964,6
FL1627,1953,1,1966,10
FL1624,1954,2,1967,10
FL1336,1961,1,1969,5
FL1579,1963,2,1970,4
FL1538,1962,1,1972,7
FL2122,1962,2,1973,8
FL1701,1964,1,1975,8
FL1272,1965,2,1976,8
FL1370,1965,1,1978,10
FL1375,1968,2,1979,8
FL2118,1969,1,1981,9
FL1698,1969,2,1982,10
FL1780,1973,1,1984,8
FL1533,1971,2,1985,11
FL1049,1974,1,1987,10
FL1077,1979,2,1988,6
FL1199,1978,1,1990,9
FL1226,1977,2,1991,11
FL2188,1977,1,1993,13
FL2182,1979,2,1994,12
FL1115,1981,1,1996,12
FL1278,1980,2,1997,14
FL2119,1985,1,1999,11
FL1729,1985,2,2000,12
FL1008,1984,1,2002,15
FL1669,1984,2,2003,16
FL1239,1989,1,2005,13
FL1027,1989,2,2006,14
FL1989,1989,1,2008,16
FL1708,1992,2,2009,14
FL1121,1994,1,2011,14
FL1216,1993,2,2012,16
FL1428,1996,1,2014,15
FL1416,1998,2,2015,14
FL1386,1998,1,2017,16
FL1852,2002,2,2018,13
