flight_id,callsign,arrival_time,scheduled_time,aircraft_type,traffic_level,eta_minutes,ROT,traffic_density,runway_congestion,delay_minutes
A100,FL1000,1126,1134,HEAVY,8,1130,3.790550473839461,23,7,4.699974915818004
A101,FL1001,1482,1494,HEAVY,4,1484,2.0617534828874073,6,2,1.921998772266825
A102,FL1002,1437,1447,MEDIUM,5,1437,2.912726728878613,16,5,3.223062425041416
A103,FL1003,474,489,LIGHT,3,477,3.5427033152408347,7,2,2.2599404067363205
A104,FL1004,646,655,HEAVY,7,647,4.84665661176,18,6,4.408397348116461
A105,FL1005,776,790,HEAVY,2,779,2.7230763980780353,11,3,2.809996657782621
A106,FL1006,775,794,LIGHT,1,778,2.546708263364187,8,2,1.9117110760894112
A107,FL1007,1413,1423,MEDIUM,4,1417,4.9087538832936755,16,5,4.139498941564189
A108,FL1008,1981,1989,MEDIUM,8,1984,2.1356818667316144,12,4,3.244533848678152
A109,FL1009,1772,1778,LIGHT,5,1773,4.895765921792414,17,5,3.540924224974763
A110,FL1010,14,31,HEAVY,9,14,4.3167343078899725,16,5,3.4934881747180384
A111,FL1011,1086,1101,LIGHT,1,1088,4.370526621593617,9,3,2.726300878513349
A112,FL1012,1017,1030,LIGHT,9,1020,2.9926940745579476,20,6,4.370818252198267
A113,FL1013,1597,1609,HEAVY,3,1600,3.9126724140656393,7,2,1.8722149251619493
A114,FL1014,612,631,MEDIUM,3,612,4.1651885634946195,18,6,4.093795596364391
A115,FL1015,392,411,LIGHT,3,392,2.94306794322898,8,2,2.507566473926093
A116,FL1016,1430,1441,HEAVY,4,1434,2.230939729486379,23,7,4.7612212872540045
A117,FL1017,577,591,HEAVY,9,581,4.614381770563153,16,5,3.386570058886036
A118,FL1018,1821,1839,LIGHT,7,1824,3.0688935142309246,5,1,1.2721322493846352
A119,FL1019,1306,1324,HEAVY,4,1310,4.582191749769031,11,3,2.364655853142942
A120,FL1020,1434,1447,MEDIUM,5,1434,2.3595961020010483,16,5,3.4441255222477745
A121,FL1021,1850,1860,HEAVY,4,1850,2.1946767413269446,24,8,5.046876062838602
A122,FL1022,1830,1836,LIGHT,1,1834,2.8545214831324026,21,7,4.466781014275285
A123,FL1023,1,7,MEDIUM,7,5,3.035213744080049,5,1,1.2395618906669723
A124,FL1024,1153,1162,MEDIUM,6,1156,2.2425599789981456,21,7,4.92821634861186
A125,FL1025,279,288,MEDIUM,6,281,4.449295619658152,20,6,4.835302495589238
A126,FL1026,1147,1162,MEDIUM,3,1150,2.977876715605654,8,2,1.6165878289278561
A127,FL1027,1986,2005,LIGHT,4,1989,4.821569793468812,12,4,2.7867353463005378
A128,FL1028,337,349,HEAVY,9,337,2.6272148622131413,14,4,3.057941627715156
A129,FL1029,1787,1801,HEAVY,4,1790,2.782487524491227,5,1,1.0931027678058993
A130,FL1030,1675,1684,HEAVY,7,1675,2.8366140577765457,23,7,5.32595567887024
A131,FL1031,1154,1162,MEDIUM,8,1154,3.9260949384628634,15,5,3.9356349942209476
A132,FL1032,1443,1453,MEDIUM,3,1443,3.9905053073241676,22,7,4.560808051417499
A133,FL1033,337,343,MEDIUM,3,341,2.6728079283816792,5,1,1.0180753636155209
A134,FL1034,397,406,LIGHT,3,397,2.9241823755571676,20,6,4.093674767828093
A135,FL1035,1906,1916,LIGHT,6,1910,3.460226458878365,12,4,3.0311386259972632
A136,FL1036,225,234,MEDIUM,1,228,4.006772178989299,5,1,1.1952429877980446
A137,FL1037,1852,1859,LIGHT,1,1852,4.983651532392023,18,6,4.514864390220449
A138,FL1038,98,114,HEAVY,5,102,3.284552444951943,7,2,2.3803315837160457
A139,FL1039,1139,1158,HEAVY,5,1139,2.950766015468833,22,7,4.956801262458351
A140,FL1040,1758,1768,MEDIUM,3,1759,3.845021680097509,6,2,1.454163649069739
A141,FL1041,489,495,MEDIUM,1,489,2.4098639943260864,20,6,4.552819976907908
A142,FL1042,1705,1716,MEDIUM,3,1706,4.601216955740311,17,5,3.481594180400241
A143,FL1043,902,915,HEAVY,4,902,2.212822750999783,18,6,4.395792669436101
A144,FL1044,971,978,LIGHT,2,972,3.315422369054261,23,7,5.0655980181324605
A145,FL1045,574,592,HEAVY,6,575,4.581213854935026,21,7,4.237348188749214
A146,FL1046,837,856,MEDIUM,5,837,4.483607011362766,16,5,4.16525183039077
A147,FL1047,1126,1134,MEDIUM,4,1128,3.9122897044946194,24,8,4.93274542224297
A148,FL1048,369,385,MEDIUM,3,369,3.1964627043343836,23,7,5.038971420705637
A149,FL1049,1974,1988,HEAVY,5,1974,4.0654997022960995,5,1,1.1732943200708457
A150,FL1050,512,531,MEDIUM,6,512,3.9805921301531937,5,1,1.954865280663194
A151,FL1051,703,722,HEAVY,6,707,3.2588001872833696,16,5,3.7660372104940762
A152,FL1052,1458,1467,MEDIUM,9,1462,2.3482179215207486,9,3,1.89415698826856
A153,FL1053,93,111,MEDIUM,4,97,3.4225214872619754,20,6,4.8069129770507795
A154,FL1054,1635,1640,MEDIUM,5,1636,3.8475502941566493,9,3,2.686680387298048
A155,FL1055,1203,1222,MEDIUM,3,1204,3.5031196517457777,9,3,2.483963769398141
A156,FL1056,1039,1051,LIGHT,2,1039,4.601596800665011,24,8,5.37547417787588
A157,FL1057,689,696,HEAVY,1,693,3.6368503679478046,9,3,2.425939670101573
A158,FL1058,1600,1605,MEDIUM,2,1604,2.283328882267785,7,2,1.7365542148887267
A159,FL1059,89,101,HEAVY,2,91,2.8455643243201996,8,2,2.2928903586919396
A160,FL1060,1649,1666,LIGHT,8,1652,3.2538380951467363,8,2,1.7774395437797228
A161,FL1061,456,468,LIGHT,1,458,3.2378530307342794,22,7,4.650016449216105
A162,FL1062,95,107,LIGHT,5,98,3.2869820821250553,17,5,4.1399087604473745
A163,FL1063,866,879,MEDIUM,1,866,3.5157571173435715,20,6,4.389618086219204
A164,FL1064,396,411,LIGHT,1,399,2.032512954440895,13,4,3.4471431440955898
A165,FL1065,264,275,MEDIUM,4,266,3.479076973315415,20,6,4.44844552197832
A166,FL1066,1122,1138,HEAVY,4,1124,2.6381836850726867,20,6,4.789618142794554
A167,FL1067,108,117,MEDIUM,7,109,3.3245915041201313,15,5,3.7058314838786943
A168,FL1068,750,766,HEAVY,1,754,4.515442291291955,18,6,4.30096913145912
A169,FL1069,169,182,MEDIUM,2,173,3.539978506077179,10,3,2.9866395785011752
A170,FL1070,1519,1536,HEAVY,6,1522,2.710055581046236,11,3,3.186001063822871
A171,FL1071,1155,1163,MEDIUM,3,1159,3.1339627703667636,11,3,2.6242220092469766
A172,FL1072,1881,1888,LIGHT,3,1885,2.034060934302257,24,8,4.918817916268073
A173,FL1073,828,847,HEAVY,7,828,4.043118281290727,21,7,4.282891321693354
A174,FL1074,928,938,HEAVY,6,929,2.0364634240694492,17,5,3.4431599119505765
A175,FL1075,1172,1182,HEAVY,5,1175,3.6615628532039626,24,8,4.87543454708977
A176,FL1076,46,59,HEAVY,1,50,4.0907751675914445,7,2,2.301158010490989
A177,FL1077,1976,1991,MEDIUM,8,1979,2.3202681978076534,12,4,2.5696799038955658
A178,FL1078,675,689,MEDIUM,2,678,2.2332039108949546,13,4,2.859949862854263
A179,FL1079,1946,1956,LIGHT,1,1946,2.928582848858983,24,8,5.402781882023299
A180,FL1080,751,768,HEAVY,3,755,4.821595481406151,23,7,5.32571950838836
A181,FL1081,1838,1851,MEDIUM,8,1839,3.6547636176322102,9,3,1.826366974497252
A182,FL1082,1824,1834,HEAVY,2,1824,3.1302169098138224,21,7,5.038328704711138
A183,FL1083,1633,1646,LIGHT,1,1637,2.1691264899527813,10,3,2.691714397168912
A184,FL1084,708,727,HEAVY,6,710,3.6662951168078823,9,3,2.526120844071848
A185,FL1085,713,727,LIGHT,1,717,3.3516324059302804,18,6,3.8514424395117985
A186,FL1086,684,701,MEDIUM,1,684,4.270997396516686,6,2,1.5581627180328406
A187,FL1087,1095,1106,MEDIUM,2,1097,3.56049050333598,16,5,4.0163857352130625
A188,FL1088,235,244,MEDIUM,9,235,2.402045685351922,19,6,4.2205357786650755
A189,FL1089,1252,1261,MEDIUM,2,1254,2.6388924845267323,10,3,2.617263712097292
A190,FL1090,737,747,MEDIUM,2,738,3.176732135299197,23,7,5.504158694493749
A191,FL1091,1331,1344,MEDIUM,1,1334,2.8938783546258513,14,4,3.6623637087467453
A192,FL1092,132,149,MEDIUM,8,132,3.4763488792386146,24,8,5.259135756238262
A193,FL1093,545,555,HEAVY,2,549,2.6273923732355424,15,5,3.240145618778193
A194,FL1094,1906,1925,HEAVY,7,1908,2.41648151794823,12,4,2.580067272349299
A195,FL1095,899,911,HEAVY,3,901,3.5457081645926327,22,7,5.0019353955409604
A196,FL1096,1074,1081,HEAVY,5,1075,2.835771017095876,10,3,2.1206358711006006
A197,FL1097,232,248,MEDIUM,2,232,3.5102518125645705,17,5,3.7215827646800292
A198,FL1098,793,806,LIGHT,9,795,4.7626172015954396,21,7,4.4768776481472035
A199,FL1099,1280,1292,HEAVY,3,1284,4.958770987600445,19,6,4.170472102791383
A200,FL1100,725,743,MEDIUM,7,726,4.24241281440127,18,6,3.747739091906227
A201,FL1101,882,893,LIGHT,7,884,3.596340455795947,17,5,4.267214981074724
A202,FL1102,805,812,LIGHT,9,809,2.546851635427874,11,3,2.5220791655831785
A203,FL1103,1254,1264,MEDIUM,9,1254,3.0287805928347806,8,2,1.9551043032793047
A204,FL1104,232,249,MEDIUM,4,233,3.6732267978513122,12,4,2.83165954622968
A205,FL1105,594,608,HEAVY,5,597,3.9377517239948037,6,2,1.4443531554646547
A206,FL1106,314,331,MEDIUM,5,314,2.711680375207983,10,3,2.3653568196740578
A207,FL1107,623,631,MEDIUM,8,623,2.2407012369849264,23,7,4.618242481428362
A208,FL1108,228,236,LIGHT,6,229,3.72799525341698,15,5,3.86550712589398
A209,FL1109,645,655,HEAVY,8,647,4.4625844194600575,6,2,1.75676289301393
A210,FL1110,1415,1429,LIGHT,5,1416,2.971037709212731,23,7,4.79950692733832
A211,FL1111,531,536,LIGHT,1,532,4.303338504328517,10,3,2.581238221422612
A212,FL1112,138,157,HEAVY,3,138,3.1076914445296886,14,4,3.3486031179381532
A213,FL1113,1673,1689,MEDIUM,8,1674,2.2636043337279705,9,3,1.8027108994143297
A214,FL1114,776,791,LIGHT,8,778,3.046604799628986,21,7,5.050727460016455
A215,FL1115,1979,1995,MEDIUM,5,1981,4.815021370463113,16,5,3.5792285849638006
A216,FL1116,512,524,MEDIUM,8,514,4.3858019355796705,18,6,4.399537130919516
A217,FL1117,1314,1323,HEAVY,5,1316,3.9955916620886005,8,2,1.9161965822964948
A218,FL1118,1065,1078,MEDIUM,8,1067,3.8723046325455126,5,1,1.7476093801762511
A219,FL1119,142,147,HEAVY,1,142,3.1744463306045057,6,2,1.7435528611139888
A220,FL1120,1639,1651,LIGHT,7,1641,3.294584429409328,7,2,2.027708053071418
A221,FL1121,1991,2005,LIGHT,1,1994,4.224382733417136,8,2,2.5976926159238434
A222,FL1122,1464,1469,HEAVY,5,1466,4.231838877718031,8,2,2.1698896848713165
A223,FL1123,1545,1554,LIGHT,1,1549,2.3318952108656217,8,2,2.0570002192816785
A224,FL1124,947,959,LIGHT,8,951,3.4590724459868234,8,2,2.3222525683930666
A225,FL1125,129,144,LIGHT,3,131,3.6965250419689215,15,5,3.5990293647773264
A226,FL1126,1683,1698,MEDIUM,8,1684,4.841850018835446,16,5,4.111852408842965
A227,FL1127,1639,1657,MEDIUM,9,1639,2.0543305514625216,15,5,3.9321182824836125
A228,FL1128,355,363,HEAVY,8,359,4.1217159029401955,14,4,3.571246668519738
A229,FL1129,1822,1836,HEAVY,6,1824,4.209332706874168,12,4,3.2404396319804234
A230,FL1130,778,789,HEAVY,5,782,2.4965615311018694,8,2,1.724662681203267
A231,FL1131,824,829,LIGHT,6,826,3.7738263072347875,19,6,3.8547616388220316
A232,FL1132,1160,1174,HEAVY,5,1161,3.0004975150734325,24,8,5.3373956029379235
A233,FL1133,74,84,MEDIUM,7,75,3.4425109342672204,21,7,4.787068224136568
A234,FL1134,954,970,LIGHT,3,954,3.4951033182184394,10,3,2.033879160246595
A235,FL1135,1184,1189,HEAVY,6,1185,2.039283369765001,21,7,4.378035966869752
A236,FL1136,1107,1120,HEAVY,4,1110,3.605209156800976,12,4,2.902195010331243
A237,FL1137,1792,1809,MEDIUM,7,1794,2.629716779286757,23,7,4.9493869990493335
A238,FL1138,669,686,HEAVY,8,671,2.197125918285057,18,6,4.3140591997898285
A239,FL1139,1009,1015,MEDIUM,1,1010,3.491035846463747,23,7,4.755240245930713
A240,FL1140,1920,1932,HEAVY,7,1922,3.119927948839259,14,4,3.6974304098188844
A241,FL1141,161,177,HEAVY,7,164,4.519366578369712,11,3,2.8589239419101515
A242,FL1142,832,845,LIGHT,3,834,3.5165236373181012,12,4,2.5041085819845743
A243,FL1143,1262,1271,LIGHT,3,1262,3.670164754350098,12,4,2.4994413927593455
A244,FL1144,95,107,MEDIUM,8,97,4.8879479556646235,24,8,5.468085136570647
A245,FL1145,468,486,LIGHT,7,469,2.039005770532208,11,3,2.9359046131960023
A246,FL1146,1108,1115,HEAVY,3,1111,3.92877669084276,22,7,5.292671711076975
A247,FL1147,814,823,LIGHT,2,816,3.7708848275444233,16,5,4.03065450656525
A248,FL1148,804,814,MEDIUM,9,805,4.583204059924165,7,2,2.3484533069621567
A249,FL1149,853,869,HEAVY,8,855,4.683656680682274,21,7,4.684778367150346
A250,FL1150,1232,1250,HEAVY,8,1233,3.900434659478442,11,3,2.4180231074940868
A251,FL1151,1301,1316,MEDIUM,4,1302,3.5770705469080575,17,5,4.091221857609654
A252,FL1152,804,819,MEDIUM,2,808,4.4451632852073715,13,4,2.874055220687206
A253,FL1153,1040,1049,HEAVY,6,1041,4.160607744896888,14,4,2.9400185386604494
A254,FL1154,26,39,LIGHT,6,28,3.792239306510925,16,5,3.833098063357448
A255,FL1155,820,831,MEDIUM,1,821,3.213144504647073,18,6,3.6469659667750554
A256,FL1156,1019,1029,LIGHT,1,1021,2.2710108817328236,23,7,4.8453491096813215
A257,FL1157,148,163,LIGHT,4,148,4.164598583365716,12,4,2.9664046402968975
A258,FL1158,97,108,LIGHT,8,101,3.4512648257972383,8,2,2.1398427789081937
A259,FL1159,1490,1497,LIGHT,1,1492,3.7905285467506675,6,2,1.823332550904991
A260,FL1160,1473,1482,HEAVY,9,1473,3.2383806518202567,15,5,3.5982860582681546
A261,FL1161,24,35,LIGHT,3,25,4.398247636906937,16,5,4.167699388207087
A262,FL1162,101,107,LIGHT,5,104,4.422290755450284,21,7,4.336818630918962
A263,FL1163,329,342,LIGHT,1,332,3.6257028421350745,23,7,5.332224886409562
A264,FL1164,660,665,LIGHT,5,660,4.7100914379080745,16,5,3.4212094418196024
A265,FL1165,1945,1958,HEAVY,7,1945,2.5417260353820006,11,3,2.233945978585799
A266,FL1166,628,639,HEAVY,3,629,3.2652879791915375,22,7,5.145064548120221
A267,FL1167,371,382,LIGHT,2,373,4.486746422452033,21,7,4.850167350443228
A268,FL1168,1175,1182,HEAVY,2,1177,4.0888663276344195,12,4,2.8410321617481618
A269,FL1169,982,998,LIGHT,8,982,3.6152044711423628,17,5,4.025891376437009
A270,FL1170,15,32,MEDIUM,2,17,4.61029662170279,17,5,3.9289371340272123
A271,FL1171,1439,1446,LIGHT,7,1442,2.1580515079316855,21,7,4.601930913609243
A272,FL1172,244,260,HEAVY,8,247,4.9522504075978855,14,4,2.89169933511143
A273,FL1173,1382,1390,HEAVY,1,1382,2.3314223393941838,18,6,3.8970028764548825
A274,FL1174,323,329,MEDIUM,5,323,2.8317969370903207,18,6,3.645100677220323
A275,FL1175,398,403,HEAVY,8,401,2.6547616635951927,9,3,2.586345014415552
A276,FL1176,938,954,MEDIUM,7,940,4.711171901525812,6,2,1.3670339460920755
A277,FL1177,563,571,LIGHT,8,566,4.513477205849736,23,7,5.1126885110165095
A278,FL1178,1353,1368,MEDIUM,9,1354,2.1101958122798408,7,2,2.2262056957939658
A279,FL1179,1540,1549,MEDIUM,7,1540,3.5547811000291767,24,8,5.794907822646436
A280,FL1180,1596,1611,MEDIUM,3,1597,3.4735590226058797,21,7,4.353895906339855
A281,FL1181,159,166,MEDIUM,8,163,3.610923268680241,13,4,3.4949214412278398
A282,FL1182,1380,1386,LIGHT,9,1382,2.8188781245689447,13,4,2.6443766635332366
A283,FL1183,737,753,MEDIUM,9,737,3.6525721118274177,6,2,1.6084532130706988
A284,FL1184,974,984,LIGHT,5,975,3.597807558202286,9,3,2.0201832019498114
A285,FL1185,972,988,HEAVY,1,973,3.485439581041923,23,7,5.42468096592515
A286,FL1186,1591,1603,MEDIUM,8,1593,4.593478640922045,5,1,1.878629986355158
A287,FL1187,1170,1182,HEAVY,9,1174,4.511039985091016,14,4,2.9058340938285845
A288,FL1188,1690,1700,LIGHT,5,1692,4.883945864554722,23,7,5.479071480228132
A289,FL1189,425,439,LIGHT,5,426,4.453901072357187,18,6,4.356635803784934
A290,FL1190,1547,1558,MEDIUM,1,1547,3.8954405810500052,6,2,1.8340057030996115
A291,FL1191,855,872,LIGHT,6,857,4.2830837075060835,14,4,3.2322407838925127
A292,FL1192,993,1012,LIGHT,5,997,4.366420945612233,24,8,5.487885722300814
A293,FL1193,1265,1273,LIGHT,1,1268,2.202051804406315,14,4,3.273573888435089
A294,FL1194,21,35,LIGHT,2,22,4.970445118251941,19,6,4.768877855285692
A295,FL1195,1699,1714,LIGHT,4,1703,3.1508367812168654,15,5,3.8215129474074407
A296,FL1196,878,897,LIGHT,7,879,2.4768148498302693,6,2,2.1971245001577113
A297,FL1197,1122,1139,HEAVY,7,1126,4.081046677344466,24,8,5.639947164672472
A298,FL1198,1710,1728,MEDIUM,3,1710,4.8897099603203955,19,6,4.2197273169261225
A299,FL1199,1978,1986,MEDIUM,3,1978,3.3268962871427306,5,1,1.3207427404381273
A300,FL1200,933,952,MEDIUM,3,933,3.955000476127655,16,5,3.762750286343383
A301,FL1201,491,506,MEDIUM,9,491,2.273493471218575,12,4,3.1709218446440524
A302,FL1202,1709,1715,LIGHT,3,1713,2.3937346330471625,7,2,1.5854588746766545
A303,FL1203,526,539,MEDIUM,7,526,3.8219193447880135,24,8,5.230305894899463
A304,FL1204,1701,1714,LIGHT,6,1705,2.806980213305293,12,4,2.710361958923574
A305,FL1205,1740,1745,HEAVY,2,1741,3.4398165041513704,10,3,2.2916625787093032
A306,FL1206,1324,1337,HEAVY,6,1324,2.1188564760450714,23,7,4.704930178418175
A307,FL1207,400,416,HEAVY,6,403,4.107394911632312,14,4,3.575804735792956
A308,FL1208,241,257,HEAVY,2,241,2.2635994974345,17,5,3.482508534440422
A309,FL1209,588,596,MEDIUM,6,589,4.932399158944357,18,6,4.293193940822681
A310,FL1210,142,148,MEDIUM,7,145,2.313703521003201,15,5,3.1242199667280595
A311,FL1211,634,644,HEAVY,6,634,2.155913850954417,13,4,3.3090605194509166
A312,FL1212,1287,1299,MEDIUM,4,1289,3.453195342722122,15,5,3.8948166560605277
A313,FL1213,899,909,MEDIUM,6,900,3.4427114943469546,13,4,2.763999480989497
A314,FL1214,13,28,MEDIUM,6,16,2.7413097020304393,17,5,3.8792789285762876
A315,FL1215,1266,1280,LIGHT,7,1269,4.232837196784867,23,7,4.761672544146803
A316,FL1216,1989,1995,LIGHT,6,1993,4.989001748170226,13,4,3.0932768467838
A317,FL1217,923,937,LIGHT,3,927,2.2165952269375273,19,6,4.057682888511214
A318,FL1218,1355,1360,MEDIUM,5,1356,4.228119563599943,24,8,5.428764818205946
A319,FL1219,731,747,MEDIUM,4,734,2.1203275742374474,21,7,4.713995867808725
A320,FL1220,1640,1648,MEDIUM,5,1641,3.4600068242741084,6,2,1.7977235652558645
A321,FL1221,931,941,LIGHT,3,933,2.851563585825935,16,5,3.5838471518677966
A322,FL1222,529,541,HEAVY,1,531,4.3280006211062885,8,2,2.509032520665641
A323,FL1223,1622,1636,MEDIUM,2,1626,4.563155280108737,17,5,3.837165388816827
A324,FL1224,1525,1541,HEAVY,8,1525,3.9878638370249613,11,3,2.3635238725850227
A325,FL1225,890,903,HEAVY,2,892,3.9702099936238766,5,1,1.7734731256866008
A326,FL1226,1975,1983,HEAVY,7,1977,4.651129008982258,18,6,3.930889362989172
A327,FL1227,1628,1642,MEDIUM,9,1628,3.348301505641213,12,4,3.0171449866040305
A328,FL1228,512,525,MEDIUM,4,515,2.110014280800629,9,3,2.1567320530400016
A329,FL1229,1227,1236,HEAVY,1,1230,3.339105939537757,19,6,4.668271280513259
A330,FL1230,619,634,HEAVY,4,620,4.960078941071485,13,4,3.131169528001032
A331,FL1231,1043,1057,HEAVY,1,1045,3.3565970848503057,9,3,1.9033089571240156
A332,FL1232,690,708,MEDIUM,4,694,3.4396912447762196,15,5,3.0173797901854797
A333,FL1233,216,222,HEAVY,9,218,3.4665397407707603,16,5,3.732244988826299
A334,FL1234,150,168,HEAVY,4,151,2.605560356368845,12,4,3.3699120461072707
A335,FL1235,128,139,HEAVY,6,132,4.890040498461197,19,6,4.492625952226165
A336,FL1236,310,321,MEDIUM,2,311,3.8535417206036415,12,4,3.264608835955037
A337,FL1237,1904,1920,LIGHT,8,1904,4.068580253094684,5,1,1.600609542546236
A338,FL1238,1310,1328,HEAVY,5,1310,2.319779090923972,6,2,2.1994137257706665
A339,FL1239,1989,2008,HEAVY,1,1989,4.980010812075886,17,5,4.1823854840582735
A340,FL1240,588,607,HEAVY,4,589,3.212420964953099,18,6,4.525674830880712
A341,FL1241,18,28,MEDIUM,2,22,4.393440946575904,23,7,5.468900625540572
A342,FL1242,1664,1676,MEDIUM,6,1664,2.9851436836552434,5,1,1.366461534871398
A343,FL1243,710,729,HEAVY,3,713,3.64549916495443,5,1,1.2375441308743276
A344,FL1244,1520,1527,MEDIUM,3,1521,4.278032983768598,13,4,2.97978578017923
A345,FL1245,1817,1829,MEDIUM,6,1820,2.076926197419307,16,5,3.348991855970195
A346,FL1246,303,312,LIGHT,4,305,4.294649784626385,10,3,2.746875716135823
A347,FL1247,363,378,LIGHT,5,365,2.0226886249344265,19,6,3.871280270055164
A348,FL1248,398,411,LIGHT,3,401,4.803308080416543,23,7,4.701420828449217
A349,FL1249,1916,1924,HEAVY,4,1918,4.7888176322659675,7,2,1.9809320532627979
A350,FL1250,105,113,MEDIUM,2,106,2.8178720022006014,8,2,2.4231740155956603
A351,FL1251,349,364,LIGHT,7,353,2.553755388611099,21,7,4.767312219628904
A352,FL1252,297,309,MEDIUM,7,297,3.120529049115163,17,5,4.033151375594023
A353,FL1253,890,907,LIGHT,6,894,4.652619390045223,13,4,3.3937438503805164
A354,FL1254,1806,1820,MEDIUM,9,1810,4.717673314363282,20,6,4.556637057936717
A355,FL1255,858,867,MEDIUM,8,860,4.553522782558312,11,3,2.8675498992914705
A356,FL1256,145,152,MEDIUM,1,146,2.458951402485688,21,7,4.936873744944182
A357,FL1257,1249,1254,LIGHT,5,1249,2.535337895683316,9,3,2.441971500443266
A358,FL1258,987,998,LIGHT,9,991,3.783429005558519,6,2,1.4745402540001256
A359,FL1259,262,271,MEDIUM,3,263,3.2845988447768444,11,3,2.9245168513986184
A360,FL1260,458,469,MEDIUM,3,461,4.173016451386223,14,4,3.7055247923296744
A361,FL1261,620,638,HEAVY,1,623,2.575601974156229,12,4,2.766956079204801
A362,FL1262,1093,1106,LIGHT,4,1097,3.557179372724811,6,2,1.869602616133962
A363,FL1263,427,442,HEAVY,8,428,4.0403957933103545,16,5,3.524333753115376
A364,FL1264,1282,1292,MEDIUM,2,1285,3.985517569548136,21,7,5.1954804907042575
A365,FL1265,1494,1512,MEDIUM,4,1498,2.525908827072979,19,6,4.000933688659057
A366,FL1266,207,221,MEDIUM,9,210,3.042714572716946,16,5,4.181236374344304
A367,FL1267,514,532,HEAVY,7,517,4.922493885884046,9,3,2.5371802250072433
A368,FL1268,1271,1287,HEAVY,9,1275,2.2787874331381697,22,7,5.187901988292265
A369,FL1269,799,804,HEAVY,6,802,4.126234093228929,18,6,3.717649028473559
A370,FL1270,1686,1692,HEAVY,2,1686,2.2629282402915156,13,4,3.109724246751698
A371,FL1271,834,842,MEDIUM,7,835,3.8017830000818518,10,3,2.9193919732144176
A372,FL1272,1962,1981,MEDIUM,5,1965,2.6255315430720074,19,6,4.197178777429212
A373,FL1273,677,683,HEAVY,3,678,4.6041700703223505,10,3,2.1412780492755057
A374,FL1274,1030,1038,MEDIUM,9,1034,2.068681474928361,6,2,1.4236144344963115
A375,FL1275,1229,1237,MEDIUM,9,1230,2.397574018225545,5,1,1.9227571905133942
A376,FL1276,1805,1810,MEDIUM,6,1809,2.952594343630211,7,2,1.7986630277723132
A377,FL1277,1048,1065,HEAVY,2,1052,2.077435720848461,19,6,4.763115111589174
A378,FL1278,1979,1995,HEAVY,4,1980,2.8332578712477834,10,3,2.0003325061204893
A379,FL1279,42,60,MEDIUM,7,44,3.1593825234774413,9,3,2.58076158606844
A380,FL1280,777,790,MEDIUM,2,781,3.858493254222763,19,6,4.7836789252634135
A381,FL1281,82,95,LIGHT,5,82,4.348088122232448,18,6,3.701045811010647
A382,FL1282,1103,1119,HEAVY,4,1106,4.99009056155893,21,7,4.4326455385626815
A383,FL1283,1403,1411,HEAVY,4,1406,3.5811243917349547,11,3,2.9243174696766614
A384,FL1284,1508,1516,LIGHT,3,1510,3.242389257586781,18,6,3.7768871451438546
A385,FL1285,597,606,MEDIUM,7,598,2.401411208838466,10,3,2.259813208745034
A386,FL1286,649,660,MEDIUM,8,653,2.6456056160517125,22,7,5.029298806010736
A387,FL1287,1716,1722,HEAVY,4,1716,2.3292085960325104,15,5,3.454377334559961
A388,FL1288,307,318,HEAVY,4,308,2.97402778067018,22,7,4.8760181293687666
A389,FL1289,1768,1785,HEAVY,6,1769,4.355049631511171,17,5,3.533145004178097
A390,FL1290,191,196,HEAVY,9,191,4.426650384908984,20,6,4.254670622046051
A391,FL1291,1033,1039,MEDIUM,8,1037,4.475396587786111,6,2,1.5863489098483157
A392,FL1292,725,737,HEAVY,1,728,3.351858970189274,17,5,3.550169000817042
A393,FL1293,1439,1455,HEAVY,7,1443,2.1434924611823165,12,4,2.4847920160458035
A394,FL1294,42,47,HEAVY,3,44,2.0363254257046624,9,3,2.3085792894475787
A395,FL1295,231,245,LIGHT,4,233,4.91224987301201,23,7,5.261370611070415
A396,FL1296,539,546,LIGHT,5,543,3.9809081591040143,12,4,2.665046428325004
A397,FL1297,1573,1592,HEAVY,8,1573,4.927972548796378,19,6,4.005687262195555
A398,FL1298,1584,1592,MEDIUM,4,1584,3.931712760623392,22,7,4.7222155034446285
A399,FL1299,1699,1715,LIGHT,8,1700,3.8056447689089663,20,6,4.811769788090137
A400,FL1300,891,897,LIGHT,1,892,2.6738468355315557,12,4,2.8320768829441962
A401,FL1301,123,137,HEAVY,2,126,2.7220781354975148,16,5,3.3974704898599377
A402,FL1302,685,690,HEAVY,3,686,4.447840816905852,11,3,3.046514338690278
A403,FL1303,1256,1275,MEDIUM,5,1260,2.6631901143611856,12,4,3.148191905978998
A404,FL1304,237,248,LIGHT,6,239,2.807993894906075,17,5,3.5648148157294375
A405,FL1305,540,549,LIGHT,4,542,4.89538922638099,19,6,4.305852692951829
A406,FL1306,87,103,HEAVY,6,89,4.274555033229612,5,1,1.50836054691628
A407,FL1307,702,712,LIGHT,7,706,2.28127076193667,16,5,3.8362913539792483
A408,FL1308,1151,1160,LIGHT,8,1152,3.6741269754469013,12,4,2.6466788645216233
A409,FL1309,1284,1291,HEAVY,4,1286,3.2044829475838648,14,4,3.4575603127780234
A410,FL1310,472,486,HEAVY,7,474,2.5640742038462485,13,4,2.9752599044426664
A411,FL1311,1416,1424,MEDIUM,6,1419,4.237201348193697,18,6,4.349545484468888
A412,FL1312,1460,1473,LIGHT,3,1462,4.989003012881742,8,2,1.9853758830473618
A413,FL1313,1155,1163,MEDIUM,8,1157,2.413468697477706,10,3,2.4126218408486237
A414,FL1314,870,879,MEDIUM,6,873,2.5439578397765157,17,5,3.4929906398231325
A415,FL1315,1142,1153,HEAVY,3,1146,3.739951362284394,24,8,5.360660094416172
A416,FL1316,765,777,MEDIUM,2,767,2.8094621603846432,23,7,5.098255682263455
A417,FL1317,1901,1908,MEDIUM,8,1905,4.237775626441024,10,3,2.2098419948564096
A418,FL1318,867,874,HEAVY,4,867,3.3020580985216257,22,7,4.771422001873046
A419,FL1319,1136,1151,LIGHT,9,1139,2.89833053147566,5,1,1.4212480532940721
A420,FL1320,1283,1291,LIGHT,6,1286,3.151498855799132,13,4,3.5503127529305916
A421,FL1321,836,849,HEAVY,2,838,2.0785901255961945,21,7,4.785810145971902
A422,FL1322,1653,1670,MEDIUM,1,1655,2.896176720766319,23,7,4.859296758865774
A423,FL1323,1325,1339,LIGHT,5,1329,3.3851984408371463,24,8,5.602643309795711
A424,FL1324,1097,1106,MEDIUM,4,1098,4.728170576025189,8,2,2.36551289899111
A425,FL1325,1205,1223,HEAVY,4,1205,4.869843863250374,16,5,3.244594908372962
A426,FL1326,1365,1381,LIGHT,3,1368,4.361379807804813,14,4,3.071949726128631
A427,FL1327,1205,1224,MEDIUM,9,1209,2.80441706028654,13,4,3.0875711936733845
A428,FL1328,1719,1734,MEDIUM,9,1723,3.5972620468256515,5,1,1.7718577261816213
A429,FL1329,1093,1112,LIGHT,2,1095,4.890183302640651,19,6,4.6821356142820605
A430,FL1330,1940,1954,MEDIUM,8,1940,3.483443393885279,22,7,4.544965072379817
A431,FL1331,1622,1636,HEAVY,8,1622,3.3917974600650087,16,5,3.549506372086819
A432,FL1332,424,429,MEDIUM,5,427,3.253969801611453,11,3,2.883754105577043
A433,FL1333,288,293,HEAVY,2,291,4.168442909625451,13,4,3.3916999884533516
A434,FL1334,176,181,MEDIUM,6,177,3.454088861390141,9,3,2.745698147000282
A435,FL1335,1135,1148,MEDIUM,2,1137,3.9529204014528627,16,5,3.262273105881886
A436,FL1336,1959,1969,LIGHT,3,1961,4.358834598152099,11,3,3.0721357000224767
A437,FL1337,1177,1196,MEDIUM,4,1181,3.9788880991842266,24,8,5.670578425046008
A438,FL1338,1946,1963,HEAVY,8,1947,4.2521885209980415,21,7,4.22716742122556
A439,FL1339,1944,1956,MEDIUM,3,1947,3.6161053938581427,24,8,5.598344188224329
A440,FL1340,678,686,LIGHT,9,680,3.1412600225226868,23,7,5.041072158250785
A441,FL1341,778,790,MEDIUM,8,781,4.3785632571015185,8,2,1.876441690583396
A442,FL1342,1095,1106,HEAVY,8,1096,2.473864468506044,24,8,5.357820191929202
A443,FL1343,385,396,LIGHT,3,387,2.830713462133427,12,4,2.9070511038654416
A444,FL1344,219,224,LIGHT,8,223,4.1979057041024985,20,6,4.152104283222273
A445,FL1345,259,277,MEDIUM,6,261,4.647249105222016,16,5,3.939730332085541
A446,FL1346,1910,1915,LIGHT,7,1914,4.003759996410881,17,5,3.723011198386214
A447,FL1347,923,933,MEDIUM,7,925,4.060582993025087,7,2,1.9273996221226763
A448,FL1348,1816,1824,MEDIUM,5,1818,2.5622358322927465,13,4,3.4190635138616563
A449,FL1349,1457,1467,LIGHT,9,1459,4.703888032323946,16,5,3.659265197173214
A450,FL1350,724,736,MEDIUM,6,726,4.639465741855085,20,6,4.7120140203307805
A451,FL1351,1783,1797,MEDIUM,1,1787,3.260356183543175,6,2,1.5479414115821668
A452,FL1352,942,948,MEDIUM,9,942,4.52434265925428,15,5,3.8437373264067243
A453,FL1353,1882,1889,HEAVY,4,1886,4.028532686226302,6,2,1.5149195886129678
A454,FL1354,247,263,LIGHT,7,247,3.9658472290749747,5,1,1.8370411252429402
A455,FL1355,854,873,LIGHT,4,855,3.537964259435159,10,3,2.3603778199303473
A456,FL1356,532,539,HEAVY,5,536,3.959488371593849,18,6,4.503607844346795
A457,FL1357,1424,1435,HEAVY,3,1427,3.9949547104279857,22,7,5.050768547558747
A458,FL1358,645,660,LIGHT,7,647,2.3329684076404433,18,6,4.060358271201927
A459,FL1359,611,620,MEDIUM,3,613,4.930400985531978,18,6,4.079070063103352
A460,FL1360,1904,1917,MEDIUM,6,1904,2.8766546913856934,23,7,5.426039051666573
A461,FL1361,1298,1311,HEAVY,7,1298,2.9142532861584,23,7,5.472753839566129
A462,FL1362,397,409,MEDIUM,5,401,2.205022806596781,21,7,4.44189382825884
A463,FL1363,319,324,HEAVY,5,321,2.6790544830244576,18,6,4.343193198731603
A464,FL1364,1731,1746,MEDIUM,9,1735,3.779664710322153,13,4,3.589028358350174
A465,FL1365,1278,1289,HEAVY,1,1281,3.748420505250469,18,6,4.455696093837539
A466,FL1366,1790,1799,HEAVY,4,1794,3.796935524531632,5,1,1.737565749092827
A467,FL1367,1224,1241,HEAVY,4,1226,4.487860397950266,5,1,1.0251419582772727
A468,FL1368,342,361,MEDIUM,9,344,4.677569869864538,12,4,3.3481083201714426
A469,FL1369,1573,1581,HEAVY,3,1576,4.029279087015176,8,2,1.9845113276448125
A470,FL1370,1964,1971,MEDIUM,2,1965,3.4186913984327143,13,4,3.1062660594952027
A471,FL1371,1110,1120,MEDIUM,6,1110,2.008763097864086,16,5,3.8040716770712195
A472,FL1372,282,294,LIGHT,1,282,2.9940410213091524,21,7,4.822519695729746
A473,FL1373,141,148,HEAVY,4,141,3.5497178853379374,10,3,2.8541359976505043
A474,FL1374,880,898,LIGHT,4,883,2.8547240645928826,11,3,3.002585679579813
A475,FL1375,1968,1986,MEDIUM,6,1968,3.191045123711575,9,3,2.0845623017628974
A476,FL1376,1552,1564,HEAVY,3,1554,3.522235816153427,13,4,2.6296682230647397
A477,FL1377,1727,1742,MEDIUM,3,1729,2.394467359693945,18,6,3.7652039393378502
A478,FL1378,1191,1207,LIGHT,8,1195,4.142097933400569,16,5,3.8746078529162165
A479,FL1379,1952,1969,MEDIUM,7,1955,4.463594847650679,12,4,3.2628805029124126
A480,FL1380,173,184,MEDIUM,7,173,3.8113863588481633,22,7,4.656694228310046
A481,FL1381,1347,1365,HEAVY,4,1348,2.276854376219772,19,6,4.2189477901874755
A482,FL1382,1107,1112,HEAVY,3,1107,4.825177134856775,13,4,3.246450090124607
A483,FL1383,1842,1857,HEAVY,2,1844,4.73986084272871,11,3,3.073698593466345
A484,FL1384,1107,1117,LIGHT,5,1108,3.5899745687792564,7,2,1.933967472547764
A485,FL1385,295,301,HEAVY,9,298,2.8851221229624686,5,1,1.0843923805445423
A486,FL1386,1998,2012,HEAVY,5,1998,2.6481540950350615,10,3,2.845604362989907
A487,FL1387,1461,1476,MEDIUM,4,1463,2.2328439341943227,13,4,2.906313498778213
A488,FL1388,1657,1675,MEDIUM,3,1659,4.5726870129838515,19,6,4.559351025752614
A489,FL1389,22,34,LIGHT,9,25,3.1789226760358735,11,3,2.711681386581512
A490,FL1390,1691,1700,LIGHT,4,1695,4.670291105551425,5,1,1.9466444339935463
A491,FL1391,1810,1827,MEDIUM,2,1813,2.0201311709121796,19,6,3.8717118888476514
A492,FL1392,125,140,HEAVY,1,129,3.5932560346557283,20,6,4.21789255425499
A493,FL1393,1227,1237,HEAVY,4,1227,2.421658902735082,9,3,2.028486746754771
A494,FL1394,1367,1382,LIGHT,4,1368,2.1169880377247345,15,5,3.3879867599468696
A495,FL1395,1257,1264,MEDIUM,6,1259,2.441185551699765,14,4,3.700083183016481
A496,FL1396,124,133,MEDIUM,5,126,4.665211016926044,8,2,2.5948579730593218
A497,FL1397,200,205,HEAVY,4,200,3.156535714210767,20,6,4.773538891534564
A498,FL1398,1092,1101,HEAVY,1,1096,3.625114437230012,23,7,4.956185647117595
A499,FL1399,1377,1394,LIGHT,1,1381,3.02734393650414,16,5,3.4350372148038253
A500,FL1400,138,149,LIGHT,1,141,3.7489532784938073,7,2,1.5505214916634138
A501,FL1401,865,880,LIGHT,1,867,4.640944286446781,12,4,2.7258231175644503
A502,FL1402,1687,1701,LIGHT,5,1691,2.4439524420975043,9,3,2.275546037486827
A503,FL1403,163,173,LIGHT,5,164,4.166429706367717,17,5,3.858466424569258
A504,FL1404,245,254,MEDIUM,7,248,2.173223155607521,24,8,5.266782077231189
A505,FL1405,1017,1033,MEDIUM,1,1019,3.3880268151961808,20,6,4.09367242070591
A506,FL1406,819,829,LIGHT,7,820,3.4742545325856704,15,5,3.2032230910860875
A507,FL1407,1239,1250,LIGHT,9,1241,3.7318370876993936,23,7,5.494452556824233
A508,FL1408,1754,1760,LIGHT,4,1758,3.429450151334878,13,4,2.6594715688672808
A509,FL1409,940,945,HEAVY,1,940,4.679270615586245,23,7,4.9118990800042805
A510,FL1410,1346,1361,HEAVY,7,1347,3.4305304049534513,15,5,3.8720483384470077
A511,FL1411,905,919,MEDIUM,5,908,4.413311623038515,7,2,1.6107049638672033
A512,FL1412,56,74,LIGHT,3,58,2.6019530522112837,21,7,4.2898121542827745
A513,FL1413,541,552,LIGHT,1,544,4.502433791002027,5,1,1.0690295408878496
A514,FL1414,140,152,HEAVY,9,140,4.537764319033196,6,2,1.3044041297480815
A515,FL1415,1558,1571,MEDIUM,4,1560,3.046461601908438,7,2,2.0320898295062424
A516,FL1416,1996,2013,MEDIUM,3,1998,4.606832756837435,6,2,1.2768620752761637
A517,FL1417,374,380,MEDIUM,6,377,2.4355895386539808,17,5,4.066854421014268
A518,FL1418,1950,1966,MEDIUM,7,1952,4.410448229890654,18,6,3.7523295894645354
A519,FL1419,1590,1605,MEDIUM,7,1594,4.526692239031844,21,7,4.840476042175844
A520,FL1420,436,453,HEAVY,3,440,3.248364284213277,21,7,4.919791453354686
A521,FL1421,543,561,MEDIUM,4,546,3.911272511242715,22,7,4.64193168031553
A522,FL1422,411,429,HEAVY,8,414,2.428627884018235,12,4,2.6714093804467147
A523,FL1423,1654,1673,MEDIUM,2,1655,4.471334270303496,15,5,3.2715470474112425
A524,FL1424,1584,1603,HEAVY,1,1585,4.349049911950199,22,7,4.6761695578208995
A525,FL1425,293,298,LIGHT,8,294,3.400903999890832,10,3,2.2468238692019025
A526,FL1426,888,905,LIGHT,9,888,2.389789773607104,13,4,3.4427119021605552
A527,FL1427,427,435,MEDIUM,3,431,3.267153566552918,10,3,2.377318053963193
A528,FL1428,1995,2002,HEAVY,1,1996,2.1268752476680435,5,1,1.9301709654384247
A529,FL1429,1752,1764,LIGHT,7,1756,4.139138151902956,17,5,3.582807236656901
A530,FL1430,1559,1575,LIGHT,1,1562,4.10762150460442,13,4,2.7053649222508565
A531,FL1431,978,985,HEAVY,1,982,3.4957123985171275,11,3,2.7004011457102015
A532,FL1432,1576,1583,LIGHT,2,1578,3.10943976796153,11,3,2.9675676285179184
A533,FL1433,209,218,HEAVY,4,210,2.6359821640959744,13,4,3.469763176681711
A534,FL1434,1845,1857,MEDIUM,1,1848,4.033439600930133,17,5,3.4359386749215535
A535,FL1435,1928,1940,LIGHT,4,1929,4.211289651296154,10,3,2.644832604022314
A536,FL1436,1172,1188,MEDIUM,6,1172,4.670645007908523,15,5,3.367785987756153
A537,FL1437,1336,1341,MEDIUM,6,1337,3.631417183598712,19,6,4.635480225742195
A538,FL1438,557,574,HEAVY,6,558,2.057982892752803,8,2,2.5488459558311307
A539,FL1439,674,687,LIGHT,6,674,4.718197657059096,24,8,4.809923821127836
A540,FL1440,170,183,MEDIUM,6,170,2.9355915737506497,20,6,4.772921481876115
A541,FL1441,103,119,MEDIUM,6,107,2.229154834974368,19,6,4.607155537364883
A542,FL1442,1697,1706,MEDIUM,7,1701,3.0254111164765476,11,3,2.5480955931682883
A543,FL1443,1661,1677,LIGHT,5,1664,3.645146108586962,8,2,2.4470608269838996
A544,FL1444,456,471,HEAVY,7,456,2.873432743355537,17,5,3.798005292954503
A545,FL1445,643,655,LIGHT,9,647,2.7398109049340738,17,5,4.147444406596694
A546,FL1446,470,486,MEDIUM,4,471,4.970626680762864,9,3,2.330737355286836
A547,FL1447,979,985,LIGHT,6,979,2.6149436285804493,16,5,3.8197345714330893
A548,FL1448,1464,1478,HEAVY,3,1466,4.944959971557344,12,4,3.0359547071637287
A549,FL1449,1006,1025,LIGHT,1,1006,4.8421857487593405,10,3,2.2905045056714206
A550,FL1450,1723,1736,LIGHT,9,1724,4.07028967471353,22,7,4.407841590771917
A551,FL1451,1843,1856,LIGHT,8,1843,4.873802363170311,6,2,1.4418932941128895
A552,FL1452,1596,1610,HEAVY,5,1597,3.6405789229253784,18,6,4.0328160022094695
A553,FL1453,1757,1764,MEDIUM,6,1761,3.4440001296069944,17,5,3.449979028659679
A554,FL1454,1184,1189,LIGHT,2,1186,3.175574889227237,16,5,4.1606269755132
A555,FL1455,271,279,LIGHT,8,273,4.9434311953754655,16,5,3.4595417831760904
A556,FL1456,1624,1630,LIGHT,7,1625,4.943533510286883,8,2,2.4293916269585125
A557,FL1457,796,811,HEAVY,2,796,4.880406813216341,20,6,4.977307907991504
A558,FL1458,1270,1282,HEAVY,8,1273,2.74202094745725,5,1,1.4582346503928338
A559,FL1459,592,607,MEDIUM,6,596,3.4966869936078258,13,4,3.435407830842126
A560,FL1460,1571,1580,MEDIUM,5,1572,2.965009968978646,6,2,1.7146836171214392
A561,FL1461,943,958,MEDIUM,5,945,2.0875092909357935,7,2,2.2946427975776347
A562,FL1462,1196,1210,HEAVY,6,1198,4.864540979115404,5,1,1.0449112989956157
A563,FL1463,604,615,HEAVY,3,607,2.272165106704793,7,2,1.457702928415899
A564,FL1464,1382,1397,MEDIUM,1,1383,4.977326868124337,24,8,5.373841254104514
A565,FL1465,1105,1113,HEAVY,2,1105,2.5747788372044775,17,5,4.374372238679258
A566,FL1466,1878,1892,LIGHT,9,1878,2.6860832282010945,5,1,1.1752217721058273
A567,FL1467,353,365,HEAVY,9,357,3.294141946322224,15,5,3.563324642033047
A568,FL1468,660,667,MEDIUM,3,662,2.4314430509444414,11,3,3.094094302533251
A569,FL1469,326,340,HEAVY,5,329,4.469482492126578,24,8,5.297539852146103
A570,FL1470,627,644,HEAVY,8,627,2.887084022124813,20,6,4.855030201619935
A571,FL1471,923,941,HEAVY,4,924,4.822353561509324,9,3,2.260002395580799
A572,FL1472,1390,1402,LIGHT,8,1394,4.18024767250459,14,4,3.624787856277787
A573,FL1473,289,302,HEAVY,7,293,2.847417279110011,17,5,3.4375710903989076
A574,FL1474,253,262,MEDIUM,9,253,3.77129326946808,10,3,2.0546344200009723
A575,FL1475,1673,1685,LIGHT,7,1677,2.911827536765082,7,2,2.282734380673422
A576,FL1476,341,360,MEDIUM,3,344,4.2256889808761455,9,3,2.559068939258376
A577,FL1477,1849,1855,MEDIUM,5,1849,2.7584408182676015,23,7,4.781613967756603
A578,FL1478,1405,1420,LIGHT,6,1408,4.9545752082874275,12,4,3.0610142542473207
A579,FL1479,1594,1605,LIGHT,2,1594,2.8065402273585303,14,4,3.281867479274617
A580,FL1480,784,792,LIGHT,9,786,4.277015847565793,10,3,2.780731853200901
A581,FL1481,1214,1227,LIGHT,4,1214,4.798774587709016,6,2,1.897209381909637
A582,FL1482,1119,1130,LIGHT,6,1119,2.3660914829655457,11,3,3.0504716147608377
A583,FL1483,312,317,MEDIUM,9,316,2.426511340111687,10,3,2.3356104542698426
A584,FL1484,1331,1340,LIGHT,1,1331,4.1811702848461705,19,6,4.235324221455237
A585,FL1485,191,196,HEAVY,3,192,2.489106010794773,8,2,1.9843550385241349
A586,FL1486,850,865,LIGHT,8,851,3.8477357470301636,6,2,1.6376613281482038
A587,FL1487,1923,1935,LIGHT,3,1923,3.602871655681027,12,4,2.4516687216579616
A588,FL1488,192,201,LIGHT,6,196,4.884540016949254,7,2,2.352467116687847
A589,FL1489,1615,1630,LIGHT,9,1618,4.03145723737302,16,5,3.490045531962437
A590,FL1490,1399,1409,LIGHT,9,1403,2.212674727673856,18,6,4.224874099606999
A591,FL1491,450,456,LIGHT,3,452,2.0364703144321603,20,6,4.162815049676864
A592,FL1492,112,128,MEDIUM,5,114,2.5742830414986275,16,5,3.8212924490496105
A593,FL1493,1120,1129,HEAVY,5,1122,3.067564277777634,22,7,4.832766879599263
A594,FL1494,18,28,HEAVY,2,21,4.946148611047888,24,8,5.471479148667208
A595,FL1495,1614,1625,MEDIUM,7,1616,4.355806434548045,24,8,5.077852776089713
A596,FL1496,337,356,MEDIUM,9,337,2.0344419792481334,14,4,2.9793646820122106
A597,FL1497,517,531,HEAVY,9,521,2.569445908916468,24,8,5.222728636893933
A598,FL1498,1754,1759,LIGHT,3,1755,3.5503698173844747,7,2,1.6685337560676075
A599,FL1499,1659,1671,MEDIUM,6,1660,3.810911601678125,11,3,2.3721106028227776
A600,FL1500,1518,1528,LIGHT,9,1521,3.7971337614511445,24,8,4.892095253232903
A601,FL1501,1857,1875,HEAVY,2,1859,3.1197794433882766,14,4,3.2506864749389135
A602,FL1502,1375,1385,HEAVY,4,1377,3.7930048481081093,8,2,2.5467337289233956
A603,FL1503,1177,1190,MEDIUM,5,1179,4.2096056850043775,20,6,4.006682129223888
A604,FL1504,1271,1281,MEDIUM,9,1275,3.2244550726000942,21,7,4.585613512865648
A605,FL1505,1030,1035,HEAVY,4,1032,4.872743045251452,8,2,2.3257259103641035
A606,FL1506,45,59,MEDIUM,6,45,3.494121179170607,22,7,4.492625483051367
A607,FL1507,1530,1539,LIGHT,9,1533,4.583958877445273,8,2,2.0344033190066098
A608,FL1508,72,87,MEDIUM,3,75,3.839875054662137,13,4,2.842022079980877
A609,FL1509,211,228,LIGHT,1,215,4.632410139963445,24,8,4.813745554011346
A610,FL1510,1598,1603,HEAVY,5,1600,2.742679310839659,12,4,2.754860830746148
A611,FL1511,945,952,MEDIUM,1,947,3.784409644033369,20,6,4.333034871805398
A612,FL1512,1361,1371,LIGHT,3,1364,4.7981315243982845,17,5,4.1867695033571275
A613,FL1513,386,400,MEDIUM,1,388,3.5643470725006403,23,7,5.370742530905552
A614,FL1514,720,733,HEAVY,6,722,3.6149958297671403,21,7,5.065193347397811
A615,FL1515,864,874,HEAVY,9,865,4.362161080256999,6,2,1.830247219456158
A616,FL1516,362,377,MEDIUM,8,365,3.6050765137967984,15,5,3.9362806214689265
A617,FL1517,91,97,MEDIUM,6,93,3.796536200238317,17,5,3.7010460778343135
A618,FL1518,255,266,HEAVY,6,258,2.6300880485488447,5,1,1.7644407280755043
A619,FL1519,973,983,MEDIUM,9,973,4.7720806112771985,20,6,4.516424388218611
A620,FL1520,713,729,HEAVY,2,715,4.442377056773486,24,8,5.246201220977545
A621,FL1521,963,972,HEAVY,4,966,2.7498708391928637,14,4,3.335553814879673
A622,FL1522,276,293,LIGHT,4,276,4.484350487019029,18,6,4.51378844387326
A623,FL1523,1887,1896,MEDIUM,1,1888,2.8144962625456036,20,6,4.876319433142312
A624,FL1524,1236,1253,HEAVY,6,1238,4.486613828758876,11,3,2.393863067936893
A625,FL1525,629,638,MEDIUM,7,629,3.034344260217941,20,6,4.74835585366574
A626,FL1526,824,843,MEDIUM,9,828,3.3775677011976857,17,5,4.12192922751568
A627,FL1527,1395,1414,LIGHT,1,1399,4.15621885356059,10,3,2.789432194195191
A628,FL1528,1629,1639,MEDIUM,1,1629,3.242602776715491,14,4,3.681662482332713
A629,FL1529,633,647,LIGHT,3,636,2.3552451175277955,14,4,3.407752683095653
A630,FL1530,205,216,LIGHT,6,207,3.0070214991171786,12,4,3.386246671951402
A631,FL1531,136,155,HEAVY,1,138,4.036935479114126,12,4,3.10214609618183
A632,FL1532,448,465,MEDIUM,2,450,3.6400557652978662,5,1,1.6314189212183763
A633,FL1533,1967,1986,HEAVY,1,1971,2.3516117170407003,11,3,2.342841964814332
A634,FL1534,1305,1310,LIGHT,5,1306,4.6870243328563355,11,3,2.972986721305587
A635,FL1535,1126,1135,HEAVY,1,1126,4.571926707082523,7,2,1.96067829493895
A636,FL1536,1652,1667,MEDIUM,9,1655,4.091826257161571,5,1,1.4650552483006445
A637,FL1537,1621,1634,LIGHT,3,1621,3.5947321903249794,23,7,5.420598757676587
A638,FL1538,1960,1977,LIGHT,3,1962,2.227099181929362,12,4,2.4155083306265928
A639,FL1539,383,389,MEDIUM,6,386,2.5451698796844697,12,4,3.368065812050759
A640,FL1540,731,739,HEAVY,1,735,3.351435714411786,17,5,4.203814545193447
A641,FL1541,334,342,HEAVY,3,336,2.2100105363991975,18,6,3.972533273759551
A642,FL1542,58,69,MEDIUM,4,60,3.108445802094141,15,5,3.656729484721608
A643,FL1543,618,633,MEDIUM,2,618,3.1197234691377016,6,2,1.9728095732903377
A644,FL1544,718,731,HEAVY,5,722,3.050608973272191,24,8,4.940324518193516
A645,FL1545,484,491,HEAVY,7,487,2.5849255997008678,10,3,2.749977798452071
A646,FL1546,400,411,LIGHT,3,404,3.962398211083621,8,2,2.452584954938343
A647,FL1547,1780,1790,MEDIUM,6,1782,2.5561183372475345,17,5,3.6149126370363964
A648,FL1548,1629,1647,MEDIUM,1,1630,4.088468435413776,16,5,3.643859188421301
A649,FL1549,790,796,MEDIUM,1,790,2.792185954081156,10,3,2.748232831331896
A650,FL1550,60,65,MEDIUM,5,61,2.835372639120719,8,2,2.423767395799123
A651,FL1551,1609,1620,HEAVY,4,1612,4.320987694686997,24,8,5.168347213794352
A652,FL1552,1563,1575,HEAVY,5,1567,4.6375573178037435,7,2,2.2243268918792696
A653,FL1553,827,839,MEDIUM,2,827,4.693757560872998,12,4,3.1362288825285507
A654,FL1554,454,466,HEAVY,6,455,4.534614043265687,15,5,3.812713619893062
A655,FL1555,892,902,LIGHT,4,895,2.9799177482777326,14,4,2.8057185813607894
A656,FL1556,858,865,LIGHT,1,860,2.0672776674861653,23,7,5.006011801706111
A657,FL1557,1949,1968,HEAVY,3,1950,4.1184755063571625,8,2,1.6389380166876657
A658,FL1558,206,221,MEDIUM,3,208,3.8738421443435946,14,4,3.1905936075817825
A659,FL1559,67,84,HEAVY,3,69,4.0283761927648705,15,5,3.5788401680355926
A660,FL1560,1071,1078,LIGHT,8,1073,4.7874185600463885,9,3,2.4330726534995133
A661,FL1561,900,907,HEAVY,2,903,4.583135898509935,14,4,3.5151001612837005
A662,FL1562,1944,1962,LIGHT,2,1946,4.032594841651054,22,7,4.510063284201116
A663,FL1563,1098,1107,HEAVY,7,1098,3.9327701709524345,13,4,2.669800654614629
A664,FL1564,917,924,HEAVY,7,920,3.2414823959623877,12,4,3.105139145570564
A665,FL1565,1749,1755,LIGHT,1,1753,4.846233185449133,22,7,4.419144867996837
A666,FL1566,1135,1140,LIGHT,8,1138,4.882760440786474,7,2,2.039032158914921
A667,FL1567,89,107,HEAVY,2,93,4.501375852756482,6,2,2.121307512212976
A668,FL1568,1561,1576,LIGHT,6,1564,2.095231296118966,12,4,2.6307946539265323
A669,FL1569,1744,1752,LIGHT,7,1748,4.928560924964251,20,6,4.375441109667912
A670,FL1570,1238,1250,LIGHT,9,1240,2.6016589335357994,9,3,2.697365865790932
A671,FL1571,1774,1793,LIGHT,9,1778,2.187182205794832,24,8,5.147507082425181
A672,FL1572,1332,1343,HEAVY,1,1333,4.813895694301682,23,7,5.151877136421186
A673,FL1573,1121,1127,LIGHT,2,1123,3.407321633142736,10,3,2.942383454002277
A674,FL1574,927,935,LIGHT,5,930,4.919230393736894,12,4,2.514431518612359
A675,FL1575,235,247,LIGHT,8,237,2.9787617541234406,12,4,2.6197067903914006
A676,FL1576,567,583,MEDIUM,7,570,3.065959245421663,17,5,3.462564842219452
A677,FL1577,100,114,MEDIUM,4,101,3.027935439567565,6,2,2.0293142341257595
A678,FL1578,10,26,MEDIUM,5,11,3.516526281169592,18,6,3.9116898285150414
A679,FL1579,1963,1979,MEDIUM,7,1963,3.325239474913121,14,4,3.6223812111853544
A680,FL1580,105,114,MEDIUM,9,109,3.041187105498185,22,7,5.0672123371941815
A681,FL1581,935,940,LIGHT,7,939,4.968353392895169,13,4,3.540419207300747
A682,FL1582,1241,1256,HEAVY,2,1245,4.224924355508127,16,5,3.6831808633136687
A683,FL1583,1234,1250,LIGHT,9,1236,4.399153740856159,20,6,4.32823310567834
A684,FL1584,1731,1746,HEAVY,8,1735,4.66965117942046,21,7,4.375491627381358
A685,FL1585,978,995,HEAVY,6,981,4.91070603324463,12,4,2.7721732552468974
A686,FL1586,1695,1710,MEDIUM,6,1698,2.4959068584138837,7,2,1.6187098003235834
A687,FL1587,1260,1270,MEDIUM,6,1264,3.729842021389153,12,4,2.7711695160195315
A688,FL1588,5,23,LIGHT,3,7,3.0124409770246947,9,3,1.9751231401303533
A689,FL1589,1368,1387,HEAVY,5,1369,3.5658590104356915,8,2,1.6006533907612996
A690,FL1590,638,652,MEDIUM,1,641,3.129590863367895,21,7,4.352048567424492
A691,FL1591,480,485,LIGHT,1,481,2.71125412555202,17,5,4.344665732171095
A692,FL1592,327,339,LIGHT,7,331,3.3988982388194566,20,6,4.615253653282414
A693,FL1593,757,763,LIGHT,1,761,4.308346682246141,18,6,4.427553052274047
A694,FL1594,780,795,HEAVY,5,780,3.5317422723786795,24,8,5.470032537807567
A695,FL1595,1203,1217,LIGHT,5,1206,2.8354121867826567,24,8,5.728383505636308
A696,FL1596,1390,1395,LIGHT,2,1390,3.0080211769703262,16,5,3.9245982868476292
A697,FL1597,973,986,HEAVY,8,975,2.520488151065066,5,1,1.6107707306850387
A698,FL1598,1065,1083,LIGHT,7,1067,3.9545470499866773,5,1,1.2369333249066488
A699,FL1599,732,741,HEAVY,8,733,2.954148717652756,17,5,4.226858560972754
A700,FL1600,821,833,HEAVY,1,823,3.2557468565944676,21,7,4.532205570947322
A701,FL1601,1473,1492,LIGHT,7,1476,3.791877261060408,10,3,2.6784999682926376
A702,FL1602,1051,1057,MEDIUM,7,1055,4.654565353088013,8,2,1.9504132500101976
A703,FL1603,176,191,MEDIUM,4,177,4.148149919726434,13,4,2.9468859763643858
A704,FL1604,699,717,LIGHT,3,701,4.548602646463704,14,4,3.1433867021776445
A705,FL1605,1831,1836,LIGHT,8,1832,4.785891686346182,16,5,3.3648847765651384
A706,FL1606,366,378,LIGHT,8,370,3.340143581775561,6,2,1.3893934178848464
A707,FL1607,919,937,MEDIUM,9,920,3.942549394530089,12,4,2.977891112694089
A708,FL1608,1858,1870,HEAVY,3,1859,4.824598730853323,21,7,4.206877962219649
A709,FL1609,459,472,HEAVY,2,460,4.686688544395516,8,2,1.9138780765150274
A710,FL1610,182,187,MEDIUM,9,183,2.5538973720421074,24,8,5.630949171055069
A711,FL1611,1749,1758,MEDIUM,1,1752,2.8638360280279773,19,6,4.749899668246076
A712,FL1612,877,885,LIGHT,9,881,3.7508151110242993,9,3,2.1551316477538127
A713,FL1613,874,890,LIGHT,7,877,3.7442513167460616,7,2,1.9666052589054632
A714,FL1614,1686,1693,MEDIUM,9,1689,2.032433250905589,15,5,3.8009807004033647
A715,FL1615,4,18,HEAVY,5,8,2.356127286527334,17,5,3.9850784422062033
A716,FL1616,1220,1233,LIGHT,2,1220,4.099115618298429,23,7,5.258717638727022
A717,FL1617,107,123,LIGHT,8,111,2.7387324829118,13,4,2.6317784843573246
A718,FL1618,697,706,LIGHT,2,700,2.0817500358524454,5,1,1.457928994434028
A719,FL1619,551,560,LIGHT,1,551,2.4136558080680315,14,4,3.1592087469826904
A720,FL1620,404,423,HEAVY,6,406,3.0524573280050467,12,4,2.5583039001056145
A721,FL1621,1808,1813,MEDIUM,1,1808,3.0750039700150213,17,5,4.240908710402907
A722,FL1622,365,383,LIGHT,8,369,3.7294173126732617,17,5,3.8591240232866815
A723,FL1623,1268,1280,LIGHT,6,1272,4.80124826900441,21,7,4.620761201765926
A724,FL1624,1953,1967,LIGHT,5,1954,3.2232443150081966,10,3,2.6541601542860986
A725,FL1625,753,759,HEAVY,9,757,2.6719476375952436,16,5,3.3163584851644963
A726,FL1626,18,37,LIGHT,3,18,3.9447076921462907,24,8,5.350663379440852
A727,FL1627,1951,1965,HEAVY,1,1953,4.88678433982747,7,2,1.7548976834865542
A728,FL1628,1164,1174,MEDIUM,5,1167,3.668984021771238,20,6,4.827302149737246
A729,FL1629,1213,1221,HEAVY,2,1215,2.6941419091305443,19,6,4.531486359703116
A730,FL1630,200,211,HEAVY,2,203,4.749261633596198,14,4,3.1165867599086514
A731,FL1631,975,982,MEDIUM,6,976,2.1291572081470056,11,3,2.931496464043139
A732,FL1632,170,188,HEAVY,7,174,2.024177310026359,18,6,3.707614184759859
A733,FL1633,1116,1127,MEDIUM,2,1117,3.542286327653779,9,3,2.7015830052870675
A734,FL1634,1029,1041,LIGHT,3,1030,2.019137130219772,21,7,4.896695111436749
A735,FL1635,958,966,HEAVY,9,960,3.0374182952312747,10,3,2.4405735280123073
A736,FL1636,1216,1224,MEDIUM,7,1218,3.3632094634398584,14,4,2.825769598764351
A737,FL1637,1339,1355,LIGHT,1,1340,2.361162736367267,13,4,2.7980955167202897
A738,FL1638,713,720,HEAVY,5,716,3.639375625184373,6,2,1.3709364024208486
A739,FL1639,367,386,HEAVY,9,368,3.021634506439691,13,4,2.652391295594861
A740,FL1640,1378,1386,MEDIUM,3,1380,2.0711232609335553,17,5,3.704602355774191
A741,FL1641,1744,1762,MEDIUM,9,1745,4.780749038993324,15,5,3.420004074081405
A742,FL1642,1778,1784,LIGHT,5,1780,3.7497571769376705,10,3,2.781615479196399
A743,FL1643,490,509,LIGHT,4,491,2.1856571050414257,19,6,4.071492002542712
A744,FL1644,1286,1305,LIGHT,7,1289,3.2783637138566926,15,5,3.805648805363342
A745,FL1645,252,257,HEAVY,8,256,2.2697487345791068,8,2,2.0500586394262252
A746,FL1646,1884,1903,HEAVY,7,1885,3.988388822629165,24,8,5.29253538071429
A747,FL1647,1316,1333,LIGHT,4,1319,2.4841020751651492,14,4,3.008588367741051
A748,FL1648,164,179,LIGHT,4,168,2.4477484092244217,10,3,2.3465587598165474
A749,FL1649,1921,1931,MEDIUM,5,1924,3.754515895066646,23,7,5.297163692137981
A750,FL1650,652,667,MEDIUM,6,656,3.0344528232385093,24,8,5.695689944266618
A751,FL1651,931,944,LIGHT,3,933,3.9443151036023703,24,8,5.472383843291705
A752,FL1652,440,448,HEAVY,4,441,3.1909764866224224,24,8,5.456385859384768
A753,FL1653,1610,1619,MEDIUM,4,1614,4.969269240228003,17,5,4.3925817954877635
A754,FL1654,617,636,LIGHT,4,619,2.5071853353191487,7,2,1.977807050251085
A755,FL1655,1212,1231,LIGHT,5,1213,3.3030844944236533,14,4,3.2274864540902684
A756,FL1656,315,327,HEAVY,7,319,3.2888685916905325,5,1,1.1291744452431103
A757,FL1657,340,348,LIGHT,2,343,2.1204165772560994,5,1,1.4922323151824082
A758,FL1658,991,996,LIGHT,5,992,4.374390622668557,14,4,3.6655623831722037
A759,FL1659,1131,1138,MEDIUM,8,1132,4.021516694810014,17,5,3.535080146225761
A760,FL1660,194,208,LIGHT,1,195,4.29748711770473,6,2,1.7753591731290987
A761,FL1661,29,37,MEDIUM,9,33,3.392200068213514,14,4,3.033332822649327
A762,FL1662,844,856,HEAVY,6,845,2.753240310995503,20,6,4.212333974286891
A763,FL1663,184,192,MEDIUM,9,185,2.550357203450688,6,2,1.6113745714125896
A764,FL1664,1096,1112,MEDIUM,9,1097,2.244796160014515,6,2,2.042015661506744
A765,FL1665,1062,1078,MEDIUM,1,1064,3.6444356081840663,6,2,1.8638244748527253
A766,FL1666,1101,1107,HEAVY,5,1104,2.497703073112359,11,3,2.7002785352077607
A767,FL1667,1929,1947,MEDIUM,5,1930,2.3824570404207384,6,2,2.117268066577681
A768,FL1668,331,341,MEDIUM,4,335,2.8800602643230295,18,6,4.384769681824988
A769,FL1669,1980,1988,HEAVY,1,1984,4.038899547185431,22,7,4.981195423720957
A770,FL1670,662,679,LIGHT,5,665,2.9774703823114543,23,7,5.193461382704724
A771,FL1671,1741,1751,HEAVY,7,1745,3.0281927762837215,19,6,3.894418897660481
A772,FL1672,680,690,LIGHT,2,684,2.31030234458145,24,8,5.4449029052923565
A773,FL1673,767,782,MEDIUM,1,771,4.136411137641815,21,7,4.754356681216369
A774,FL1674,1133,1143,MEDIUM,7,1137,4.872894938817764,7,2,2.2987878897373477
A775,FL1675,1820,1830,LIGHT,9,1821,3.821405842650731,12,4,2.4949652752283766
A776,FL1676,1747,1763,LIGHT,7,1749,3.5956152995150497,20,6,4.995568900490688
A777,FL1677,1581,1588,HEAVY,5,1581,3.2081111629836805,24,8,5.4821916892550995
A778,FL1678,28,35,HEAVY,3,31,2.3849775865662934,16,5,3.8934221280563093
A779,FL1679,1644,1652,HEAVY,7,1647,3.2778131254008183,23,7,5.330249189529572
A780,FL1680,684,699,HEAVY,9,687,3.3291011190128583,17,5,4.249959330503206
A781,FL1681,210,222,MEDIUM,3,211,2.8942269515744683,17,5,3.9413744209074384
A782,FL1682,1043,1055,LIGHT,7,1045,3.7567630516178374,18,6,3.6480923104120357
A783,FL1683,1065,1080,LIGHT,6,1066,3.4943898306441272,10,3,2.252311927069687
A784,FL1684,741,746,MEDIUM,1,743,4.429773260908698,24,8,5.53022171775725
A785,FL1685,375,386,LIGHT,7,379,4.989696968866947,16,5,3.9017382738772572
A786,FL1686,1901,1917,LIGHT,3,1905,3.589141898325103,20,6,4.056881397777646
A787,FL1687,600,617,MEDIUM,6,600,4.899642549656248,8,2,1.99593722619595
A788,FL1688,304,315,MEDIUM,6,304,2.7526372996721005,22,7,4.984543113259458
A789,FL1689,366,379,MEDIUM,9,370,3.0179158019287025,8,2,1.7660525214815364
A790,FL1690,1570,1588,HEAVY,3,1573,3.2021125005034,19,6,4.252086596811366
A791,FL1691,1240,1247,MEDIUM,5,1243,3.1908439188028783,14,4,3.5304924774822997
A792,FL1692,1872,1878,HEAVY,9,1873,3.432248568441061,11,3,2.7252584187815834
A793,FL1693,1329,1339,LIGHT,4,1329,2.3804720676512563,6,2,1.2380863005993195
A794,FL1694,643,658,MEDIUM,4,643,2.1258922203309027,22,7,5.271913061280506
A795,FL1695,290,302,HEAVY,8,292,2.8864037738802777,24,8,4.879280284631193
A796,FL1696,1306,1324,HEAVY,2,1309,2.8889774056994,20,6,4.558352315064114
A797,FL1697,1786,1801,LIGHT,4,1790,2.2418462155088053,20,6,4.319123489820463
A798,FL1698,1967,1978,HEAVY,4,1969,4.3742292515209265,16,5,4.028652906118289
A799,FL1699,1553,1567,HEAVY,7,1557,2.373037524292611,17,5,3.7941360467826284
A800,FL1700,1067,1079,MEDIUM,3,1071,3.267968101366875,9,3,1.8104936411399444
A801,FL1701,1961,1966,MEDIUM,5,1964,4.851598462863227,11,3,3.182521272256039
A802,FL1702,404,420,LIGHT,1,406,2.3965389732616154,19,6,4.410377495318328
A803,FL1703,1510,1519,MEDIUM,2,1512,2.5678509377480285,22,7,4.783215365947252
A804,FL1704,1444,1458,HEAVY,4,1446,3.764001390288885,21,7,4.703546981511886
A805,FL1705,21,27,LIGHT,6,22,4.353216419638391,20,6,4.8662924359821815
A806,FL1706,1702,1718,LIGHT,7,1702,3.7148229484488313,17,5,4.2196095530658
A807,FL1707,1476,1487,HEAVY,5,1478,2.680317875958937,11,3,2.5738081088670026
A808,FL1708,1990,2007,LIGHT,3,1992,4.2268806145107884,19,6,4.398009117328749
A809,FL1709,1419,1438,MEDIUM,3,1421,3.1483523012091217,24,8,5.274434893620736
A810,FL1710,1714,1723,LIGHT,8,1718,4.983745967105779,13,4,3.157873675660073
A811,FL1711,1356,1365,HEAVY,7,1357,2.55583055100062,21,7,4.845572181427428
A812,FL1712,0,14,LIGHT,8,0,2.231562590679404,16,5,4.1840315142791304
A813,FL1713,1723,1737,MEDIUM,9,1726,3.0744191495874333,15,5,3.690726315113263
A814,FL1714,964,979,HEAVY,2,968,2.2734219183340327,22,7,5.072389812798705
A815,FL1715,1342,1355,LIGHT,8,1344,4.297914724565537,13,4,3.01544300059209
A816,FL1716,467,483,HEAVY,4,467,2.295272567304106,7,2,2.367802737648485
A817,FL1717,1541,1553,LIGHT,5,1541,2.1529246310673273,22,7,5.1975140452964865
A818,FL1718,1089,1103,LIGHT,2,1092,2.218204843336005,22,7,5.027745414897336
A819,FL1719,1462,1477,LIGHT,3,1466,4.061886687747553,18,6,4.430622760431792
A820,FL1720,1451,1463,HEAVY,1,1453,4.2190486932893245,23,7,4.93419271417311
A821,FL1721,438,454,LIGHT,1,440,3.5656529844738296,24,8,5.666423183539701
A822,FL1722,1200,1209,MEDIUM,3,1201,3.9568253326971505,12,4,2.948588415054689
A823,FL1723,1868,1886,LIGHT,6,1871,4.0263681360092765,17,5,3.533009798907329
A824,FL1724,235,246,LIGHT,6,239,3.30215652824287,13,4,2.8083153900085183
A825,FL1725,662,669,LIGHT,7,666,3.781341895830357,19,6,3.96145783406424
A826,FL1726,312,323,LIGHT,2,314,4.48249622490702,23,7,4.954831855543163
A827,FL1727,1073,1081,LIGHT,6,1075,4.084859358029143,17,5,3.8124030604678665
A828,FL1728,532,546,HEAVY,1,535,2.783999053656151,21,7,4.894017414105742
A829,FL1729,1985,1998,MEDIUM,2,1985,3.488717665702442,10,3,2.0913088025446704
A830,FL1730,1098,1116,MEDIUM,8,1100,2.5232278013344986,7,2,1.4609019330994935
A831,FL1731,1554,1560,HEAVY,4,1558,2.3761260477016197,7,2,2.2965746584690105
A832,FL1732,152,169,HEAVY,2,152,2.948233051529792,23,7,5.408394882304023
A833,FL1733,1048,1058,LIGHT,9,1048,2.982262876200344,5,1,1.268797615030198
A834,FL1734,1771,1783,LIGHT,2,1772,3.3079855417117576,17,5,3.987991629463833
A835,FL1735,1657,1667,HEAVY,7,1658,4.3180129643845,24,8,5.378977646554146
A836,FL1736,599,607,HEAVY,9,602,3.9481364607098675,13,4,2.9088022753496157
A837,FL1737,153,161,HEAVY,3,153,4.658513882167979,9,3,2.3645906389334637
A838,FL1738,1681,1700,MEDIUM,4,1682,4.207753860655966,13,4,3.4797524022943436
A839,FL1739,1519,1538,MEDIUM,9,1523,2.0027882506098833,9,3,1.9381252931402473
A840,FL1740,1932,1940,HEAVY,5,1933,4.7351776307383275,13,4,3.3600055449620987
A841,FL1741,1153,1163,LIGHT,7,1157,4.803631642146547,18,6,3.9739471344790678
A842,FL1742,196,207,LIGHT,9,197,2.9856744496573953,21,7,4.38245804065249
A843,FL1743,664,681,MEDIUM,7,667,2.620453679400189,10,3,2.3669614070072003
A844,FL1744,1122,1128,LIGHT,6,1125,4.235644228072504,23,7,4.9982805490890545
A845,FL1745,955,962,MEDIUM,8,955,3.11069655705373,16,5,4.096995289364411
A846,FL1746,182,200,HEAVY,3,185,3.1300293212883874,23,7,5.387970133590932
A847,FL1747,1167,1186,MEDIUM,8,1169,2.745619462782278,20,6,4.808826323491684
A848,FL1748,1577,1582,LIGHT,7,1579,4.355250971719271,8,2,1.7466951140151816
A849,FL1749,1943,1949,LIGHT,6,1947,2.984480217060823,21,7,4.869356984240748
A850,FL1750,330,344,LIGHT,3,331,2.19105430250755,15,5,3.861418046095517
A851,FL1751,77,84,MEDIUM,5,79,4.43583870391365,24,8,5.089440894968209
A852,FL1752,1749,1764,LIGHT,9,1753,4.115122719060778,12,4,3.077723241201321
A853,FL1753,707,714,LIGHT,3,711,2.1609043745624925,5,1,1.4754757152327338
A854,FL1754,1253,1264,LIGHT,9,1255,4.50932657740961,5,1,1.1891957923903549
A855,FL1755,1507,1516,HEAVY,1,1509,4.3791890851119675,20,6,4.82956271568305
A856,FL1756,371,390,MEDIUM,3,374,3.4063696415203726,20,6,4.697024166004299
A857,FL1757,414,433,HEAVY,8,417,2.3377713995875835,22,7,4.706300996887538
A858,FL1758,1521,1540,LIGHT,6,1523,4.037487704958688,8,2,1.833072811890835
A859,FL1759,1614,1621,MEDIUM,9,1615,4.326515890156998,24,8,5.344257337015252
A860,FL1760,1024,1030,MEDIUM,9,1028,3.5616315119145754,11,3,3.0799146267270148
A861,FL1761,1950,1967,HEAVY,6,1952,2.749918672606489,21,7,4.651266614073115
A862,FL1762,1624,1636,MEDIUM,4,1628,3.2321277361749985,7,2,2.295056603999833
A863,FL1763,305,319,HEAVY,1,306,2.1381891910459325,8,2,2.1128747423052676
A864,FL1764,1505,1523,MEDIUM,1,1505,3.3057868389696616,24,8,4.80164375711245
A865,FL1765,818,831,HEAVY,8,818,3.2560854299830524,6,2,1.2002270382182556
A866,FL1766,611,621,MEDIUM,6,612,2.503443786938086,10,3,2.732859187331831
A867,FL1767,1632,1638,LIGHT,1,1632,4.116688134949073,8,2,2.1123928207321065
A868,FL1768,1105,1120,LIGHT,1,1108,2.7034984330222813,8,2,2.517840883093553
A869,FL1769,317,323,LIGHT,2,318,2.8235200205212347,21,7,4.591810894617172
A870,FL1770,1041,1051,HEAVY,1,1045,4.059541829129758,14,4,3.677452126603169
A871,FL1771,657,668,MEDIUM,3,658,3.604900020228332,8,2,2.588840541303663
A872,FL1772,247,253,MEDIUM,7,248,3.615184937860873,18,6,3.998642494213064
A873,FL1773,881,896,HEAVY,5,882,3.036738757612439,19,6,4.203480969027
A874,FL1774,1458,1470,LIGHT,6,1461,4.482571081861451,10,3,2.9918891959474916
A875,FL1775,1717,1722,HEAVY,8,1719,3.2844655190903596,7,2,1.7632727963988997
A876,FL1776,988,998,LIGHT,4,992,4.212229832935838,14,4,2.906800704002364
A877,FL1777,1566,1584,MEDIUM,7,1567,2.8941986035100125,18,6,4.274017534883967
A878,FL1778,1230,1248,MEDIUM,3,1232,2.978846454706839,6,2,2.1094295036858766
A879,FL1779,1916,1921,HEAVY,6,1920,2.515629536407773,5,1,1.2469611669918925
A880,FL1780,1972,1988,LIGHT,6,1973,3.535341369708442,5,1,1.8364209229856394
A881,FL1781,1727,1742,HEAVY,9,1729,4.664574048983912,16,5,3.8059261954142474
A882,FL1782,107,126,MEDIUM,4,109,4.102806095053998,22,7,4.710308482104548
A883,FL1783,484,500,MEDIUM,6,484,3.936603069231567,19,6,4.347045345615578
A884,FL1784,1221,1228,MEDIUM,6,1225,2.557884522672253,17,5,4.35564946726649
A885,FL1785,1067,1082,MEDIUM,1,1070,2.5372848179845446,9,3,1.941199063537185
A886,FL1786,1590,1604,HEAVY,7,1594,3.0277732484333955,19,6,4.428566400647283
A887,FL1787,412,418,HEAVY,9,412,4.752941833713301,7,2,2.2259409191119186
A888,FL1788,286,292,LIGHT,7,286,3.0043671256720375,18,6,4.271406072643737
A889,FL1789,517,528,MEDIUM,7,518,3.7894012262406314,8,2,2.1519363610604665
A890,FL1790,955,960,HEAVY,3,956,3.6931861410169686,16,5,3.8009454845377193
A891,FL1791,552,571,MEDIUM,1,554,4.402816164624291,6,2,1.578224515243345
A892,FL1792,113,124,HEAVY,9,116,2.0760458127918153,5,1,1.8536545489411118
A893,FL1793,536,545,LIGHT,5,536,2.241742436859541,12,4,2.607057083383033
A894,FL1794,608,613,HEAVY,9,609,3.1918144185213793,13,4,2.9428389648054507
A895,FL1795,1296,1305,MEDIUM,8,1297,4.224698325400489,22,7,5.28447872759676
A896,FL1796,151,165,HEAVY,1,152,4.186609413465023,24,8,5.716489151115515
A897,FL1797,1105,1110,HEAVY,1,1109,3.0164704472684223,22,7,4.902008197739183
A898,FL1798,1399,1411,LIGHT,9,1403,2.7711880765676264,19,6,4.016579185627241
A899,FL1799,246,253,MEDIUM,4,247,3.2713103597927704,18,6,4.561550732137566
A900,FL1800,337,346,LIGHT,2,337,4.728645419036415,21,7,4.499232004301061
A901,FL1801,587,592,LIGHT,3,589,4.3889019902453965,7,2,2.385768249585741
A902,FL1802,867,876,MEDIUM,7,870,4.415291936123404,5,1,1.0512634591759982
A903,FL1803,1289,1299,MEDIUM,8,1293,3.39261184685638,10,3,2.6347441411040293
A904,FL1804,1359,1370,HEAVY,7,1359,4.245826125745497,17,5,3.780481885493036
A905,FL1805,962,970,HEAVY,2,965,3.4253010220751614,16,5,4.162102104165028
A906,FL1806,1952,1969,MEDIUM,8,1953,4.00019458957277,20,6,4.000943415267631
A907,FL1807,1601,1615,HEAVY,7,1605,3.989932128512006,20,6,4.550660459236564
A908,FL1808,595,603,LIGHT,3,598,4.102597097376286,8,2,2.018291111093486
A909,FL1809,1362,1368,HEAVY,6,1366,4.692191954964759,22,7,4.727842837885818
A910,FL1810,122,132,MEDIUM,5,124,2.5752086521707995,20,6,4.583919289261136
A911,FL1811,83,98,HEAVY,5,85,4.041153241287566,19,6,4.2303465323722005
A912,FL1812,377,386,LIGHT,5,381,2.357319607630149,7,2,1.5964869669562112
A913,FL1813,528,542,HEAVY,8,532,4.509592672282711,10,3,2.8579349139973287
A914,FL1814,471,488,LIGHT,7,472,4.79049560858765,16,5,3.29271481081027
A915,FL1815,545,558,MEDIUM,1,545,4.3756739713871875,23,7,5.082274000081544
A916,FL1816,870,878,MEDIUM,2,871,4.135333834972848,8,2,2.182686146554583
A917,FL1817,18,24,HEAVY,2,22,4.00005695567754,16,5,3.689785867988241
A918,FL1818,519,533,LIGHT,5,522,2.5926677170354346,24,8,5.0574789761437255
A919,FL1819,803,820,MEDIUM,6,804,2.830262395853926,16,5,3.5470023354122002
A920,FL1820,678,686,LIGHT,7,678,2.9836519820547753,10,3,2.8364155965798568
A921,FL1821,1724,1740,MEDIUM,7,1725,2.148984474379157,23,7,5.340663581066627
A922,FL1822,919,926,MEDIUM,8,923,3.554031294128294,11,3,2.683498085106804
A923,FL1823,1466,1472,HEAVY,4,1469,2.7194598566197707,14,4,3.3049114512501396
A924,FL1824,1203,1217,MEDIUM,9,1205,4.375806868891292,24,8,5.224953519062431
A925,FL1825,342,359,LIGHT,7,342,4.531980415826075,22,7,4.500562732083445
A926,FL1826,228,234,LIGHT,3,229,3.038590660040983,22,7,4.732426692174365
A927,FL1827,87,99,HEAVY,5,88,3.2127249263211173,21,7,5.166274297748186
A928,FL1828,1209,1223,HEAVY,8,1209,2.855617408041242,23,7,5.285174513277781
A929,FL1829,861,868,MEDIUM,7,863,2.845755066791755,5,1,1.095640696023716
A930,FL1830,545,554,HEAVY,8,546,4.738402401223585,9,3,1.9645992736995748
A931,FL1831,1205,1222,LIGHT,3,1206,3.5459155639831303,16,5,4.106233519435139
A932,FL1832,1131,1147,MEDIUM,5,1134,2.239145219561855,9,3,2.1940901527745034
A933,FL1833,985,997,LIGHT,8,988,4.406114810848606,19,6,4.679837747941468
A934,FL1834,1540,1555,MEDIUM,4,1544,2.814651365532457,18,6,3.9096917111051894
A935,FL1835,1385,1397,LIGHT,7,1388,4.029195106730018,19,6,3.984044772050214
A936,FL1836,1876,1886,HEAVY,4,1878,4.0873849008222365,9,3,2.7955109680158663
A937,FL1837,1876,1893,HEAVY,1,1878,4.541808229888171,17,5,3.530353130043266
A938,FL1838,1167,1185,HEAVY,4,1171,2.9537140213198505,16,5,3.6458255498270162
A939,FL1839,356,361,HEAVY,5,359,3.163918263193659,7,2,1.5336956543994362
A940,FL1840,877,883,HEAVY,7,878,3.464352630301205,18,6,3.699229596094647
A941,FL1841,421,429,HEAVY,1,421,4.2959488985761585,23,7,4.80480240905621
A942,FL1842,376,395,MEDIUM,5,380,3.161669423630621,23,7,4.803487994555313
A943,FL1843,1013,1021,LIGHT,2,1016,4.929852911945027,16,5,3.4390145346659438
A944,FL1844,100,107,HEAVY,5,101,4.222607805155653,6,2,1.9561922341067808
A945,FL1845,771,788,HEAVY,2,774,2.6849937571058327,16,5,3.4303866393858895
A946,FL1846,865,879,HEAVY,7,866,2.3547151774164217,7,2,1.9772160730089503
A947,FL1847,1781,1792,MEDIUM,1,1784,4.10329276209281,13,4,3.1852968283343115
A948,FL1848,214,220,HEAVY,8,216,3.5434688069361164,21,7,4.917261875865757
A949,FL1849,1103,1116,LIGHT,4,1106,3.426390818507361,7,2,2.0971662542903506
A950,FL1850,853,859,HEAVY,2,856,2.2062617192674625,8,2,2.477749404862625
A951,FL1851,1438,1452,LIGHT,6,1442,2.186615274577073,20,6,4.5126152441032
A952,FL1852,1998,2003,MEDIUM,5,2002,3.9524996646844546,17,5,3.592676396486701
A953,FL1853,61,69,LIGHT,7,61,2.4985549988292477,8,2,1.9758524651819793
A954,FL1854,1729,1738,LIGHT,9,1733,2.1574451302991826,14,4,3.054748707336719
A955,FL1855,1467,1474,HEAVY,8,1467,4.161370224388269,11,3,2.8359107657097384
A956,FL1856,1053,1062,HEAVY,9,1053,4.323456809359373,24,8,5.405896815179483
A957,FL1857,1701,1716,LIGHT,3,1704,3.6858057605589902,17,5,4.1618898943774845
A958,FL1858,608,626,HEAVY,1,611,3.4309501778529614,14,4,3.309656450803761
A959,FL1859,1848,1853,LIGHT,5,1851,4.780722686437592,18,6,4.1089590404220475
A960,FL1860,915,925,MEDIUM,9,918,2.7881628306839086,22,7,4.724328879136967
A961,FL1861,1080,1097,LIGHT,1,1080,3.762880959845326,14,4,3.378541818203532
A962,FL1862,744,756,LIGHT,9,748,3.531380394039324,24,8,5.116457130874417
A963,FL1863,108,114,HEAVY,8,110,2.7761328422469034,21,7,5.109595391110944
A964,FL1864,848,865,MEDIUM,3,850,4.039114335730502,14,4,3.7607463027713557
A965,FL1865,787,800,HEAVY,2,790,4.246095435317465,9,3,2.795421512925456
A966,FL1866,1396,1406,LIGHT,7,1396,4.647846372551737,12,4,2.5691618938424208
A967,FL1867,1944,1953,MEDIUM,4,1948,2.681783160678987,23,7,4.703756343535857
A968,FL1868,1860,1866,MEDIUM,9,1862,3.8340249687431784,21,7,5.051845925838888
A969,FL1869,1738,1745,LIGHT,1,1738,3.0408768511327575,13,4,3.381779825928726
A970,FL1870,919,935,HEAVY,3,921,3.026208303972666,16,5,3.905490024673117
A971,FL1871,724,729,HEAVY,1,725,2.782547737886267,11,3,2.711093821472398
A972,FL1872,1169,1187,LIGHT,2,1171,2.4183507086154803,22,7,5.267979626730903
A973,FL1873,821,840,MEDIUM,2,824,2.2773485511111997,10,3,2.262485007900591
A974,FL1874,392,407,HEAVY,8,394,4.874414359413489,9,3,2.313955446690708
A975,FL1875,157,165,LIGHT,4,157,4.667036570332878,6,2,1.7260940132515423
A976,FL1876,1173,1192,LIGHT,4,1177,2.154972071343923,8,2,2.4217524169853903
A977,FL1877,216,221,LIGHT,9,219,4.845560982541746,16,5,3.392257918468092
A978,FL1878,1381,1397,LIGHT,2,1382,3.334138330575007,16,5,4.183340768414227
A979,FL1879,1219,1230,MEDIUM,9,1221,3.8219732503791977,11,3,2.8768722758275764
A980,FL1880,709,715,MEDIUM,3,710,4.524866022628322,18,6,4.414793667523659
A981,FL1881,1380,1386,LIGHT,3,1381,2.3570639134794233,16,5,3.683549850790369
A982,FL1882,656,667,HEAVY,8,657,2.376930477236942,11,3,2.91536411522889
A983,FL1883,1075,1085,LIGHT,5,1076,2.022175704332879,17,5,3.7666788797029818
A984,FL1884,535,545,LIGHT,3,537,3.3331868553532416,9,3,1.8680373140916697
A985,FL1885,309,316,LIGHT,8,312,3.2966931785135247,17,5,4.258322938878859
A986,FL1886,845,862,LIGHT,6,845,2.548593580264617,21,7,4.260905543235183
A987,FL1887,769,782,HEAVY,4,770,2.9881378079062273,15,5,3.8662328702676705
A988,FL1888,533,552,LIGHT,7,535,2.881750281514801,16,5,3.927018527014134
A989,FL1889,83,94,LIGHT,9,83,3.986953740618747,16,5,3.731479246281821
A990,FL1890,969,974,HEAVY,8,973,2.0062295528002436,9,3,2.318279720688711
A991,FL1891,1917,1928,HEAVY,8,1918,3.8951672549797522,6,2,1.644627657913905
A992,FL1892,542,557,HEAVY,7,546,2.9307058512341144,13,4,2.7246133856783272
A993,FL1893,531,544,MEDIUM,2,531,3.6619384616602417,11,3,3.1277457330754075
A994,FL1894,394,404,HEAVY,7,396,3.863318974730609,10,3,2.807957328109019
A995,FL1895,213,221,HEAVY,1,217,3.498645005614014,21,7,4.84640737522809
A996,FL1896,1813,1819,LIGHT,5,1814,3.916889065919854,9,3,2.2350145943402233
A997,FL1897,478,492,LIGHT,2,478,2.309649946636999,10,3,2.145515482787359
A998,FL1898,1691,1697,MEDIUM,9,1693,4.7319949861516655,11,3,3.028185869323453
A999,FL1899,1815,1832,LIGHT,7,1816,4.698237566501976,10,3,2.386696449987462
A1000,FL1900,987,993,HEAVY,3,987,4.797044424901133,23,7,5.036757817847075
A1001,FL1901,893,900,HEAVY,4,895,2.073933213908968,15,5,3.7253263907358782
A1002,FL1902,20,31,LIGHT,6,21,2.195830272699392,15,5,3.680953291403576
A1003,FL1903,122,127,LIGHT,3,124,3.9505614993369598,11,3,2.9678763636337115
A1004,FL1904,1066,1076,LIGHT,3,1067,4.479170934801665,16,5,3.792696066642878
A1005,FL1905,969,978,HEAVY,2,970,3.4070748191536504,14,4,3.075170112488068
A1006,FL1906,675,685,HEAVY,1,675,4.943134586763398,9,3,2.1552839742369225
A1007,FL1907,1724,1733,HEAVY,6,1727,2.1712830137238313,9,3,1.925251231096208
A1008,FL1908,122,127,HEAVY,3,125,4.147207779232386,17,5,3.849037760369962
A1009,FL1909,1334,1349,HEAVY,2,1336,4.463778261118536,10,3,2.8388393367652704
A1010,FL1910,1930,1942,HEAVY,5,1934,2.7627774829667917,24,8,5.3140233698765105
A1011,FL1911,1325,1344,MEDIUM,9,1329,3.6394290830761293,19,6,4.483788200889875
A1012,FL1912,1417,1434,MEDIUM,4,1420,2.5683302995022084,9,3,1.8570023875519341
A1013,FL1913,1430,1443,HEAVY,6,1433,2.3284729176633867,18,6,4.598318756570957
A1014,FL1914,1528,1541,HEAVY,8,1532,2.0798250982330524,23,7,4.860403108787909
A1015,FL1915,987,1003,LIGHT,5,988,2.6176459645349635,8,2,1.8837979430415492
A1016,FL1916,1081,1099,MEDIUM,9,1081,4.5758003209474944,5,1,1.0774115519847505
A1017,FL1917,1449,1457,HEAVY,6,1453,4.438552914610273,10,3,2.7768937482048726
A1018,FL1918,825,839,MEDIUM,7,826,2.1686417163796357,9,3,2.297229195019996
A1019,FL1919,535,543,HEAVY,1,535,3.2959681143903223,24,8,5.75393675252641
A1020,FL1920,104,123,LIGHT,7,106,2.6531866990488004,16,5,3.2480789684864506
A1021,FL1921,844,849,LIGHT,3,847,2.6668482999157557,12,4,2.5466145571598426
A1022,FL1922,242,252,LIGHT,9,243,3.7810538597261996,19,6,4.293406700413396
A1023,FL1923,1603,1618,HEAVY,3,1607,4.952268391899542,22,7,5.3839309401424025
A1024,FL1924,296,310,MEDIUM,7,298,3.37341479767762,16,5,3.4656855648662637
A1025,FL1925,1561,1566,HEAVY,2,1561,3.8410495631862305,8,2,2.145668664968635
A1026,FL1926,1652,1660,HEAVY,1,1655,2.5649075747513193,20,6,4.8183078176753025
A1027,FL1927,35,48,LIGHT,9,36,3.539781513711327,9,3,1.9413835542163402
A1028,FL1928,1557,1569,LIGHT,4,1561,2.292830114326975,8,2,1.6867829540649906
A1029,FL1929,691,700,MEDIUM,2,691,3.0976978958534227,6,2,1.877124263482564
A1030,FL1930,383,399,LIGHT,7,387,2.1170192622884545,21,7,5.090973884690704
A1031,FL1931,670,677,HEAVY,1,674,2.550270930493868,20,6,4.674293573700025
A1032,FL1932,1082,1087,LIGHT,7,1083,2.7308443759465826,24,8,5.075024772487798
A1033,FL1933,1320,1327,LIGHT,5,1321,3.1485001843053055,16,5,3.689238861427775
A1034,FL1934,269,280,LIGHT,5,269,2.2950347647706395,14,4,3.740497198513011
A1035,FL1935,1092,1109,MEDIUM,9,1092,2.7585122020708677,8,2,2.475685127586106
A1036,FL1936,1597,1610,HEAVY,2,1597,2.7714570533272873,14,4,2.828121506277924
A1037,FL1937,1884,1892,MEDIUM,2,1884,2.286677311875006,11,3,2.4350312988119187
A1038,FL1938,1293,1300,LIGHT,2,1294,2.3223516578867245,17,5,3.9795967274126745
A1039,FL1939,953,972,MEDIUM,9,953,2.6342937739967334,8,2,2.0137060319100306
A1040,FL1940,1888,1904,HEAVY,8,1891,4.310063685367486,9,3,1.9357458530999012
A1041,FL1941,926,943,HEAVY,1,928,2.300464992520301,16,5,3.9817289890047594
A1042,FL1942,473,486,HEAVY,9,474,3.1982968370925633,7,2,2.029683595259203
A1043,FL1943,1560,1567,HEAVY,7,1563,2.413202296663426,13,4,2.618531233594333
A1044,FL1944,1781,1794,LIGHT,2,1782,2.91768443978456,9,3,2.245886619859808
A1045,FL1945,811,825,LIGHT,9,812,3.9119064696140717,11,3,2.327811844360383
A1046,FL1946,885,896,LIGHT,3,886,3.9047891903532315,10,3,2.7963907226197087
A1047,FL1947,697,702,MEDIUM,1,700,3.8129132594644366,11,3,3.110216654966645
A1048,FL1948,657,666,MEDIUM,6,661,2.7094247367160835,22,7,4.745264552057053
A1049,FL1949,380,396,MEDIUM,8,381,2.487533195892369,13,4,2.792346363153915
A1050,FL1950,1511,1524,LIGHT,5,1513,4.2870836411215185,12,4,3.0897912473128666
A1051,FL1951,922,934,MEDIUM,3,923,2.022389421251658,11,3,2.946419830009849
A1052,FL1952,1824,1831,HEAVY,3,1824,2.6990568931905043,11,3,2.7884312404534524
A1053,FL1953,523,535,HEAVY,5,527,3.7346551436698685,9,3,2.058300429127592
A1054,FL1954,268,284,HEAVY,7,268,3.4637005858379055,22,7,4.455727985700985
A1055,FL1955,1817,1834,LIGHT,1,1818,3.3245117698435247,21,7,4.765851787410672
A1056,FL1956,1392,1402,MEDIUM,2,1393,4.156097797918388,13,4,3.092367048701249
A1057,FL1957,841,846,LIGHT,6,842,3.599165870284134,7,2,2.0370858888547154
A1058,FL1958,1586,1597,LIGHT,8,1587,4.789806782222257,13,4,2.781631421878822
A1059,FL1959,1718,1733,HEAVY,4,1719,4.559384515730709,6,2,1.910421815012412
A1060,FL1960,1057,1064,MEDIUM,3,1058,4.953727689128339,10,3,2.358755762021274
A1061,FL1961,703,708,LIGHT,3,704,4.897510006422751,24,8,5.762212910115945
A1062,FL1962,834,849,HEAVY,4,838,4.918532475980067,22,7,4.500457549680969
A1063,FL1963,1320,1326,HEAVY,8,1322,3.5999250873762225,15,5,3.6847251638810046
A1064,FL1964,1197,1214,LIGHT,6,1200,2.6203930281324324,13,4,2.619651482746848
A1065,FL1965,1865,1870,LIGHT,2,1866,4.040752064991122,23,7,5.007937818367841
A1066,FL1966,1564,1571,MEDIUM,9,1564,2.3648157780441714,22,7,4.768725155470847
A1067,FL1967,1622,1631,HEAVY,1,1626,4.532557687472245,10,3,2.5202319605040255
A1068,FL1968,555,563,HEAVY,1,557,2.2622504236132515,24,8,5.015609765243045
A1069,FL1969,230,246,MEDIUM,8,234,2.867451003362453,15,5,3.1828930530686685
A1070,FL1970,1370,1375,MEDIUM,8,1370,2.820626087005811,18,6,3.6169691293154664
A1071,FL1971,219,235,LIGHT,7,219,2.042043552578171,13,4,2.614372951777778
A1072,FL1972,1025,1036,HEAVY,5,1026,2.0398436103757405,17,5,4.303190690722786
A1073,FL1973,1043,1062,HEAVY,6,1046,4.053306083207922,6,2,1.9655433696892028
A1074,FL1974,1049,1059,HEAVY,9,1051,3.944770862233466,23,7,5.45994071418341
A1075,FL1975,914,930,HEAVY,9,916,3.929182980620089,9,3,2.384930893978722
A1076,FL1976,1894,1911,HEAVY,6,1896,3.8669089372220786,24,8,5.301869531024504
A1077,FL1977,1495,1507,MEDIUM,1,1496,4.007797387530973,20,6,4.0894731228103876
A1078,FL1978,331,348,HEAVY,7,331,2.297712994759043,20,6,4.874766062553993
A1079,FL1979,648,660,MEDIUM,7,649,3.8694135612434764,22,7,5.096754814935405
A1080,FL1980,830,839,MEDIUM,9,831,4.621034103682247,21,7,4.58510612298992
A1081,FL1981,515,529,HEAVY,7,517,2.4825808804552936,22,7,4.8532674607550215
A1082,FL1982,756,774,LIGHT,1,756,4.443875168077751,21,7,4.674544350158556
A1083,FL1983,1002,1007,MEDIUM,4,1004,4.390584710828573,17,5,4.205466283040587
A1084,FL1984,445,463,HEAVY,7,446,3.7637069746844434,21,7,5.117772652494439
A1085,FL1985,325,332,HEAVY,2,328,3.6723229014907997,14,4,3.038845160403607
A1086,FL1986,1876,1891,LIGHT,1,1878,3.6323258718184057,12,4,2.482010741208188
A1087,FL1987,802,807,HEAVY,2,804,3.1320454316909347,21,7,4.384435190584265
A1088,FL1988,1157,1169,LIGHT,4,1157,2.61796455256542,10,3,2.418932977983946
A1089,FL1989,1989,2000,HEAVY,7,1989,4.83592112075491,17,5,4.141995391126173
A1090,FL1990,462,479,MEDIUM,9,463,4.623194095124992,18,6,4.420919213613001
A1091,FL1991,1566,1578,LIGHT,1,1569,2.245815317114438,20,6,4.123690850613761
A1092,FL1992,1726,1736,LIGHT,9,1728,4.7698580630418075,22,7,4.527224886937011
A1093,FL1993,1060,1074,HEAVY,3,1063,4.185911066950697,23,7,4.802080936086521
A1094,FL1994,859,866,LIGHT,1,862,4.182609281690429,23,7,4.7512642844626765
A1095,FL1995,414,429,HEAVY,5,418,3.6189853667094574,16,5,3.2180290089589123
A1096,FL1996,270,278,MEDIUM,2,272,4.4054776996265455,15,5,3.4713217941050685
A1097,FL1997,1729,1744,HEAVY,5,1730,2.5043542927931752,22,7,4.427470562512985
A1098,FL1998,1737,1744,HEAVY,3,1739,3.739314325287439,16,5,3.3733960662061193
A1099,FL1999,934,952,LIGHT,7,934,4.230058686710037,15,5,3.995619059622707
A1100,FL2000,559,569,HEAVY,4,562,2.047555526695629,17,5,4.288746516813813
A1101,FL2001,845,857,HEAVY,9,847,3.6995544967634904,22,7,4.452825893908603
A1102,FL2002,242,247,HEAVY,2,244,4.647227559331366,16,5,3.3976903031144876
A1103,FL2003,769,788,LIGHT,1,772,3.168548077836226,21,7,4.21569590559628
A1104,FL2004,1349,1356,MEDIUM,2,1353,2.3028248766691966,10,3,2.7827456742513865
A1105,FL2005,1070,1089,LIGHT,6,1070,4.761884410132327,16,5,3.4093060758342086
A1106,FL2006,667,679,LIGHT,7,671,4.760120157637711,14,4,2.890418977791661
A1107,FL2007,604,618,LIGHT,2,605,4.366835371804781,12,4,2.896515422230605
A1108,FL2008,1260,1269,LIGHT,4,1264,2.314507241617974,6,2,1.353412882389088
A1109,FL2009,1126,1145,LIGHT,9,1130,4.3953605151535715,12,4,2.5903817862970353
A1110,FL2010,1213,1224,LIGHT,5,1214,4.867709517164547,14,4,3.5806820746878625
A1111,FL2011,1135,1148,LIGHT,6,1138,2.0118798290364284,16,5,3.3744984863979552
A1112,FL2012,1001,1015,LIGHT,8,1003,3.1720806113028464,11,3,2.2948491932531563
A1113,FL2013,1897,1904,MEDIUM,9,1899,3.8201486059100116,20,6,4.187527222912166
A1114,FL2014,792,800,MEDIUM,9,794,4.675619390025229,19,6,4.137477045712972
A1115,FL2015,1639,1653,LIGHT,4,1641,2.1116651137079874,19,6,4.790748809393219
A1116,FL2016,751,765,LIGHT,6,753,2.5717281395515816,22,7,5.242538229398638
A1117,FL2017,769,785,MEDIUM,6,771,3.022843404927829,16,5,3.8382244150406115
A1118,FL2018,1245,1251,HEAVY,2,1249,3.6482354961828936,6,2,2.161612758433283
A1119,FL2019,711,720,MEDIUM,1,714,3.623611297313895,17,5,3.962655422902743
A1120,FL2020,154,159,LIGHT,4,154,3.333322873014496,9,3,1.902496329189213
A1121,FL2021,775,788,MEDIUM,2,775,2.428356910003654,7,2,2.364432179567981
A1122,FL2022,1486,1495,MEDIUM,4,1487,4.6437520450456695,18,6,4.324557909158818
A1123,FL2023,1325,1335,LIGHT,8,1327,3.8935642341802135,18,6,3.982363331061628
A1124,FL2024,821,830,LIGHT,8,822,3.5778397307043783,16,5,4.04860655189878
A1125,FL2025,1184,1203,MEDIUM,4,1188,2.8325684147071777,21,7,4.9235345733310885
A1126,FL2026,404,418,HEAVY,5,405,4.055018259989536,23,7,5.109508873224202
A1127,FL2027,64,72,HEAVY,8,65,4.006012654693679,13,4,3.008699562270934
A1128,FL2028,1035,1049,HEAVY,1,1035,4.936758668359699,8,2,2.1087059842162668
A1129,FL2029,217,235,LIGHT,8,217,2.56980423098306,8,2,2.500312239574491
A1130,FL2030,779,791,LIGHT,4,781,4.417291754879994,24,8,4.873085091026151
A1131,FL2031,21,38,LIGHT,8,21,2.8047510767669324,11,3,2.718205732182521
A1132,FL2032,639,654,LIGHT,7,640,3.3403510295246344,12,4,3.355022919611669
A1133,FL2033,353,370,HEAVY,7,356,4.545446629801219,16,5,3.440245018464304
A1134,FL2034,140,159,HEAVY,2,143,4.402408063935574,19,6,3.9642704494559284
A1135,FL2035,462,467,MEDIUM,5,462,2.578073284078904,20,6,4.677463354239974
A1136,FL2036,664,681,LIGHT,5,668,4.48283078404746,20,6,4.053697078599307
A1137,FL2037,821,830,HEAVY,9,823,2.7399693405343335,11,3,2.932877452883899
A1138,FL2038,1503,1510,MEDIUM,7,1507,4.499574979356362,12,4,2.8136655235832073
A1139,FL2039,602,607,MEDIUM,1,603,3.3288530322437984,18,6,4.0981892991739794
A1140,FL2040,751,763,LIGHT,1,753,4.388857048828402,22,7,5.273361117841438
A1141,FL2041,1168,1175,MEDIUM,6,1172,2.8977452577804814,8,2,1.6477813646814055
A1142,FL2042,1835,1851,LIGHT,1,1835,2.933021011012662,20,6,4.385552501491669
A1143,FL2043,1880,1891,MEDIUM,6,1881,4.662325072257463,24,8,4.858237830820276
A1144,FL2044,229,241,MEDIUM,9,233,4.842695378972129,12,4,3.1844056656084003
A1145,FL2045,893,907,MEDIUM,8,893,3.545576678414641,10,3,2.562144753827585
A1146,FL2046,132,143,HEAVY,6,134,3.970445693265347,18,6,4.195276841104055
A1147,FL2047,689,695,LIGHT,6,689,2.190804309133392,16,5,4.041096170616101
A1148,FL2048,966,980,HEAVY,6,966,4.16367340249675,10,3,2.6852014537698663
A1149,FL2049,1136,1152,MEDIUM,1,1138,2.8041415621359134,24,8,5.502324979419708
A1150,FL2050,44,60,LIGHT,1,47,4.178910501106454,14,4,3.2490833926761136
A1151,FL2051,837,852,HEAVY,2,840,3.5513956760319143,12,4,2.9400793219221963
A1152,FL2052,203,212,LIGHT,3,204,3.0793682401457887,23,7,5.570438548884098
A1153,FL2053,783,795,MEDIUM,4,785,3.273116078160904,21,7,4.47695461812461
A1154,FL2054,1772,1786,LIGHT,7,1772,3.1660242520128516,9,3,2.6913139356064555
A1155,FL2055,310,323,LIGHT,1,314,2.6035256968666385,5,1,1.9833872204605725
A1156,FL2056,1815,1830,HEAVY,3,1818,4.314420034578819,17,5,4.25451543591075
A1157,FL2057,228,239,HEAVY,2,230,3.525437105924078,17,5,4.147236138039551
A1158,FL2058,1382,1401,HEAVY,2,1385,2.635394449644508,6,2,2.159783786437715
A1159,FL2059,1446,1463,HEAVY,1,1450,2.0744516343354475,23,7,4.68001826975768
A1160,FL2060,1927,1944,HEAVY,2,1927,4.70489368845908,10,3,2.009098181280776
A1161,FL2061,1606,1619,LIGHT,3,1608,4.664816589534518,11,3,2.9145623460931565
A1162,FL2062,323,337,MEDIUM,1,323,4.901984334060409,11,3,3.1792632914045162
A1163,FL2063,1760,1779,HEAVY,3,1761,4.230807552681853,15,5,3.3341046520865634
A1164,FL2064,1356,1365,HEAVY,4,1358,4.283017948848666,18,6,3.8852117446533323
A1165,FL2065,400,411,MEDIUM,4,404,4.64423099696975,21,7,4.523524613737038
A1166,FL2066,1176,1182,LIGHT,6,1180,2.5697982986910777,10,3,2.6970130139342627
A1167,FL2067,716,726,HEAVY,7,716,4.24253891174743,11,3,2.2058647278871613
A1168,FL2068,269,281,HEAVY,5,272,3.128688135083573,12,4,2.968921405844717
A1169,FL2069,1496,1503,HEAVY,2,1499,3.5054611266215328,18,6,3.939692618479587
A1170,FL2070,140,145,HEAVY,9,142,3.1520572218948746,21,7,4.948999017404957
A1171,FL2071,1583,1602,MEDIUM,1,1583,3.6520714744119402,24,8,5.012277515285515
A1172,FL2072,1720,1733,MEDIUM,6,1723,4.809710654212518,15,5,3.1953589608486084
A1173,FL2073,154,168,HEAVY,5,154,2.305541795427148,13,4,2.799669738040647
A1174,FL2074,1148,1167,MEDIUM,8,1150,2.917106407431466,10,3,2.4063664052774616
A1175,FL2075,1269,1276,MEDIUM,1,1272,4.918066229783256,16,5,3.271110708213437
A1176,FL2076,267,281,MEDIUM,7,269,4.453365291768258,5,1,1.929791722630503
A1177,FL2077,1448,1462,HEAVY,7,1452,2.2562074528726215,6,2,1.9563560547436345
A1178,FL2078,1794,1809,LIGHT,6,1796,2.2714889332876003,15,5,3.4105986972382665
A1179,FL2079,627,643,MEDIUM,6,627,4.576941641366661,11,3,2.398003030307554
A1180,FL2080,593,601,HEAVY,8,594,2.718109509026139,6,2,1.7211737249135377
A1181,FL2081,838,848,MEDIUM,5,840,3.6791523077849404,5,1,1.8083578224980739
A1182,FL2082,1236,1244,HEAVY,7,1240,4.270367668707191,16,5,3.944442167837554
A1183,FL2083,1105,1110,MEDIUM,1,1108,2.7390447417269055,17,5,4.00747175390857
A1184,FL2084,1740,1752,MEDIUM,2,1740,2.699562663264849,23,7,4.617645160178606
A1185,FL2085,1564,1573,HEAVY,6,1565,3.055129453876425,15,5,3.207790464704754
A1186,FL2086,1161,1176,MEDIUM,3,1161,3.0665893914560227,14,4,3.094701369885528
A1187,FL2087,669,681,LIGHT,7,672,2.681623033496013,6,2,2.0512611673620604
A1188,FL2088,1664,1677,HEAVY,3,1667,2.6819662132100826,17,5,3.498546851412943
A1189,FL2089,104,114,MEDIUM,7,104,2.4618897159995115,20,6,4.43778147729962
A1190,FL2090,1030,1039,HEAVY,3,1034,4.666565295180258,9,3,1.8351569920485016
A1191,FL2091,191,205,MEDIUM,8,195,3.649053840969735,6,2,2.0072616493262507
A1192,FL2092,1555,1571,MEDIUM,9,1556,3.033789787180915,8,2,2.26445065709326
A1193,FL2093,1612,1625,HEAVY,2,1616,2.7143745297619963,6,2,1.342845907591924
A1194,FL2094,1593,1600,HEAVY,3,1593,4.56039665960766,14,4,3.794564256684525
A1195,FL2095,596,609,LIGHT,3,596,4.174793592558858,13,4,3.187347791243028
A1196,FL2096,567,578,HEAVY,9,568,4.9976218968303225,21,7,4.798187499938528
A1197,FL2097,699,709,HEAVY,2,699,3.632089895883727,18,6,4.120115414502394
A1198,FL2098,756,775,MEDIUM,4,760,4.610074776560497,20,6,4.164730896081061
A1199,FL2099,975,982,MEDIUM,5,979,2.9381398854243743,14,4,2.8547449822595956
A1200,FL2100,768,779,HEAVY,1,771,2.8232351630011254,24,8,5.674747073488976
A1201,FL2101,104,110,MEDIUM,1,105,3.2308784088318396,14,4,3.1035039091479524
A1202,FL2102,1088,1105,HEAVY,5,1088,2.7639850592973403,20,6,4.187925957873795
A1203,FL2103,1680,1685,MEDIUM,3,1684,3.2997527969270837,21,7,4.939474653884114
A1204,FL2104,521,533,HEAVY,2,525,2.299290673108527,21,7,4.866525831785384
A1205,FL2105,559,572,MEDIUM,5,559,2.706697803783504,7,2,2.1097850502239726
A1206,FL2106,1238,1254,MEDIUM,2,1240,4.31068629694962,10,3,2.2341026649706404
A1207,FL2107,349,355,MEDIUM,1,353,2.8697742878990855,22,7,4.489009734896009
A1208,FL2108,52,68,MEDIUM,5,53,3.1708637259894092,10,3,2.619121400046696
A1209,FL2109,628,643,HEAVY,2,628,4.157599086787301,6,2,1.2854084828082655
A1210,FL2110,1224,1242,LIGHT,7,1227,3.522527283407994,10,3,2.071735343747425
A1211,FL2111,601,620,LIGHT,1,603,4.343871942217077,21,7,4.307246833495846
A1212,FL2112,476,491,MEDIUM,9,478,3.9016683854973255,23,7,5.414565212113503
A1213,FL2113,1449,1462,LIGHT,9,1450,2.9191963950858737,13,4,3.5579793532488906
A1214,FL2114,1442,1455,HEAVY,5,1443,4.567775568773893,13,4,3.078283667511043
A1215,FL2115,1253,1263,MEDIUM,5,1253,2.0293381409172855,14,4,3.12168636870131
A1216,FL2116,1890,1908,MEDIUM,6,1893,3.074657123729218,20,6,4.482854764982947
A1217,FL2117,1354,1371,HEAVY,3,1358,4.790016133373218,19,6,4.555886379567816
A1218,FL2118,1968,1978,LIGHT,8,1969,4.404618382157226,22,7,4.821774241936126
A1219,FL2119,1982,1999,LIGHT,8,1985,3.8866194332399155,7,2,1.6625102904831657
A1220,FL2120,853,858,HEAVY,3,853,3.449198735579908,16,5,4.177853693501782
A1221,FL2121,1162,1170,LIGHT,5,1164,4.265181244448549,8,2,2.510834226989754
A1222,FL2122,1959,1969,LIGHT,5,1962,3.697665815305277,8,2,2.1494286122885162
A1223,FL2123,380,393,HEAVY,6,381,2.2805603707937285,23,7,4.653458712604818
A1224,FL2124,880,897,HEAVY,5,881,3.4938457777467917,17,5,4.211967742390802
A1225,FL2125,1760,1778,HEAVY,4,1760,4.289884735991845,17,5,4.110894330460542
A1226,FL2126,1326,1332,HEAVY,8,1329,2.0212895974846616,16,5,4.087541907726414
A1227,FL2127,1357,1372,HEAVY,1,1359,3.5268253430278587,5,1,1.9689678620822997
A1228,FL2128,1355,1374,MEDIUM,7,1355,4.551288463036784,19,6,4.270816419365898
A1229,FL2129,745,763,MEDIUM,8,745,3.639844818991013,15,5,3.1674704905500426
A1230,FL2130,1725,1738,MEDIUM,8,1725,4.016847957539456,24,8,5.521122756114767
A1231,FL2131,1816,1834,HEAVY,2,1816,2.909624581279025,12,4,2.557371583349911
A1232,FL2132,1199,1216,HEAVY,1,1201,2.2501371613062786,18,6,4.496281552163788
A1233,FL2133,494,507,MEDIUM,3,495,3.0368605067023684,19,6,4.03634274332821
A1234,FL2134,1592,1607,LIGHT,1,1596,4.300305069015007,19,6,4.33355443355358
A1235,FL2135,868,879,MEDIUM,4,872,2.7514488402492905,13,4,2.879673856546443
A1236,FL2136,641,652,LIGHT,5,641,4.707626344528859,23,7,5.494182158616572
A1237,FL2137,1232,1242,HEAVY,2,1234,4.377987430254851,12,4,2.8018134586016954
A1238,FL2138,1742,1757,MEDIUM,4,1742,2.008735153501366,23,7,5.266708855396457
A1239,FL2139,1545,1553,MEDIUM,9,1549,3.3371894627086074,16,5,4.116961113102489
A1240,FL2140,605,621,HEAVY,4,605,4.351915551516768,15,5,3.646046944096596
A1241,FL2141,125,131,MEDIUM,9,127,4.188564265929315,21,7,4.995287849047685
A1242,FL2142,1232,1245,LIGHT,8,1236,3.5817654498520315,7,2,1.8677486753746637
A1243,FL2143,520,530,MEDIUM,2,520,3.3653726930983083,18,6,4.499612489372315
A1244,FL2144,1721,1734,LIGHT,8,1723,3.1642962060324713,6,2,1.3548426816202275
A1245,FL2145,354,365,HEAVY,8,357,2.05833877525864,18,6,3.6744284184385156
A1246,FL2146,361,378,HEAVY,4,361,3.6701277696585617,21,7,4.208998657283256
A1247,FL2147,1215,1223,LIGHT,2,1218,2.09884360473659,17,5,4.053994221420249
A1248,FL2148,186,196,LIGHT,9,188,2.2728063497391235,24,8,5.556004241774078
A1249,FL2149,576,581,LIGHT,5,580,2.1309827861390254,10,3,2.275429903639473
A1250,FL2150,1605,1617,HEAVY,7,1606,2.5736315532402254,19,6,3.866991094395848
A1251,FL2151,1081,1094,MEDIUM,7,1084,4.161000107497979,7,2,1.8080404616028167
A1252,FL2152,1486,1495,HEAVY,8,1489,4.413123242413102,13,4,2.610798392389512
A1253,FL2153,380,396,LIGHT,8,383,4.352839444863707,23,7,5.010023786741743
A1254,FL2154,1245,1250,MEDIUM,1,1245,2.973519947506842,15,5,3.752335177977885
A1255,FL2155,753,767,MEDIUM,7,754,4.753275927905483,17,5,4.0262592746624275
A1256,FL2156,1862,1875,HEAVY,3,1864,2.397722232453447,24,8,4.8464028860151265
A1257,FL2157,1912,1919,LIGHT,8,1916,2.231433122258183,24,8,5.455629412114318
A1258,FL2158,411,430,HEAVY,6,412,2.811045771486753,18,6,4.108527431773573
A1259,FL2159,381,400,MEDIUM,4,381,3.7429057598947773,6,2,1.2701014802674422
A1260,FL2160,1233,1249,HEAVY,7,1235,4.133365451045858,10,3,2.756233589816213
A1261,FL2161,1209,1221,HEAVY,3,1211,4.423217879602143,23,7,4.700947681636041
A1262,FL2162,1708,1724,MEDIUM,8,1709,2.631585465321839,14,4,3.1247053342582642
A1263,FL2163,1603,1619,HEAVY,4,1604,3.433998635162934,7,2,1.992568182764827
A1264,FL2164,1112,1117,MEDIUM,8,1114,2.3391589035035305,22,7,4.9049328040894
A1265,FL2165,1212,1223,LIGHT,7,1215,2.3932395851141095,23,7,5.06550566652748
A1266,FL2166,549,555,LIGHT,8,550,4.624963064157955,10,3,2.1126092293492205
A1267,FL2167,1192,1199,MEDIUM,5,1194,3.1494934056773776,11,3,2.6563168205509626
A1268,FL2168,1046,1063,MEDIUM,6,1046,3.8349670269380423,15,5,3.107414325436222
A1269,FL2169,1808,1816,LIGHT,9,1812,2.394695919918064,17,5,4.367969796769956
A1270,FL2170,1883,1895,HEAVY,9,1884,2.330053163382631,18,6,3.9431738572072836
A1271,FL2171,1578,1583,HEAVY,7,1581,2.854063284632815,7,2,2.095881574368485
A1272,FL2172,781,795,HEAVY,2,784,3.5957989326583744,9,3,1.8470611978769473
A1273,FL2173,90,101,LIGHT,1,93,4.560187200610825,5,1,1.8332096879578015
A1274,FL2174,1901,1911,LIGHT,1,1904,4.946405553308452,20,6,4.9249769482350345
A1275,FL2175,1288,1303,LIGHT,6,1288,4.009860472577654,17,5,3.7267730981550455
A1276,FL2176,1822,1832,HEAVY,2,1825,3.454576219148311,19,6,4.695644153063835
A1277,FL2177,441,449,MEDIUM,7,442,3.2905277253329395,22,7,5.05986986682904
A1278,FL2178,1940,1956,HEAVY,1,1940,3.818041495808244,10,3,2.050455570620124
A1279,FL2179,460,475,HEAVY,5,460,3.512210239245273,21,7,5.12767454149952
A1280,FL2180,432,451,HEAVY,5,432,2.192758168863833,5,1,1.1607133491909858
A1281,FL2181,745,752,HEAVY,3,748,3.047157273384654,22,7,5.039386421454099
A1282,FL2182,1975,1980,MEDIUM,4,1979,4.663254574015064,16,5,3.271980818463322
A1283,FL2183,433,440,LIGHT,9,434,4.367871964031314,22,7,4.551457622400415
A1284,FL2184,1193,1212,HEAVY,7,1196,2.199216060381492,20,6,4.654907123147859
A1285,FL2185,1088,1100,HEAVY,6,1091,3.596260471814034,19,6,3.8680102319524208
A1286,FL2186,538,548,MEDIUM,9,540,4.8265563634689155,18,6,4.5927709865127335
A1287,FL2187,1103,1114,LIGHT,4,1103,3.6008507939276324,20,6,4.509081828566471
A1288,FL2188,1973,1983,LIGHT,1,1977,2.3845553308972933,7,2,1.8549507768419997
A1289,FL2189,1429,1438,LIGHT,3,1431,2.987963832447513,21,7,4.21351727169972
A1290,FL2190,1359,1368,MEDIUM,9,1362,4.0363646667807345,21,7,5.145774717008461
A1291,FL2191,661,672,MEDIUM,8,664,3.3615396914207345,8,2,1.9900860387802137
A1292,FL2192,1345,1350,MEDIUM,5,1349,4.566930992434839,15,5,3.189077653778349
A1293,FL2193,911,926,MEDIUM,8,913,3.2676181406715648,17,5,3.5209606622384926
A1294,FL2194,1495,1502,MEDIUM,4,1499,3.7664308104686697,13,4,3.2838767411633065
A1295,FL2195,565,577,MEDIUM,2,569,3.683450637305523,22,7,5.018935162763434
A1296,FL2196,1566,1571,MEDIUM,1,1570,2.549508582284878,18,6,4.1365781900286205
A1297,FL2197,1499,1508,LIGHT,3,1499,4.68510157656031,10,3,2.689638519658906
A1298,FL2198,840,846,HEAVY,7,844,3.755233449119648,8,2,2.095690770228714
A1299,FL2199,215,226,HEAVY,1,216,3.301334823221461,17,5,3.6541472801278148
