callsign,runway,landing_time,predicted_delay
FL1000,0,5.427406072616577,3.427406072616577
FL1001,1,6.440350770950317,2.4403507709503174
FL1002,0,11.351767301559448,3.3517673015594482
FL1003,1,12.983096361160278,2.9830963611602783
FL1004,0,15.351767301559448,1.3622699975967407
FL1005,1,17.33545207977295,3.335452079772949
FL1006,0,19.35176730155945,3.3288798332214355
FL1007,1,21.33545207977295,2.8744735717773438
FL1008,0,23.35176730155945,2.0834715366363525
FL1009,1,25.33545207977295,2.8059372901916504
FL1010,0,27.35176730155945,3.3394298553466797
FL1011,1,29.33545207977295,2.3994786739349365
FL1012,0,31.35176730155945,2.666757345199585
FL1013,1,33.33545207977295,2.683405876159668
FL1015,0,35.64845311641693,1.6484531164169312
FL1014,1,37.33545207977295,4.1639580726623535
FL1016,0,39.64845311641693,1.841054916381836
FL1017,1,41.33545207977295,3.100696325302124
FL1018,0,43.64845311641693,2.1656792163848877
FL1019,1,45.33545207977295,2.697071075439453
FL1020,0,47.64845311641693,2.9803545475006104
FL1021,1,49.33545207977295,2.7416727542877197
FL1022,0,51.64845311641693,3.160888671875
FL1023,1,53.33545207977295,1.9867761135101318
FL1024,0,55.64845311641693,3.6166391372680664
FL1025,1,57.33545207977295,3.2765910625457764
FL1026,0,59.64845311641693,2.003307819366455
FL1027,1,61.33545207977295,2.0315051078796387
FL1028,0,63.64845311641693,3.339608669281006
FL1029,1,65.33545207977295,3.2119672298431396
FL1030,0,67.64845311641693,2.4558589458465576
FL1031,1,69.33545207977295,3.1979660987854004
FL1032,0,71.64845311641693,2.2078094482421875
FL1033,1,73.33545207977295,1.8848401308059692
FL1034,0,75.64845311641693,3.3478376865386963
FL1035,1,77.33545207977295,3.0601959228515625
FL1036,0,79.64845311641693,2.223104238510132
FL1037,1,81.33545207977295,1.8856009244918823
FL1038,0,84.94476509094238,4.944765090942383
FL1039,1,85.8399703502655,3.839970350265503
FL1040,0,88.94476509094238,3.388230323791504
FL1041,1,89.8399703502655,3.7654902935028076
FL1042,0,92.94476509094238,3.2817652225494385
FL1043,1,93.8399703502655,1.8768653869628906
FL1044,0,96.94476509094238,3.425574541091919
FL1045,1,97.8399703502655,2.6608448028564453
FL1046,0,100.94476509094238,2.4184963703155518
FL1047,1,101.8399703502655,2.653745174407959
FL1048,0,104.94476509094238,1.8132357597351074
FL1049,1,105.8399703502655,2.122016191482544
FL1050,0,108.94476509094238,3.860775947570801
FL1051,1,109.8399703502655,1.913541316986084
FL1052,0,112.94476509094238,3.812333345413208
FL1053,1,113.8399703502655,3.108917474746704
FL1054,0,116.94476509094238,2.606555700302124
FL1055,1,117.8399703502655,2.6309452056884766
FL1056,0,120.94476509094238,1.7691147327423096
FL1057,1,121.8399703502655,2.0870344638824463
FL1058,0,124.94476509094238,2.0679421424865723
FL1059,1,125.8399703502655,1.9753800630569458
FL1060,0,128.94476509094238,4.744297504425049
FL1061,1,129.8399703502655,3.6898326873779297
FL1063,0,132.94476509094238,1.9889847040176392
FL1062,1,133.8399703502655,4.309238433837891
FL1064,0,136.94476509094238,2.1547341346740723
FL1065,1,137.8399703502655,2.2043979167938232
FL1066,0,140.94476509094238,1.7901287078857422
FL1067,1,141.8399703502655,2.3777754306793213
FL1068,0,144.94476509094238,3.7112741470336914
FL1069,1,145.8399703502655,1.7320849895477295
FL1070,0,148.94476509094238,3.4104833602905273
FL1071,1,149.8399703502655,2.357290744781494
FL1072,0,152.94476509094238,2.135230302810669
FL1073,1,153.8399703502655,2.308286190032959
FL1074,0,156.94476509094238,3.8223414421081543
FL1076,1,158.0207281112671,2.02072811126709
FL1075,0,160.94476509094238,4.166550636291504
FL1077,1,162.0207281112671,3.4540183544158936
FL1078,0,164.94476509094238,2.9497458934783936
FL1079,1,166.0207281112671,2.282975435256958
FL1080,0,168.94476509094238,2.6282284259796143
FL1081,1,170.0207281112671,3.047691583633423
FL1082,0,172.94476509094238,3.554075241088867
FL1083,1,174.0207281112671,3.4289565086364746
FL1084,0,176.94476509094238,3.4053900241851807
FL1085,1,178.0207281112671,1.8644943237304688
FL1086,0,180.94476509094238,3.0755093097686768
FL1087,1,182.0207281112671,2.271857500076294
FL1088,0,184.94476509094238,2.4992282390594482
FL1089,1,186.0207281112671,2.9363865852355957
FL1090,0,188.94476509094238,2.3916873931884766
FL1091,1,190.0207281112671,2.7156431674957275
FL1092,0,192.94476509094238,2.7831084728240967
FL1093,1,194.62057828903198,4.620578289031982
FL1094,0,196.94476509094238,3.563467264175415
FL1095,1,198.62057828903198,3.3860483169555664
FL1096,0,200.94476509094238,1.8348866701126099
FL1097,1,202.62057828903198,2.988419771194458
FL1098,0,204.94476509094238,3.222633123397827
FL1099,1,206.62057828903198,2.231787919998169
FL1100,0,208.94476509094238,2.0821893215179443
FL1101,1,210.62057828903198,2.4319589138031006
FL1102,0,212.94476509094238,1.4086787700653076
FL1104,1,214.7609555721283,2.760955572128296
FL1103,0,216.94476509094238,4.896016597747803
FL1105,1,218.7609555721283,4.363337516784668
FL1106,0,220.94476509094238,2.696470022201538
FL1107,1,222.7609555721283,4.310434341430664
FL1108,0,224.94476509094238,3.0113704204559326
FL1109,1,226.7609555721283,2.941329002380371
FL1110,0,228.94476509094238,2.4072391986846924
FL1111,1,230.7609555721283,4.331036567687988
FL1112,0,232.94476509094238,2.3941538333892822
FL1113,1,234.7609555721283,3.8134374618530273
FL1114,0,236.94476509094238,3.6055779457092285
FL1115,1,238.7609555721283,2.597637891769409
FL1116,0,240.94476509094238,3.293947219848633
FL1117,1,242.7609555721283,2.5433738231658936
FL1118,0,244.94476509094238,2.9447903633117676
FL1119,1,246.7609555721283,2.0149929523468018
FL1120,0,248.94476509094238,1.8123317956924438
FL1121,1,250.7609555721283,2.6944713592529297
FL1122,0,252.94476509094238,3.757533550262451
FL1123,1,254.7609555721283,1.9943064451217651
FL1124,0,256.9447650909424,1.3622699975967407
FL1125,1,258.7609555721283,1.697041630744934
FL1126,0,260.9447650909424,2.3306055068969727
FL1127,1,262.7609555721283,1.8667857646942139
FL1128,0,264.9447650909424,2.085042953491211
FL1129,1,266.7609555721283,3.849088191986084
FL1131,0,268.9447650909424,1.8190078735351562
FL1130,1,270.7609555721283,3.849128246307373
FL1132,0,272.9447650909424,2.9956214427948
FL1133,1,274.7609555721283,3.6233434677124023
FL1134,0,276.9447650909424,2.3581552505493164
FL1135,1,278.7609555721283,2.6959338188171387
FL1136,0,280.9447650909424,3.8980398178100586
FL1137,1,282.7609555721283,3.442596912384033
FL1138,0,284.9447650909424,1.540680170059204
FL1139,1,286.7609555721283,2.312101125717163
FL1140,0,288.9447650909424,2.3734610080718994
FL1141,1,290.7609555721283,1.6888500452041626
FL1142,0,292.9447650909424,2.648003578186035
FL1143,1,294.7609555721283,3.1524336338043213
FL1144,0,296.9447650909424,1.6206423044204712
FL1145,1,298.7609555721283,2.8869400024414062
FL1146,0,300.9447650909424,3.3870797157287598
FL1147,1,302.7609555721283,2.7438418865203857
FL1148,0,304.9447650909424,1.7705798149108887
FL1150,1,306.7609555721283,1.9946409463882446
FL1149,0,308.9447650909424,4.1887688636779785
FL1151,1,310.7609555721283,1.2603421211242676
FL1152,0,312.9447650909424,2.0263314247131348
FL1153,1,314.7609555721283,3.6037404537200928
FL1154,0,316.9447650909424,2.1309890747070312
FL1155,1,318.7609555721283,3.5524964332580566
FL1156,0,320.9447650909424,4.04912805557251
FL1158,1,322.7609555721283,1.639945149421692
FL1157,0,324.9447650909424,4.142552852630615
FL1160,1,326.7609555721283,1.503705382347107
FL1159,0,328.9447650909424,3.8611183166503906
FL1161,1,330.7609555721283,3.08612060546875
FL1162,0,332.9447650909424,2.054809808731079
FL1163,1,334.7609555721283,3.5590484142303467
FL1164,0,336.9447650909424,3.470799207687378
FL1165,1,338.7609555721283,2.5343191623687744
FL1166,0,340.9447650909424,2.8529508113861084
FL1167,1,342.7609555721283,4.093992233276367
FL1168,0,344.9447650909424,3.615567445755005
FL1169,1,346.7609555721283,3.1635351181030273
FL1171,0,348.9447650909424,1.4732580184936523
FL1170,1,350.7609555721283,3.8891117572784424
FL1172,0,352.9447650909424,2.49706768989563
FL1173,1,354.7609555721283,2.1712558269500732
FL1174,0,356.9447650909424,2.6072397232055664
FL1175,1,358.7609555721283,4.4201250076293945
FL1176,0,360.9447650909424,3.2767539024353027
FL1177,1,362.7609555721283,2.8154680728912354
FL1178,0,364.9447650909424,4.08818244934082
FL1179,1,366.7609555721283,2.5826940536499023
FL1180,0,368.9447650909424,4.31370210647583
FL1181,1,370.7609555721283,4.178210735321045
FL1182,0,372.9447650909424,3.1621932983398438
FL1183,1,374.7609555721283,3.0561537742614746
FL1185,0,376.9447650909424,1.5495703220367432
FL1184,1,378.7609555721283,3.6449193954467773
FL1186,0,380.9447650909424,4.206216812133789
FL1188,1,382.7609555721283,2.19429874420166
FL1187,0,384.9447650909424,4.67410945892334
FL1189,1,386.7609555721283,3.619053363800049
FL1190,0,388.9447650909424,2.7345612049102783
FL1191,1,390.7609555721283,3.2899677753448486
FL1192,0,392.9447650909424,3.661691665649414
FL1193,1,394.7609555721283,3.3585267066955566
FL1194,0,396.9447650909424,3.657194137573242
FL1195,1,398.7609555721283,4.162631988525391
FL1196,0,400.9447650909424,4.131398677825928
FL1197,1,402.7609555721283,2.693587303161621
FL1198,0,404.9447650909424,4.665223121643066
FL1199,1,406.7609555721283,3.535776376724243
FL1200,0,408.9447650909424,3.477107048034668
FL1201,1,410.7609555721283,3.490666627883911
FL1202,0,412.9447650909424,2.2252352237701416
FL1203,1,414.7609555721283,2.3126580715179443
FL1204,0,416.9447650909424,4.070052623748779
FL1205,1,418.7609555721283,3.162670850753784
FL1206,0,420.9447650909424,2.713628053665161
FL1207,1,422.7609555721283,3.2031893730163574
FL1208,0,424.9447650909424,3.718332052230835
FL1209,1,426.7609555721283,1.9122772216796875
FL1210,0,428.9447650909424,2.6175057888031006
FL1212,1,430.7609555721283,1.3378607034683228
FL1211,0,432.9447650909424,3.621082067489624
FL1213,1,434.7609555721283,1.9652488231658936
FL1214,0,436.9447650909424,3.5838375091552734
FL1215,1,438.7609555721283,2.285784959793091
FL1216,0,440.9447650909424,3.6607868671417236
FL1217,1,442.7609555721283,3.0272679328918457
FL1219,0,444.9447650909424,1.3846187591552734
FL1218,1,446.7609555721283,5.062038898468018
FL1220,0,448.9447650909424,3.2727816104888916
FL1221,1,450.7609555721283,2.5149025917053223
FL1222,0,452.9447650909424,4.639864444732666
FL1223,1,454.7609555721283,4.264994144439697
FL1225,0,456.9447650909424,1.9211677312850952
FL1224,1,458.7609555721283,4.23451042175293
FL1226,0,460.9447650909424,2.1709976196289062
FL1227,1,462.7609555721283,3.5508902072906494
FL1228,0,464.9447650909424,3.6700191497802734
FL1229,1,466.7609555721283,2.1466007232666016
FL1230,0,468.9447650909424,1.8298869132995605
FL1231,1,470.7609555721283,2.5055441856384277
FL1232,0,472.9447650909424,3.2973015308380127
FL1233,1,474.7609555721283,3.385892152786255
FL1234,0,476.9447650909424,3.0932490825653076
FL1235,1,478.7609555721283,3.7058913707733154
FL1236,0,480.9447650909424,3.704960823059082
FL1237,1,482.7609555721283,2.8890368938446045
FL1238,0,484.9447650909424,4.375896453857422
FL1239,1,486.7609555721283,3.4642412662506104
FL1240,0,488.9447650909424,2.5170235633850098
FL1241,1,490.7609555721283,2.718860149383545
FL1242,0,492.9447650909424,2.678107261657715
FL1243,1,494.7609555721283,2.2831642627716064
FL1244,0,496.9447650909424,3.343851327896118
FL1246,1,498.7609555721283,1.8252930641174316
FL1245,0,500.9447650909424,4.36811637878418
FL1247,1,502.7609555721283,1.3837858438491821
FL1248,0,504.9447650909424,2.5015382766723633
FL1249,1,506.7609555721283,1.2143421173095703
FL1250,0,508.9447650909424,4.0350341796875
FL1251,1,510.7609555721283,2.8893277645111084
FL1252,0,512.9447650909424,2.8290748596191406
FL1253,1,514.7609555721283,3.2442567348480225
FL1254,0,516.9447650909424,2.687626838684082
FL1255,1,518.7609555721283,3.0029184818267822
FL1256,0,520.9447650909424,2.477565288543701
FL1257,1,522.7609555721283,2.1309890747070312
FL1258,0,524.9447650909424,3.3007235527038574
FL1259,1,526.7609555721283,2.04744553565979
FL1260,0,528.9447650909424,1.7026748657226562
FL1261,1,530.7609555721283,3.8107383251190186
FL1262,0,532.9447650909424,3.1339762210845947
FL1263,1,534.7609555721283,2.60042405128479
FL1264,0,536.9447650909424,2.7825236320495605
FL1265,1,538.7609555721283,1.6147558689117432
FL1266,0,540.9447650909424,3.1843366622924805
FL1267,1,542.7609555721283,1.6719921827316284
FL1268,0,544.9447650909424,2.652615547180176
FL1269,1,546.7609555721283,2.4290387630462646
FL1270,0,548.9447650909424,3.318922996520996
FL1271,1,550.7609555721283,2.335925817489624
FL1272,0,552.9447650909424,3.238175630569458
FL1273,1,554.7609555721283,2.0992801189422607
FL1274,0,556.9447650909424,4.157176494598389
FL1275,1,558.7609555721283,3.5843021869659424
FL1276,0,560.9447650909424,2.3537402153015137
FL1277,1,562.7609555721283,3.3511738777160645
FL1278,0,564.9447650909424,3.390695810317993
FL1279,1,566.7609555721283,3.3065102100372314
FL1280,0,568.9447650909424,1.5631059408187866
FL1281,1,570.7609555721283,2.3829352855682373
FL1282,0,572.9447650909424,3.388427734375
FL1283,1,574.7609555721283,1.986106038093567
FL1284,0,576.9447650909424,2.0857226848602295
FL1285,1,578.7609555721283,3.5027332305908203
FL1286,0,580.9447650909424,4.00471305847168
FL1287,1,582.7609555721283,3.252493381500244
FL1288,0,584.9447650909424,3.9233157634735107
FL1289,1,586.7609555721283,2.312101125717163
FL1290,0,588.9447650909424,1.6696923971176147
FL1291,1,590.7609555721283,3.735870122909546
FL1292,0,592.9447650909424,2.040724039077759
FL1293,1,594.7609555721283,3.307931661605835
FL1294,0,596.9447650909424,1.4759584665298462
FL1295,1,598.7609555721283,4.328244209289551
FL1296,0,600.9447650909424,3.6158556938171387
FL1297,1,602.7609555721283,2.693587303161621
FL1299,0,604.9447650909424,2.071481227874756
FL1298,1,606.7609555721283,4.289275646209717
FL1300,0,608.9447650909424,1.8450390100479126
FL1301,1,610.7609555721283,2.3356733322143555
FL1302,0,612.9447650909424,2.1575748920440674
FL1303,1,614.7609555721283,1.6831437349319458
FL1305,0,616.9447650909424,1.5078749656677246
FL1304,1,618.7609555721283,3.7009215354919434
FL1306,0,620.9447650909424,1.925360918045044
FL1307,1,622.7609555721283,3.159696102142334
FL1308,0,624.9447650909424,1.5150409936904907
FL1309,1,626.7609555721283,3.2301604747772217
FL1310,0,628.9447650909424,2.6467599868774414
FL1311,1,630.7609555721283,3.2496752738952637
FL1312,0,632.9447650909424,1.819167971611023
FL1313,1,634.7609555721283,2.328134298324585
FL1314,0,636.9447650909424,2.7728397846221924
FL1315,1,638.7609555721283,3.1580207347869873
FL1316,0,640.9447650909424,2.6925220489501953
FL1317,1,642.7609555721283,1.6222503185272217
FL1318,0,644.9447650909424,2.2843782901763916
FL1319,1,646.7609555721283,3.003981351852417
FL1320,0,648.9447650909424,1.774604082107544
FL1321,1,650.7609555721283,1.73479425907135
FL1322,0,652.9447650909424,2.9610445499420166
FL1323,1,654.7609555721283,3.60951828956604
FL1324,0,656.9447650909424,3.216710090637207
FL1326,1,658.7609555721283,1.7686119079589844
FL1325,0,660.9447650909424,3.8430445194244385
FL1327,1,662.7609555721283,3.8623762130737305
FL1328,0,664.9447650909424,2.858250141143799
FL1329,1,666.7609555721283,4.059662818908691
FL1330,0,668.9447650909424,2.0970451831817627
FL1331,1,670.7609555721283,3.0698354244232178
FL1333,0,672.9447650909424,2.12988018989563
FL1332,1,674.7609555721283,4.65769624710083
FL1334,0,676.9447650909424,1.9107414484024048
FL1335,1,678.7609555721283,3.4488906860351562
FL1336,0,680.9447650909424,2.9825868606567383
FL1337,1,682.7609555721283,2.0350730419158936
FL1338,0,684.9447650909424,3.496642827987671
FL1339,1,686.7609555721283,2.9850070476531982
FL1340,0,688.9447650909424,2.9441816806793213
FL1341,1,690.7609555721283,1.601691484451294
FL1342,0,692.9447650909424,2.855177164077759
FL1343,1,694.7609555721283,2.5892772674560547
FL1344,0,696.9447650909424,2.5055441856384277
FL1345,1,698.7609555721283,3.1443469524383545
FL1346,0,700.9447650909424,3.056248426437378
FL1347,1,702.7609555721283,4.308964252471924
FL1348,0,704.9447650909424,3.7166807651519775
FL1349,1,706.7609555721283,2.074422597885132
FL1350,0,708.9447650909424,1.6568156480789185
FL1351,1,710.7609555721283,3.470200777053833
FL1353,0,712.9447650909424,2.1514179706573486
FL1352,1,714.7609555721283,4.3101935386657715
FL1354,0,716.9447650909424,1.7447561025619507
FL1355,1,718.7609555721283,2.5691640377044678
FL1356,0,720.9447650909424,3.313852548599243
FL1357,1,722.7609555721283,2.1896655559539795
FL1358,0,724.9447650909424,3.3993446826934814
FL1360,1,726.7609555721283,2.249804735183716
FL1359,0,728.9447650909424,4.3101935386657715
FL1361,1,730.7609555721283,3.6152758598327637
FL1362,0,732.9447650909424,2.78570294380188
FL1363,1,734.7609555721283,2.85477876663208
FL1364,0,736.9447650909424,3.470799207687378
FL1365,1,738.7609555721283,3.8134374618530273
FL1366,0,740.9447650909424,2.608966827392578
FL1367,1,742.7609555721283,1.439634084701538
FL1368,0,744.9447650909424,2.7878658771514893
FL1369,1,746.7609555721283,2.169731378555298
FL1370,0,748.9447650909424,1.5084165334701538
FL1371,1,750.7609555721283,2.1707282066345215
FL1373,0,752.9447650909424,1.2710814476013184
FL1372,1,754.7609555721283,3.692091941833496
FL1374,0,756.9447650909424,3.540228843688965
FL1375,1,758.7609555721283,4.1160430908203125
FL1376,0,760.9447650909424,3.077108860015869
FL1377,1,762.7609555721283,2.330869436264038
FL1378,0,764.9447650909424,2.3586935997009277
FL1379,1,766.7609555721283,3.669095516204834
FL1380,0,768.9447650909424,2.2917497158050537
FL1381,1,770.7609555721283,3.357343912124634
FL1382,0,772.9447650909424,3.440720796585083
FL1383,1,774.7609555721283,2.4952611923217773
FL1384,0,776.9447650909424,3.131335496902466
FL1385,1,778.7609555721283,2.5777664184570312
FL1386,0,780.9447650909424,3.6352033615112305
FL1387,1,782.7609555721283,3.7114417552948
FL1388,0,784.9447650909424,2.599489688873291
FL1389,1,786.7609555721283,2.0352182388305664
FL1390,0,788.9447650909424,2.7612991333007812
FL1391,1,791.2023525238037,5.202352523803711
FL1392,0,792.9447650909424,4.31690788269043
FL1393,1,795.2023525238037,4.277439117431641
FL1394,0,796.9447650909424,3.93603253364563
FL1395,1,799.2023525238037,4.8166303634643555
FL1396,0,800.9447650909424,2.846858263015747
FL1397,1,803.2023525238037,4.249974250793457
FL1398,0,804.9447650909424,2.6381754875183105
FL1399,1,807.2023525238037,3.5936784744262695
FL1400,0,808.9447650909424,2.608966827392578
FL1401,1,811.2023525238037,2.3759896755218506
FL1402,0,812.9447650909424,3.916696548461914
FL1403,1,815.2023525238037,2.9810450077056885
FL1404,0,816.9447650909424,1.9465782642364502
FL1405,1,819.2023525238037,2.942345142364502
FL1406,0,820.9447650909424,3.6708781719207764
FL1407,1,823.2023525238037,4.1887688636779785
FL1408,0,824.9447650909424,3.716761827468872
FL1409,1,827.2023525238037,3.800548791885376
FL1410,0,828.9447650909424,2.227762222290039
FL1411,1,831.2023525238037,3.286036729812622
FL1412,0,832.9447650909424,3.237752676010132
FL1413,1,835.2023525238037,2.8820650577545166
FL1414,0,836.9447650909424,1.526816964149475
FL1415,1,839.2023525238037,4.026584148406982
FL1416,0,840.9447650909424,3.454029083251953
FL1417,1,843.2023525238037,3.4914772510528564
FL1418,0,844.9447650909424,2.4333302974700928
FL1419,1,847.2023525238037,2.9973127841949463
FL1420,0,848.9447650909424,2.0595152378082275
FL1421,1,851.2023525238037,3.5027546882629395
FL1422,0,852.9447650909424,2.0877954959869385
FL1423,1,855.2023525238037,4.454250335693359
FL1424,0,856.9447650909424,2.532780408859253
FL1425,1,859.2023525238037,1.939894437789917
FL1426,0,860.9447650909424,2.1852660179138184
FL1427,1,863.2023525238037,1.973257303237915
FL1428,0,864.9447650909424,3.7793772220611572
FL1429,1,867.2023525238037,4.528656959533691
FL1430,0,868.9447650909424,2.7352709770202637
FL1431,1,871.2023525238037,2.9529881477355957
FL1432,0,872.9447650909424,2.980438709259033
FL1433,1,875.2023525238037,2.289026975631714
FL1434,0,876.9447650909424,0.8272117376327515
FL1435,1,879.2023525238037,2.4659030437469482
FL1436,0,880.9447650909424,2.943321943283081
FL1437,1,883.2023525238037,3.9003705978393555
FL1438,0,884.9447650909424,3.2161662578582764
FL1439,1,887.2023525238037,2.794152021408081
FL1440,0,888.9447650909424,3.8424415588378906
FL1441,1,891.2023525238037,2.2889890670776367
FL1442,0,892.9447650909424,2.8615574836730957
FL1443,1,895.2023525238037,2.6703643798828125
FL1444,0,896.9447650909424,3.5830724239349365
FL1445,1,899.2023525238037,2.9617574214935303
FL1446,0,900.9447650909424,3.078843116760254
FL1447,1,903.2023525238037,2.716506242752075
FL1448,0,904.9447650909424,3.8101565837860107
FL1449,1,907.2023525238037,3.078756809234619
FL1450,0,908.9447650909424,2.977792501449585
FL1451,1,911.2023525238037,2.0743303298950195
FL1452,0,912.9447650909424,2.893824338912964
FL1453,1,915.2023525238037,1.771618127822876
FL1454,0,916.9447650909424,2.5890421867370605
FL1455,1,919.2023525238037,3.720691204071045
FL1457,0,920.9447650909424,1.9196419715881348
FL1456,1,923.2023525238037,4.516638278961182
FL1458,0,924.9447650909424,2.771662950515747
FL1459,1,927.2023525238037,2.725815773010254
FL1460,0,928.9447650909424,1.841922640800476
FL1461,1,931.2023525238037,2.28505539894104
FL1462,0,932.9447650909424,1.7429789304733276
FL1463,1,935.2023525238037,2.3077447414398193
FL1464,0,936.9447650909424,4.463551998138428
FL1465,1,939.2023525238037,2.7333524227142334
FL1466,0,940.9447650909424,2.2029178142547607
FL1467,1,943.2023525238037,4.516638278961182
FL1468,0,944.9447650909424,4.140426158905029
FL1469,1,947.2023525238037,2.6808223724365234
FL1470,0,948.9447650909424,1.8624334335327148
FL1471,1,951.2023525238037,4.24371337890625
FL1472,0,952.9447650909424,4.195749759674072
FL1473,1,955.2023525238037,2.38553524017334
FL1474,0,956.9447650909424,2.56082820892334
FL1475,1,959.2023525238037,4.596378803253174
FL1476,0,960.9447650909424,3.7109813690185547
FL1477,1,963.2023525238037,2.0028483867645264
FL1478,0,964.9447650909424,2.838608503341675
FL1479,1,967.2023525238037,2.6262271404266357
FL1480,0,968.9447650909424,4.026933670043945
FL1481,1,971.2023525238037,3.614499092102051
FL1482,0,972.9447650909424,4.03200626373291
FL1483,1,975.2023525238037,3.3208141326904297
FL1484,0,976.9447650909424,2.272800922393799
FL1485,1,979.2023525238037,3.4413368701934814
FL1486,0,980.9447650909424,3.579710006713867
FL1487,1,983.2023525238037,3.2351908683776855
FL1488,0,984.9447650909424,3.1959166526794434
FL1489,1,987.2023525238037,4.973242282867432
FL1490,0,988.9447650909424,3.115426540374756
FL1491,1,991.2023525238037,3.3976101875305176
FL1492,0,992.9447650909424,4.44265079498291
FL1493,1,995.2023525238037,2.880223035812378
FL1494,0,996.9447650909424,2.393496513366699
FL1495,1,999.2023525238037,3.614285945892334
FL1496,0,1000.9447650909424,3.088860511779785
FL1497,1,1003.2023525238037,4.589038372039795
FL1498,0,1004.9447650909424,2.8053853511810303
FL1499,1,1007.2023525238037,2.6425771713256836
FL1500,0,1008.9447650909424,2.0063207149505615
FL1501,1,1011.2023525238037,3.632351875305176
FL1502,0,1012.9447650909424,4.027303218841553
FL1503,1,1015.2023525238037,3.4537346363067627
FL1504,0,1016.9447650909424,3.8113481998443604
FL1505,1,1019.2023525238037,2.7167534828186035
FL1506,0,1020.9447650909424,3.1432650089263916
FL1508,1,1023.2023525238037,1.7079708576202393
FL1507,0,1024.9447650909424,4.044777870178223
FL1509,1,1027.2023525238037,4.586679935455322
FL1510,0,1028.9447650909424,2.8466923236846924
FL1511,1,1031.2023525238037,3.3003008365631104
FL1512,0,1032.9447650909424,3.7089619636535645
FL1513,1,1035.2023525238037,2.943321943283081
FL1514,0,1036.9447650909424,2.5058443546295166
FL1515,1,1039.2023525238037,1.4456002712249756
FL1518,0,1040.9447650909424,0.09742997586727142
FL1516,1,1043.2023525238037,4.691385746002197
FL1517,0,1044.9447650909424,3.5361135005950928
FL1520,1,1047.2023525238037,1.4521570205688477
FL1519,0,1048.9447650909424,4.254068851470947
FL1522,1,1051.2023525238037,2.0391643047332764
FL1521,0,1052.9447650909424,4.061897277832031
FL1523,1,1055.2023525238037,4.226421356201172
FL1524,0,1056.9447650909424,3.9114153385162354
FL1525,1,1059.2023525238037,2.7129392623901367
FL1526,0,1060.9447650909424,2.4981424808502197
FL1527,1,1063.2023525238037,3.212517023086548
FL1528,0,1064.9447650909424,2.9362940788269043
FL1529,1,1067.2023525238037,2.9017183780670166
FL1530,0,1068.9447650909424,2.318193197250366
FL1531,1,1071.2023525238037,3.7375857830047607
FL1532,0,1072.9447650909424,1.9793462753295898
FL1533,1,1075.2023525238037,2.8954193592071533
FL1535,0,1076.9447650909424,2.0071563720703125
FL1534,1,1079.2023525238037,4.973242282867432
FL1536,0,1080.9447650909424,3.5026237964630127
FL1537,1,1083.2023525238037,1.686215877532959
FL1538,0,1084.9447650909424,2.2649059295654297
FL1539,1,1087.2023525238037,3.029198169708252
FL1540,0,1088.9447650909424,3.3003008365631104
FL1541,1,1091.2023525238037,2.4370594024658203
FL1542,0,1092.9447650909424,3.5401337146759033
FL1543,1,1095.2023525238037,3.071894645690918
FL1544,0,1096.9447650909424,3.3613176345825195
FL1545,1,1099.2023525238037,3.810382127761841
FL1546,0,1100.9447650909424,2.3362419605255127
FL1547,1,1103.2023525238037,1.9170465469360352
FL1548,0,1104.9447650909424,3.3053090572357178
FL1549,1,1107.2023525238037,2.563861608505249
FL1550,0,1108.9447650909424,1.907226324081421
FL1551,1,1111.2023525238037,2.878424644470215
FL1552,0,1112.9447650909424,2.0149600505828857
FL1553,1,1115.2023525238037,3.7701165676116943
FL1554,0,1116.9447650909424,3.8598790168762207
FL1555,1,1119.2023525238037,3.0843770503997803
FL1556,0,1120.9447650909424,2.9748127460479736
FL1557,1,1123.2023525238037,3.098766326904297
FL1558,0,1124.9447650909424,3.5507078170776367
FL1559,1,1127.2023525238037,4.171077251434326
FL1560,0,1128.9447650909424,4.300076484680176
FL1561,1,1131.2023525238037,2.3020427227020264
FL1562,0,1132.9447650909424,2.760955572128296
FL1563,1,1135.2023525238037,2.913235902786255
FL1564,0,1136.9447650909424,4.209474563598633
FL1565,1,1139.2023525238037,3.3506228923797607
FL1566,0,1140.9447650909424,3.3772571086883545
FL1567,1,1143.2023525238037,2.5015382766723633
FL1568,0,1144.9447650909424,2.903038501739502
FL1569,1,1147.2023525238037,3.5461881160736084
FL1570,0,1148.9447650909424,2.7005088329315186
FL1571,1,1151.2023525238037,2.6133835315704346
FL1572,0,1152.9447650909424,2.4612507820129395
FL1573,1,1155.2023525238037,4.104034900665283
FL1574,0,1156.9447650909424,3.014901876449585
FL1575,1,1159.2023525238037,2.317943811416626
FL1576,0,1160.9447650909424,2.2663919925689697
FL1577,1,1163.2023525238037,2.2809226512908936
FL1578,0,1164.9447650909424,2.0530874729156494
FL1579,1,1167.2023525238037,3.297260284423828
FL1580,0,1168.9447650909424,3.3933956623077393
FL1581,1,1171.2023525238037,3.902651071548462
FL1582,0,1172.9447650909424,4.294881820678711
FL1583,1,1175.2023525238037,2.5149025917053223
FL1584,0,1176.9447650909424,3.230106830596924
FL1585,1,1179.2023525238037,3.266972303390503
FL1586,0,1180.9447650909424,2.1756091117858887
FL1587,1,1183.2023525238037,2.838615655899048
FL1588,0,1184.9447650909424,3.093543529510498
FL1589,1,1187.2023525238037,2.6718664169311523
FL1590,0,1188.9447650909424,3.297260284423828
FL1591,1,1191.2023525238037,2.54695725440979
FL1592,0,1192.9447650909424,3.222926616668701
FL1593,1,1195.2023525238037,3.4283151626586914
FL1594,0,1196.9447650909424,2.785863161087036
FL1595,1,1199.2023525238037,4.502022743225098
FL1596,0,1200.9447650909424,2.797844171524048
FL1597,1,1203.2023525238037,2.820910692214966
FL1598,0,1204.9447650909424,2.9825778007507324
FL1599,1,1207.2023525238037,2.369906187057495
FL1600,0,1208.9447650909424,3.763617515563965
FL1601,1,1211.2023525238037,2.139840602874756
FL1602,0,1212.9447650909424,2.9800240993499756
FL1603,1,1215.2023525238037,4.231437683105469
FL1604,0,1216.9447650909424,3.558013916015625
FL1605,1,1219.2023525238037,3.7823967933654785
FL1606,0,1220.9447650909424,2.9842748641967773
FL1607,1,1223.2023525238037,2.693247079849243
FL1608,0,1224.9447650909424,2.2120587825775146
FL1609,1,1227.2023525238037,4.408911228179932
FL1610,0,1228.9447650909424,2.635802745819092
FL1611,1,1231.2023525238037,2.466535806655884
FL1612,0,1232.9447650909424,2.439631938934326
FL1613,1,1235.2023525238037,3.391096353530884
FL1614,0,1236.9447650909424,2.4410159587860107
FL1615,1,1239.2023525238037,2.524013042449951
FL1616,0,1240.9447650909424,1.917936086654663
FL1617,1,1243.2023525238037,3.5396816730499268
FL1618,0,1244.9447650909424,2.2570319175720215
FL1619,1,1247.2023525238037,3.2078492641448975
FL1620,0,1248.9447650909424,2.681515693664551
FL1621,1,1251.2023525238037,2.8615429401397705
FL1622,0,1252.9447650909424,4.5192131996154785
FL1623,1,1255.2023525238037,3.5876355171203613
FL1624,0,1256.9447650909424,3.677682638168335
FL1625,1,1259.2023525238037,4.013581275939941
FL1626,0,1260.9447650909424,2.0281472206115723
FL1627,1,1263.2023525238037,4.271650791168213
FL1628,0,1264.9447650909424,2.884671449661255
FL1629,1,1267.2023525238037,1.7070043087005615
FL1630,0,1268.9447650909424,2.3370797634124756
FL1631,1,1271.2023525238037,1.4369995594024658
FL1632,0,1272.9447650909424,2.3216121196746826
FL1633,1,1275.2023525238037,2.322160005569458
FL1634,0,1276.9447650909424,2.07915997505188
FL1635,1,1279.2023525238037,1.7131705284118652
FL1636,0,1280.9447650909424,1.5477876663208008
FL1638,1,1283.2023525238037,2.0316238403320312
FL1637,0,1284.9447650909424,4.364805221557617
FL1640,1,1287.2023525238037,1.2897224426269531
FL1639,0,1288.9447650909424,3.4937374591827393
FL1641,1,1291.2023525238037,2.661182403564453
FL1642,0,1292.9447650909424,2.112685441970825
FL1643,1,1295.2023525238037,2.619793176651001
FL1644,0,1296.9447650909424,1.3811334371566772
FL1645,1,1299.2023525238037,1.911412239074707
FL1646,0,1300.9447650909424,2.4537880420684814
FL1647,1,1303.2023525238037,2.869560956954956
FL1648,0,1304.9447650909424,2.6042628288269043
FL1649,1,1307.2023525238037,2.2310895919799805
FL1650,0,1308.9447650909424,2.3438594341278076
FL1651,1,1311.2023525238037,4.300076484680176
FL1652,0,1312.9447650909424,2.7910971641540527
FL1653,1,1315.2023525238037,2.6621289253234863
FL1654,0,1316.9447650909424,2.9617433547973633
FL1655,1,1319.2023525238037,1.6609570980072021
FL1656,0,1320.9447650909424,3.2249767780303955
FL1657,1,1323.2023525238037,2.1242735385894775
FL1658,0,1324.9447650909424,1.715755581855774
FL1659,1,1327.2023525238037,3.7778666019439697
FL1660,0,1328.9447650909424,2.8830161094665527
FL1662,1,1331.2023525238037,1.8766999244689941
FL1661,0,1332.9447650909424,4.3683037757873535
FL1663,1,1335.2023525238037,3.1323463916778564
FL1664,0,1336.9447650909424,2.6132102012634277
FL1665,1,1339.2023525238037,1.8713990449905396
FL1666,0,1340.9447650909424,4.256448268890381
FL1667,1,1343.2023525238037,3.3862993717193604
FL1668,0,1344.9447650909424,4.150961399078369
FL1670,1,1347.2023525238037,1.2255150079727173
FL1669,0,1348.9447650909424,3.500847339630127
FL1671,1,1351.2023525238037,3.2223308086395264
FL1672,0,1352.9447650909424,2.353395938873291
FL1673,1,1355.2023525238037,2.6150448322296143
FL1674,0,1356.9447650909424,1.771618127822876
FL1675,1,1359.2023525238037,2.9973127841949463
FL1676,0,1360.9447650909424,1.7386208772659302
FL1677,1,1363.2023525238037,3.504673957824707
FL1678,0,1364.9447650909424,2.977792501449585
FL1679,1,1367.2023525238037,3.224884510040283
FL1680,0,1368.9447650909424,2.7067294120788574
FL1681,1,1371.2023525238037,4.5173139572143555
FL1682,0,1372.9447650909424,3.0252456665039062
FL1683,1,1375.2023525238037,2.017716407775879
FL1684,0,1376.9447650909424,3.8942935466766357
FL1685,1,1379.2023525238037,2.276465892791748
FL1686,0,1380.9447650909424,4.4657206535339355
FL1687,1,1383.2023525238037,3.1946372985839844
FL1688,0,1384.9447650909424,4.105488300323486
FL1689,1,1387.2023525238037,3.3988735675811768
FL1690,0,1388.9447650909424,2.9909322261810303
FL1691,1,1391.2023525238037,3.0882651805877686
FL1692,0,1392.9447650909424,3.745187759399414
FL1693,1,1395.2023525238037,2.4702582359313965
FL1694,0,1396.9447650909424,3.266420841217041
FL1695,1,1399.2023525238037,3.9566478729248047
FL1696,0,1400.9447650909424,2.145537853240967
FL1697,1,1403.2023525238037,2.536863088607788
FL1698,0,1404.9447650909424,2.769050121307373
FL1699,1,1407.2023525238037,2.3764429092407227
FL1700,0,1408.9447650909424,2.563666343688965
FL1701,1,1411.2023525238037,1.5432701110839844
FL1702,0,1412.9447650909424,3.8929052352905273
FL1703,1,1415.2023525238037,2.734281301498413
FL1704,0,1416.9447650909424,2.4079842567443848
FL1705,1,1419.2023525238037,2.696470022201538
FL1706,0,1420.9447650909424,3.6000096797943115
FL1707,1,1423.2023525238037,3.82027268409729
FL1708,0,1424.9447650909424,3.011341094970703
FL1709,1,1427.2023525238037,3.2389957904815674
FL1710,0,1428.9447650909424,2.979074239730835
FL1711,1,1431.2023525238037,3.550858736038208
FL1712,0,1432.9447650909424,4.331036567687988
FL1713,1,1435.2023525238037,3.2767539024353027
FL1714,0,1436.9447650909424,1.9122772216796875
FL1715,1,1439.2023525238037,3.490666627883911
FL1716,0,1440.9447650909424,3.0220327377319336
FL1717,1,1443.2023525238037,3.4671311378479004
FL1718,0,1445.000316143036,5.000316143035889
FL1719,1,1447.2023525238037,3.6392178535461426
FL1720,0,1449.000316143036,2.7730281352996826
FL1721,1,1451.2023525238037,2.6831703186035156
FL1722,0,1453.000316143036,2.927217960357666
FL1723,1,1455.2023525238037,2.603073835372925
FL1724,0,1457.000316143036,3.7527430057525635
FL1725,1,1459.2023525238037,3.3155174255371094
FL1726,0,1461.000316143036,3.2853784561157227
FL1727,1,1463.2023525238037,2.9829137325286865
FL1728,0,1465.000316143036,3.0503427982330322
FL1730,1,1467.2023525238037,2.3586935997009277
FL1729,0,1469.000316143036,4.972227573394775
FL1731,1,1471.2023525238037,3.009248971939087
FL1732,0,1473.000316143036,4.290714263916016
FL1733,1,1475.2023525238037,2.8200509548187256
FL1734,0,1477.000316143036,3.6553795337677
FL1735,1,1479.2023525238037,3.4762117862701416
FL1736,0,1481.000316143036,2.9362940788269043
FL1737,1,1483.2023525238037,2.231787919998169
FL1738,0,1485.000316143036,3.9036810398101807
FL1739,1,1487.2023525238037,2.5777664184570312
FL1740,0,1489.000316143036,1.8242075443267822
FL1741,1,1491.2023525238037,3.5480144023895264
FL1742,0,1493.000316143036,2.256605863571167
FL1743,1,1495.2023525238037,2.9900591373443604
FL1744,0,1497.000316143036,3.2945871353149414
FL1745,1,1499.2023525238037,2.4085543155670166
FL1746,0,1501.000316143036,2.354524612426758
FL1747,1,1503.2023525238037,3.6180546283721924
FL1748,0,1505.000316143036,2.983703136444092
FL1749,1,1507.2023525238037,3.416778326034546
FL1750,0,1509.000316143036,2.7054665088653564
FL1751,1,1511.2023525238037,4.319032669067383
FL1752,0,1513.000316143036,3.4116873741149902
FL1753,1,1515.2023525238037,3.8534960746765137
FL1754,0,1517.000316143036,2.8466923236846924
FL1755,1,1519.2023525238037,3.6996562480926514
FL1756,0,1521.000316143036,3.1474015712738037
FL1757,1,1523.2023525238037,2.9362940788269043
FL1758,0,1525.000316143036,1.775575876235962
FL1759,1,1527.2023525238037,2.503499746322632
FL1760,0,1529.000316143036,2.027174472808838
FL1761,1,1531.2023525238037,2.644505500793457
FL1762,0,1533.000316143036,1.997063159942627
FL1763,1,1535.2023525238037,2.771890163421631
FL1764,0,1537.000316143036,1.7637890577316284
FL1765,1,1539.2023525238037,2.8285958766937256
FL1766,0,1541.000316143036,2.502833843231201
FL1767,1,1543.2023525238037,1.697041630744934
FL1768,0,1545.000316143036,2.7827088832855225
FL1769,1,1547.2023525238037,1.4439970254898071
FL1770,0,1549.000316143036,4.950302600860596
FL1771,1,1551.2023525238037,3.2243754863739014
FL1772,0,1553.000316143036,2.287477970123291
FL1773,1,1555.2023525238037,1.7396711111068726
FL1774,0,1557.000316143036,2.179515838623047
FL1775,1,1559.2023525238037,2.836087226867676
FL1776,0,1561.000316143036,4.1333327293396
FL1777,1,1563.2023525238037,3.9074907302856445
FL1778,0,1565.000316143036,4.114260196685791
FL1779,1,1567.2023525238037,2.956876039505005
FL1780,0,1569.000316143036,2.7885165214538574
FL1781,1,1571.2023525238037,2.1837141513824463
FL1782,0,1573.000316143036,3.3246569633483887
FL1783,1,1575.2023525238037,2.4182956218719482
FL1784,0,1577.000316143036,3.2863259315490723
FL1785,1,1579.2023525238037,2.933598756790161
FL1786,0,1581.000316143036,2.088823080062866
FL1787,1,1583.2023525238037,3.665691614151001
FL1788,0,1585.000316143036,2.0375473499298096
FL1789,1,1587.2023525238037,3.2329165935516357
FL1790,0,1589.000316143036,1.8890739679336548
FL1791,1,1591.2023525238037,2.8548519611358643
FL1792,0,1593.000316143036,3.2242116928100586
FL1793,1,1595.2023525238037,2.7348556518554688
FL1794,0,1597.000316143036,3.384493112564087
FL1795,1,1599.2023525238037,3.396526575088501
FL1796,0,1601.000316143036,4.467037677764893
FL1797,1,1603.2023525238037,2.6116528511047363
FL1798,0,1605.000316143036,2.2436935901641846
FL1799,1,1607.2023525238037,2.1489083766937256
FL1800,0,1609.000316143036,1.4162195920944214
FL1801,1,1611.2023525238037,2.8649649620056152
FL1802,0,1613.000316143036,2.3020436763763428
FL1803,1,1615.2023525238037,2.2766687870025635
FL1804,0,1617.000316143036,3.149271249771118
FL1805,1,1619.2023525238037,4.683258533477783
FL1806,0,1621.000316143036,3.733074426651001
FL1807,1,1623.2023525238037,3.75036883354187
FL1808,0,1625.000316143036,4.558779716491699
FL1809,1,1627.2023525238037,4.230873107910156
FL1810,0,1629.000316143036,2.298323392868042
FL1811,1,1631.2023525238037,3.487856388092041
FL1812,0,1633.000316143036,2.2489078044891357
FL1813,1,1635.2023525238037,2.3100030422210693
FL1814,0,1637.000316143036,2.044572353363037
FL1815,1,1639.2023525238037,2.238103151321411
FL1817,0,1641.000316143036,1.614172339439392
FL1816,1,1643.2023525238037,4.102335453033447
FL1818,0,1645.000316143036,2.820910692214966
FL1819,1,1647.2023525238037,2.9711976051330566
FL1820,0,1649.000316143036,1.66878342628479
FL1821,1,1651.2023525238037,3.2910196781158447
FL1822,0,1653.000316143036,3.7774620056152344
FL1823,1,1655.2023525238037,3.193223714828491
FL1824,0,1657.000316143036,1.6100950241088867
FL1825,1,1659.2023525238037,1.468613862991333
FL1826,0,1661.000316143036,2.3853471279144287
FL1827,1,1663.2023525238037,2.8038644790649414
FL1828,0,1665.000316143036,3.769667625427246
FL1829,1,1667.2023525238037,2.6095283031463623
FL1830,0,1669.000316143036,2.462874412536621
FL1831,1,1671.2023525238037,3.6661629676818848
FL1832,0,1673.000316143036,3.1010870933532715
FL1833,1,1675.2023525238037,1.8537441492080688
FL1834,0,1677.000316143036,2.8983335494995117
FL1835,1,1679.2023525238037,1.7603713274002075
FL1836,0,1681.000316143036,3.031393527984619
FL1837,1,1683.2023525238037,2.2194228172302246
FL1838,0,1685.000316143036,3.531824827194214
FL1839,1,1687.2023525238037,2.533916473388672
FL1841,0,1689.000316143036,1.9454691410064697
FL1842,1,1691.2023525238037,0.0
FL1840,0,1693.000316143036,4.44197940826416
FL1844,1,1695.2023525238037,2.112506151199341
FL1843,0,1697.000316143036,4.176608085632324
FL1845,1,1699.2023525238037,3.8681633472442627
FL1846,0,1701.000316143036,2.5883677005767822
FL1849,1,1703.2023525238037,0.012553880922496319
FL1847,0,1705.000316143036,4.208487033843994
FL1848,1,1707.2023525238037,3.752028703689575
FL1850,0,1709.000316143036,2.6832973957061768
FL1851,1,1711.2023525238037,1.3758825063705444
FL1852,0,1713.000316143036,3.0949103832244873
FL1853,1,1715.2023525238037,2.996015787124634
FL1854,0,1717.000316143036,3.847947120666504
FL1855,1,1719.2023525238037,4.56019401550293
FL1856,0,1721.000316143036,2.971519708633423
FL1857,1,1723.2023525238037,3.3911221027374268
FL1858,0,1725.000316143036,2.527160167694092
FL1859,1,1727.2023525238037,3.2472240924835205
FL1860,0,1729.000316143036,3.5965049266815186
FL1861,1,1731.2023525238037,3.270681619644165
FL1862,0,1733.000316143036,2.5297937393188477
FL1863,1,1735.2023525238037,4.430907249450684
FL1864,0,1737.000316143036,3.79730224609375
FL1866,1,1739.2023525238037,1.5896596908569336
FL1865,0,1741.000316143036,3.9314026832580566
FL1867,1,1743.2023525238037,1.957528829574585
FL1868,0,1745.000316143036,4.077515125274658
FL1869,1,1747.2023525238037,2.772139072418213
FL1870,0,1749.000316143036,2.6309452056884766
FL1871,1,1751.2023525238037,3.8045287132263184
FL1872,0,1753.000316143036,2.2935268878936768
FL1873,1,1755.2023525238037,3.413226842880249
FL1874,0,1757.000316143036,2.4779510498046875
FL1875,1,1759.2023525238037,2.0963170528411865
FL1876,0,1761.000316143036,2.757776975631714
FL1878,1,1763.2023525238037,1.4466042518615723
FL1877,0,1765.000316143036,4.357633113861084
FL1879,1,1767.2023525238037,2.5765252113342285
FL1880,0,1769.0281710624695,5.028171062469482
FL1881,1,1771.2023525238037,4.043600082397461
FL1882,0,1773.0281710624695,2.6627373695373535
FL1883,1,1775.2023525238037,4.178155422210693
FL1884,0,1777.0281710624695,2.186614751815796
FL1885,1,1779.2023525238037,2.0828280448913574
FL1886,0,1781.0281710624695,3.82027268409729
FL1887,1,1783.2023525238037,3.7616615295410156
FL1888,0,1785.0281710624695,4.137362957000732
FL1889,1,1787.2023525238037,3.2032666206359863
FL1890,0,1789.0281710624695,3.0493686199188232
FL1891,1,1791.2023525238037,3.176807403564453
FL1892,0,1793.0281710624695,2.847837209701538
FL1893,1,1795.2023525238037,2.551255941390991
FL1894,0,1797.0281710624695,3.2213239669799805
FL1895,1,1799.2023525238037,2.9385313987731934
FL1896,0,1801.0281710624695,3.1526308059692383
FL1897,1,1803.2023525238037,2.3761329650878906
FL1899,0,1805.0281710624695,2.5002477169036865
FL1898,1,1807.2023525238037,4.668793201446533
FL1900,0,1809.0281710624695,1.949376106262207
FL1901,1,1811.2023525238037,3.8390305042266846
FL1902,0,1813.0281710624695,2.669273614883423
FL1903,1,1815.2023525238037,2.2575490474700928
FL1904,0,1817.0281710624695,4.463204383850098
FL1905,1,1819.2023525238037,2.801015853881836
FL1906,0,1821.0281710624695,2.4893791675567627
FL1907,1,1823.2023525238037,2.686967611312866
FL1908,0,1825.0281710624695,3.0220255851745605
FL1909,1,1827.2023525238037,1.5150409936904907
FL1911,0,1829.0281710624695,2.857422351837158
FL1910,1,1831.2023525238037,4.925963401794434
FL1912,0,1833.0281710624695,3.008692741394043
FL1913,1,1835.2023525238037,3.281165838241577
FL1914,0,1837.0281710624695,2.8641839027404785
FL1915,1,1839.2023525238037,2.5289440155029297
FL1916,0,1841.0281710624695,2.0241334438323975
FL1917,1,1843.2023525238037,3.0429136753082275
FL1918,0,1845.0281710624695,4.210203170776367
FL1919,1,1847.2023525238037,2.6273434162139893
FL1920,0,1849.0281710624695,4.162677764892578
FL1921,1,1851.2023525238037,3.875566244125366
FL1922,0,1853.0281710624695,4.148684978485107
FL1923,1,1855.2023525238037,3.7486770153045654
FL1924,0,1857.0281710624695,1.953299880027771
FL1925,1,1859.2023525238037,3.4717822074890137
FL1926,0,1861.0281710624695,2.6294267177581787
FL1927,1,1863.2023525238037,3.5859293937683105
FL1928,0,1865.0281710624695,2.7333524227142334
FL1929,1,1867.2023525238037,1.8768653869628906
FL1930,0,1869.0281710624695,3.6431221961975098
FL1931,1,1871.2023525238037,2.271564483642578
FL1932,0,1873.0281710624695,3.6283960342407227
FL1933,1,1875.2023525238037,2.1979923248291016
FL1934,0,1877.0281710624695,3.4410605430603027
FL1935,1,1879.2023525238037,2.270000457763672
FL1937,0,1881.0281710624695,0.9754589200019836
FL1936,1,1883.2023525238037,3.7527430057525635
FL1938,0,1885.0281710624695,3.3826990127563477
FL1939,1,1887.2023525238037,3.501131057739258
FL1940,0,1889.0281710624695,3.3007235527038574
FL1941,1,1891.2023525238037,3.254807233810425
FL1942,0,1893.0281710624695,3.034635066986084
FL1943,1,1895.2023525238037,4.402698993682861
FL1944,0,1897.0281710624695,2.757321834564209
FL1945,1,1899.2023525238037,2.0439095497131348
FL1946,0,1901.0281710624695,2.4348127841949463
FL1947,1,1903.2023525238037,4.425786972045898
FL1948,0,1905.0281710624695,3.86518931388855
FL1949,1,1907.2023525238037,3.205838680267334
FL1950,0,1909.0281710624695,2.6073553562164307
FL1951,1,1911.2023525238037,2.8683671951293945
FL1952,0,1913.0281710624695,3.2523694038391113
FL1953,1,1915.2023525238037,3.074721097946167
FL1954,0,1917.0281710624695,3.46197509765625
FL1955,1,1919.2023525238037,2.1234192848205566
FL1956,0,1921.0281710624695,4.075069427490234
FL1957,1,1923.2023525238037,2.442903995513916
FL1958,0,1925.0281710624695,2.453443765640259
FL1959,1,1927.2023525238037,2.8274753093719482
FL1960,0,1929.0281710624695,2.7815191745758057
FL1961,1,1931.2023525238037,2.2977688312530518
FL1962,0,1933.0281710624695,3.276441812515259
FL1963,1,1935.2023525238037,2.6656811237335205
FL1964,0,1937.0281710624695,2.5115275382995605
FL1965,1,1939.2023525238037,3.5843021869659424
FL1966,0,1941.0281710624695,2.8512156009674072
FL1967,1,1943.2023525238037,2.0464258193969727
FL1968,0,1945.0281710624695,3.818760871887207
FL1969,1,1947.2023525238037,2.2586467266082764
FL1970,0,1949.0281710624695,1.3872736692428589
FL1971,1,1951.2023525238037,2.6020407676696777
FL1972,0,1953.0281710624695,1.7158857583999634
FL1973,1,1955.2023525238037,4.145729064941406
FL1974,0,1957.0281710624695,2.5317211151123047
FL1975,1,1959.2023525238037,2.624404191970825
FL1976,0,1961.0281710624695,3.6025285720825195
FL1977,1,1963.2023525238037,2.5024659633636475
FL1978,0,1965.0281710624695,2.3291890621185303
FL1979,1,1967.2023525238037,2.974855661392212
FL1981,0,1969.0281710624695,1.8813543319702148
FL1980,1,1971.2023525238037,4.436368465423584
FL1982,0,1973.0281710624695,2.593287467956543
FL1983,1,1975.2023525238037,2.9120774269104004
FL1984,0,1977.0281710624695,2.740352153778076
FL1985,1,1979.2023525238037,1.1924457550048828
FL1986,0,1981.0281710624695,2.940145969390869
FL1987,1,1983.2023525238037,3.7137677669525146
FL1989,0,1985.0281710624695,1.8364250659942627
FL1988,1,1987.2023525238037,3.8550963401794434
FL1990,0,1989.0281710624695,3.6061136722564697
FL1991,1,1991.2023525238037,2.9338769912719727
FL1992,0,1993.0281710624695,3.554879903793335
FL1993,1,1995.2023525238037,2.1971333026885986
FL1994,0,1997.0281710624695,1.6661664247512817
FL1995,1,1999.2023525238037,4.009505271911621
FL1996,0,2001.0281710624695,2.017334461212158
FL1997,1,2003.2023525238037,3.2175512313842773
FL1998,0,2005.0281710624695,2.8992817401885986
FL1999,1,2007.2023525238037,2.3469009399414062
FL2000,0,2009.0281710624695,2.637660264968872
FL2001,1,2011.2023525238037,2.648404598236084
FL2002,0,2013.0281710624695,1.9127575159072876
FL2003,1,2015.2023525238037,2.7011661529541016
FL2004,0,2017.0281710624695,1.8713990449905396
FL2005,1,2019.2023525238037,1.9724794626235962
FL2006,0,2021.0281710624695,1.2675669193267822
FL2007,1,2023.2023525238037,2.6875693798065186
FL2008,0,2025.0281710624695,2.532449722290039
FL2009,1,2027.2023525238037,2.4063479900360107
FL2011,0,2029.0281710624695,2.4558322429656982
FL2010,1,2031.2023525238037,4.7072367668151855
FL2012,0,2033.0281710624695,3.0419845581054688
FL2013,1,2035.2023525238037,4.3109307289123535
FL2014,0,2037.0281710624695,2.757776975631714
FL2015,1,2039.2023525238037,1.8125360012054443
FL2016,0,2041.0281710624695,1.8190078735351562
FL2017,1,2043.2023525238037,3.442096471786499
FL2018,0,2045.0281710624695,4.511967658996582
FL2019,1,2047.2023525238037,2.694660186767578
FL2020,0,2049.0281710624695,3.449946403503418
FL2021,1,2051.2023525238037,1.9652488231658936
FL2022,0,2053.0281710624695,3.7521300315856934
FL2023,1,2055.2023525238037,3.514145612716675
FL2024,0,2057.0281710624695,2.1532700061798096
FL2025,1,2059.2023525238037,3.432525634765625
FL2026,0,2061.0281710624695,3.809617042541504
FL2027,1,2063.2023525238037,3.5218424797058105
FL2028,0,2065.0281710624695,2.4386751651763916
FL2029,1,2067.2023525238037,3.5054948329925537
FL2030,0,2069.0281710624695,3.607706308364868
FL2031,1,2071.2023525238037,2.369159698486328
FL2033,0,2073.0281710624695,1.7045379877090454
FL2032,1,2075.2023525238037,3.9005227088928223
FL2034,0,2077.0281710624695,3.7846579551696777
FL2035,1,2079.2023525238037,3.3586881160736084
FL2036,0,2081.0281710624695,3.935703992843628
FL2037,1,2083.2023525238037,2.7427544593811035
FL2038,0,2085.0281710624695,2.2258384227752686
FL2039,1,2087.2023525238037,3.0503036975860596
FL2040,0,2089.0281710624695,4.471834659576416
FL2041,1,2091.2023525238037,4.375896453857422
FL2042,0,2093.0281710624695,2.7209761142730713
FL2043,1,2095.2023525238037,3.3717639446258545
FL2044,0,2097.0281710624695,2.2451162338256836
FL2045,1,2099.2023525238037,2.9747259616851807
FL2046,0,2101.0281710624695,3.7001466751098633
FL2047,1,2103.2023525238037,2.907465934753418
FL2048,0,2105.0281710624695,2.4952611923217773
FL2049,1,2107.2023525238037,2.7097280025482178
FL2050,0,2109.0281710624695,3.7473158836364746
FL2051,1,2111.2023525238037,4.341121196746826
FL2053,0,2113.0281710624695,1.4808484315872192
FL2052,1,2115.2023525238037,4.433915615081787
FL2054,0,2117.0281710624695,2.7393226623535156
FL2055,1,2119.2023525238037,3.455747127532959
FL2056,0,2121.0281710624695,2.6002824306488037
FL2057,1,2123.2023525238037,3.228245735168457
FL2058,0,2125.0281710624695,3.047691583633423
FL2059,1,2127.2023525238037,2.8777830600738525
FL2060,0,2129.0281710624695,3.0892677307128906
FL2061,1,2131.2023525238037,2.8997576236724854
FL2062,0,2133.0281710624695,2.251493453979492
FL2063,1,2135.2023525238037,3.751203775405884
FL2065,0,2137.0281710624695,1.724908709526062
FL2064,1,2139.2023525238037,3.838022470474243
FL2066,0,2141.0281710624695,2.793639659881592
FL2068,1,2143.2023525238037,1.545544147491455
FL2067,0,2145.0281710624695,3.702770233154297
FL2069,1,2147.2023525238037,1.9313359260559082
FL2070,0,2149.0281710624695,3.7851552963256836
FL2071,1,2151.2023525238037,3.0308165550231934
FL2072,0,2153.0281710624695,2.7063047885894775
FL2073,1,2155.2023525238037,2.2475368976593018
FL2074,0,2157.0281710624695,2.3560731410980225
FL2075,1,2159.2023525238037,4.268428325653076
FL2076,0,2161.0281710624695,4.130620956420898
FL2077,1,2163.2023525238037,4.2607340812683105
FL2078,0,2165.0281710624695,2.9324803352355957
FL2079,1,2167.2023525238037,2.047851324081421
FL2080,0,2169.0281710624695,1.8369725942611694
FL2081,1,2171.2023525238037,3.713453769683838
FL2082,0,2173.0281710624695,3.045370578765869
FL2083,1,2175.2023525238037,2.993424892425537
FL2084,0,2177.0281710624695,2.867546319961548
FL2085,1,2179.2023525238037,2.111523389816284
FL2086,0,2181.0281710624695,2.090151071548462
FL2087,1,2183.2023525238037,2.4021129608154297
FL2088,0,2185.0281710624695,3.214745283126831
FL2089,1,2187.2023525238037,2.0323052406311035
FL2090,0,2189.0281710624695,1.1345126628875732
FL2091,1,2191.2023525238037,3.8980014324188232
FL2092,0,2193.0281710624695,3.343653678894043
FL2093,1,2195.2023525238037,2.4134061336517334
FL2094,0,2197.0281710624695,1.1268558502197266
FL2095,1,2199.2023525238037,1.6015955209732056
FL2096,0,2201.0281710624695,3.482633590698242
FL2097,1,2203.2023525238037,2.7348556518554688
FL2098,0,2205.0281710624695,1.5981347560882568
FL2099,1,2207.2023525238037,3.6431221961975098
FL2100,0,2209.0281710624695,2.4688920974731445
FL2101,1,2211.2023525238037,4.094150066375732
FL2102,0,2213.0281710624695,2.6695895195007324
FL2103,1,2215.2023525238037,2.840116500854492
FL2104,0,2217.0281710624695,3.2241098880767822
FL2105,1,2219.2023525238037,1.9050992727279663
FL2106,0,2221.0281710624695,3.006237030029297
FL2107,1,2223.2023525238037,3.366689443588257
FL2108,0,2225.0281710624695,2.571737289428711
FL2110,1,2227.2023525238037,2.213207721710205
FL2109,0,2229.0281710624695,4.43965482711792
FL2111,1,2231.2023525238037,2.8641839027404785
FL2112,0,2233.0281710624695,4.231437683105469
FL2113,1,2235.2023525238037,2.6016252040863037
FL2114,0,2237.0281710624695,3.1373913288116455
FL2116,1,2239.2023525238037,2.1340153217315674
FL2115,0,2241.0281710624695,4.379687309265137
FL2117,1,2243.2023525238037,2.85703182220459
FL2118,0,2245.0281710624695,3.0445141792297363
FL2119,1,2247.2023525238037,2.793639659881592
FL2120,0,2249.0281710624695,2.3465521335601807
FL2121,1,2251.2023525238037,1.9964056015014648
FL2122,0,2253.0281710624695,3.3195157051086426
FL2123,1,2255.2023525238037,3.3105239868164062
FL2124,0,2257.0281710624695,3.983693838119507
FL2125,1,2259.2023525238037,2.4760618209838867
FL2126,0,2261.0281710624695,2.627415895462036
FL2127,1,2263.2023525238037,2.3174805641174316
FL2128,0,2265.0281710624695,2.0672190189361572
FL2129,1,2267.2023525238037,2.970064640045166
FL2130,0,2269.0281710624695,2.5490777492523193
FL2131,1,2271.2023525238037,3.0123584270477295
FL2132,0,2273.0281710624695,2.8696091175079346
FL2133,1,2275.2023525238037,2.759610652923584
FL2134,0,2277.0281710624695,2.3662943840026855
FL2135,1,2279.2023525238037,2.4773950576782227
FL2136,0,2281.0281710624695,1.8210523128509521
FL2137,1,2283.2023525238037,3.3506228923797607
FL2138,0,2285.0281710624695,3.773852586746216
FL2139,1,2287.2023525238037,4.04013729095459
FL2140,0,2289.0281710624695,3.578514814376831
FL2141,1,2291.2023525238037,2.621872901916504
FL2142,0,2293.0281710624695,3.9384210109710693
FL2143,1,2295.2023525238037,2.6921372413635254
FL2144,0,2297.0281710624695,2.243971824645996
FL2145,1,2299.2023525238037,3.172489881515503
FL2146,0,2301.0281710624695,3.212125539779663
FL2147,1,2303.2023525238037,3.057652235031128
FL2148,0,2305.0281710624695,3.8773069381713867
FL2149,1,2307.2023525238037,3.461361885070801
FL2150,0,2309.0281710624695,2.0180017948150635
FL2151,1,2311.2023525238037,1.9652589559555054
FL2152,0,2313.0281710624695,3.08777117729187
FL2153,1,2315.2023525238037,2.2797365188598633
FL2154,0,2317.0281710624695,3.101102352142334
FL2155,1,2319.2023525238037,1.803351879119873
FL2156,0,2321.0281710624695,2.577408790588379
FL2157,1,2323.2023525238037,3.0538294315338135
FL2158,0,2325.0281710624695,2.855787515640259
FL2159,1,2327.2023525238037,3.2523131370544434
FL2160,0,2329.0281710624695,3.49112868309021
FL2161,1,2331.2023525238037,2.100637435913086
FL2162,0,2333.0281710624695,2.3273978233337402
FL2163,1,2335.2023525238037,3.0415968894958496
FL2164,0,2337.0281710624695,3.8288846015930176
FL2165,1,2339.2023525238037,3.278130292892456
FL2166,0,2341.0281710624695,2.0933620929718018
FL2167,1,2343.2023525238037,3.5831995010375977
FL2168,0,2345.0281710624695,3.929002285003662
FL2169,1,2347.2023525238037,2.7789852619171143
FL2170,0,2349.0281710624695,3.806234121322632
FL2171,1,2351.2023525238037,1.9778112173080444
FL2172,0,2353.0281710624695,3.1855947971343994
FL2173,1,2355.2023525238037,3.0173184871673584
FL2174,0,2357.0281710624695,1.9947082996368408
FL2175,1,2359.2023525238037,2.8265833854675293
FL2176,0,2361.0281710624695,3.149271249771118
FL2177,1,2363.2023525238037,3.122758626937866
FL2178,0,2365.0281710624695,2.6184768676757812
FL2179,1,2367.2023525238037,3.5101430416107178
FL2180,0,2369.0281710624695,2.788635730743408
FL2181,1,2371.2023525238037,2.9689149856567383
FL2182,0,2373.0281710624695,1.4581515789031982
FL2183,1,2375.2023525238037,1.5078749656677246
FL2184,0,2377.0281710624695,4.170109748840332
FL2185,1,2379.2023525238037,3.741917133331299
FL2186,0,2381.0281710624695,3.621546983718872
FL2187,1,2383.2023525238037,3.272850275039673
FL2188,0,2385.0281710624695,2.4403507709503174
FL2189,1,2387.2023525238037,2.7158942222595215
FL2190,0,2389.0281710624695,2.0743303298950195
FL2191,1,2391.2023525238037,2.1338353157043457
FL2192,0,2393.0281710624695,1.8501062393188477
FL2193,1,2395.2023525238037,3.0531704425811768
FL2194,0,2397.0281710624695,2.9617433547973633
FL2195,1,2399.2023525238037,2.663245916366577
FL2196,0,2401.0281710624695,2.9481215476989746
FL2197,1,2403.2023525238037,2.7644824981689453
FL2198,0,2405.0281710624695,3.0538294315338135
FL2199,1,2407.2023525238037,2.924649238586426
