flight_id,callsign,aircraft_type,wake_category,weather_condition,traffic_density,runway,eta,scheduled_landing,ROT,delay_minutes
42,FL42,A320,Medium,storm,5,R1,40.2,40.2,2,0.0
345,FL345,B787,Heavy,rain,3,R2,40.22,40.22,3,0.0
119,FL119,A350,Heavy,storm,5,R1,40.23,46.2,3,5.970000000000006
450,FL450,A321,Medium,clear,1,R2,40.27,45.22,2,4.949999999999996
688,FL688,A319,Medium,rain,5,R2,40.42,50.22,2,9.799999999999997
115,FL115,B737,Medium,rain,3,R1,40.45,52.2,2,11.75
199,FL199,A320,Medium,rain,5,R2,40.47,55.22,2,14.75
24,FL24,A321,Medium,storm,3,R1,40.48,58.2,2,17.720000000000006
915,FL915,A321,Medium,clear,5,R2,40.51,59.22,2,18.71
432,FL432,A321,Medium,fog,2,R1,40.63,63.2,2,22.57
788,FL788,A319,Medium,clear,4,R2,40.76,63.22,2,22.46
236,FL236,B787,Heavy,rain,2,R1,40.78,68.2,3,27.42
429,FL429,A319,Medium,fog,4,R2,40.84,68.22,2,27.379999999999995
272,FL272,A320,Medium,rain,5,R2,40.86,73.22,2,32.36
595,FL595,B737,Medium,clear,1,R1,40.87,73.2,2,32.330000000000005
90,FL90,B777,Heavy,rain,1,R1,40.91,78.2,3,37.290000000000006
958,FL958,A350,Heavy,fog,4,R2,40.93,78.22,3,37.29
715,FL715,A350,Heavy,rain,6,R1,40.96,84.2,3,43.24
74,FL74,B777,Heavy,storm,5,R2,41.09,85.22,3,44.129999999999995
916,FL916,B777,Heavy,fog,1,R1,41.24,90.2,3,48.96
340,FL340,B777,Heavy,storm,3,R2,41.32,92.22,3,50.9
463,FL463,A330,Heavy,fog,1,R1,41.45,96.2,3,54.75
763,FL763,A321,Medium,fog,4,R2,41.46,98.22,2,56.76
284,FL284,B787,Heavy,fog,2,R1,41.52,102.2,3,60.68
67,FL67,A321,Medium,fog,3,R2,41.58,103.22,2,61.64
433,FL433,A321,Medium,rain,1,R1,41.7,108.2,2,66.5
196,FL196,B737,Medium,storm,5,R2,41.82,109.22,2,67.4
319,FL319,B737,Medium,fog,3,R1,41.85,113.2,2,71.35
531,FL531,B777,Heavy,storm,5,R2,42.11,115.22,3,73.11
749,FL749,A330,Heavy,rain,5,R1,42.12,118.2,3,76.08000000000001
806,FL806,A321,Medium,rain,6,R2,42.2,121.22,2,79.02
782,FL782,B787,Heavy,rain,4,R1,42.24,124.2,3,81.96000000000001
10,FL10,A319,Medium,storm,6,R2,42.34,127.22,2,84.88
860,FL860,A319,Medium,rain,2,R1,42.49,130.2,2,87.70999999999998
231,FL231,A330,Heavy,fog,5,R2,42.63,132.22,3,89.59
939,FL939,A319,Medium,clear,6,R1,42.66,134.2,2,91.53999999999999
329,FL329,B737,Medium,fog,4,R2,42.98,138.22,2,95.24000000000001
540,FL540,A319,Medium,storm,5,R1,42.99,140.2,2,97.20999999999998
291,FL291,A320,Medium,clear,5,R2,42.99,142.22,2,99.22999999999999
405,FL405,A330,Heavy,storm,1,R1,43.06,146.2,3,103.13999999999999
287,FL287,A320,Medium,fog,1,R2,43.12,147.22,2,104.1
772,FL772,B777,Heavy,clear,5,R1,43.14,151.2,3,108.05999999999999
290,FL290,B777,Heavy,storm,5,R2,43.18,153.22,3,110.03999999999999
99,FL99,A350,Heavy,rain,2,R1,43.22,157.2,3,113.97999999999999
507,FL507,A320,Medium,fog,4,R2,43.35,159.22,2,115.87
97,FL97,B777,Heavy,rain,6,R1,43.61,163.2,3,119.58999999999999
793,FL793,B777,Heavy,rain,3,R2,43.62,164.22,3,120.6
520,FL520,A330,Heavy,clear,4,R1,43.63,168.2,3,124.57
183,FL183,B777,Heavy,storm,2,R2,43.8,171.22,3,127.42
479,FL479,A330,Heavy,storm,1,R1,43.89,175.2,3,131.31
494,FL494,A320,Medium,clear,2,R2,43.99,176.22,2,132.23
48,FL48,A319,Medium,clear,5,R1,44.05,180.2,2,136.14999999999998
170,FL170,A350,Heavy,fog,4,R2,44.1,181.22,3,137.12
799,FL799,B787,Heavy,fog,5,R1,44.18,185.2,3,141.01999999999998
225,FL225,B777,Heavy,rain,3,R2,44.47,187.22,3,142.75
833,FL833,A330,Heavy,storm,5,R1,44.58,192.2,3,147.62
253,FL253,A321,Medium,storm,5,R2,44.64,194.22,2,149.57999999999998
683,FL683,A319,Medium,storm,6,R1,44.99,199.2,2,154.20999999999998
212,FL212,A319,Medium,rain,5,R2,45.03,199.22,2,154.19
201,FL201,B777,Heavy,clear,2,R1,45.09,203.2,3,158.10999999999999
440,FL440,A321,Medium,clear,6,R2,45.11,203.22,2,158.11
771,FL771,A320,Medium,storm,1,R2,45.19,209.22,2,164.03
332,FL332,A321,Medium,storm,4,R1,45.28,210.2,2,164.92
94,FL94,A320,Medium,rain,5,R2,45.29,214.22,2,168.93
643,FL643,A350,Heavy,rain,2,R1,45.29,215.2,3,169.91
554,FL554,B737,Medium,rain,5,R2,45.4,219.22,2,173.82
495,FL495,A319,Medium,clear,5,R1,45.43,220.2,2,174.76999999999998
14,FL14,A319,Medium,rain,6,R2,45.51,224.22,2,178.71
333,FL333,B737,Medium,storm,1,R1,45.55,226.2,2,180.64999999999998
105,FL105,A319,Medium,clear,2,R2,45.66,228.22,2,182.56
923,FL923,B787,Heavy,storm,5,R1,45.66,232.2,3,186.54
900,FL900,B737,Medium,fog,5,R2,45.74,233.22,2,187.48
754,FL754,A330,Heavy,rain,6,R1,45.85,238.2,3,192.35
975,FL975,A321,Medium,clear,3,R2,45.85,237.22,2,191.37
70,FL70,B737,Medium,storm,2,R2,45.88,243.22,2,197.34
469,FL469,B777,Heavy,storm,6,R1,45.99,245.2,3,199.20999999999998
39,FL39,A320,Medium,rain,3,R2,46.0,248.22,2,202.22
702,FL702,A319,Medium,storm,3,R1,46.01,252.2,2,206.19
776,FL776,B777,Heavy,fog,2,R2,46.03,253.22,3,207.19
679,FL679,B737,Medium,storm,1,R1,46.07,258.2,2,212.13
867,FL867,B777,Heavy,storm,3,R2,46.09,260.22,3,214.13000000000002
658,FL658,A350,Heavy,storm,5,R1,46.12,264.2,3,218.07999999999998
805,FL805,B737,Medium,clear,6,R2,46.28,265.22,2,218.94000000000003
587,FL587,A321,Medium,storm,2,R1,46.29,271.2,2,224.91
955,FL955,B777,Heavy,fog,1,R2,46.31,270.22,3,223.91000000000003
3,FL3,B737,Medium,storm,1,R1,46.46,277.2,2,230.73999999999998
182,FL182,B787,Heavy,clear,5,R2,46.5,275.22,3,228.72000000000003
883,FL883,B777,Heavy,storm,3,R2,46.64,282.22,3,235.58000000000004
84,FL84,A330,Heavy,storm,3,R1,46.78,283.2,3,236.42
510,FL510,A321,Medium,fog,1,R2,46.79,288.22,2,241.43000000000004
925,FL925,A320,Medium,fog,3,R1,46.79,289.2,2,242.41
711,FL711,B777,Heavy,rain,2,R2,47.04,293.22,3,246.18000000000004
150,FL150,B777,Heavy,storm,5,R1,47.27,295.2,3,247.92999999999998
645,FL645,A330,Heavy,fog,5,R2,47.34,299.22,3,251.88000000000002
817,FL817,A330,Heavy,rain,6,R1,47.49,301.2,3,253.70999999999998
626,FL626,A350,Heavy,fog,1,R2,47.56,305.22,3,257.66
858,FL858,B737,Medium,rain,3,R1,47.56,307.2,2,259.64
227,FL227,B737,Medium,clear,6,R2,48.29,310.22,2,261.93
241,FL241,B737,Medium,fog,2,R1,48.32,312.2,2,263.88
224,FL224,B737,Medium,fog,5,R2,48.54,315.22,2,266.68
298,FL298,B737,Medium,clear,5,R1,48.54,316.2,2,267.65999999999997
301,FL301,B777,Heavy,storm,4,R2,48.55,321.22,3,272.67
50,FL50,B777,Heavy,fog,1,R1,48.56,321.2,3,272.64
594,FL594,A321,Medium,storm,1,R1,49.13,328.2,2,279.07
631,FL631,B737,Medium,clear,4,R2,49.52,326.22,2,276.70000000000005
913,FL913,A321,Medium,fog,3,R2,49.68,331.22,2,281.54
326,FL326,A350,Heavy,fog,2,R1,49.75,333.2,3,283.45
8,FL8,A320,Medium,clear,3,R2,49.78,335.22,2,285.44000000000005
875,FL875,A320,Medium,clear,4,R1,49.92,338.2,2,288.28
213,FL213,A321,Medium,clear,6,R2,50.05,339.22,2,289.17
75,FL75,A321,Medium,clear,5,R1,50.78,342.2,2,291.41999999999996
30,FL30,B737,Medium,clear,2,R2,50.82,343.22,2,292.40000000000003
249,FL249,A320,Medium,clear,3,R1,50.87,346.2,2,295.33
774,FL774,A320,Medium,fog,1,R2,51.05,348.22,2,297.17
600,FL600,A320,Medium,clear,6,R1,51.14,350.2,2,299.06
611,FL611,A350,Heavy,fog,1,R2,51.36,353.22,3,301.86
633,FL633,B787,Heavy,storm,5,R1,51.36,356.2,3,304.84
439,FL439,B787,Heavy,fog,6,R2,51.39,359.22,3,307.83000000000004
143,FL143,A321,Medium,clear,2,R1,51.4,361.2,2,309.8
929,FL929,A350,Heavy,rain,6,R2,51.68,365.22,3,313.54
370,FL370,A321,Medium,clear,3,R1,51.8,365.2,2,313.4
851,FL851,A330,Heavy,fog,2,R1,51.96,370.2,3,318.24
729,FL729,A350,Heavy,rain,2,R2,51.99,371.22,3,319.23
968,FL968,A330,Heavy,clear,1,R1,52.11,375.2,3,323.09
605,FL605,B777,Heavy,clear,5,R2,52.14,376.22,3,324.08000000000004
197,FL197,B787,Heavy,clear,3,R1,52.21,380.2,3,327.99
431,FL431,A319,Medium,fog,6,R2,52.23,382.22,2,329.99
756,FL756,B777,Heavy,fog,1,R1,52.38,386.2,3,333.82
310,FL310,B777,Heavy,rain,2,R2,52.4,387.22,3,334.82000000000005
426,FL426,B737,Medium,storm,6,R1,52.43,393.2,2,340.77
700,FL700,B777,Heavy,fog,3,R2,52.63,393.22,3,340.59000000000003
328,FL328,A330,Heavy,clear,2,R1,52.64,397.2,3,344.56
878,FL878,A350,Heavy,storm,2,R2,52.66,400.22,3,347.56000000000006
327,FL327,B787,Heavy,rain,1,R1,52.82,403.2,3,350.38
61,FL61,A320,Medium,clear,5,R2,52.96,405.22,2,352.26000000000005
548,FL548,A320,Medium,storm,4,R1,52.96,410.2,2,357.24
861,FL861,A320,Medium,storm,2,R2,52.96,411.22,2,358.26000000000005
928,FL928,A319,Medium,storm,1,R1,53.37,416.2,2,362.83
448,FL448,A321,Medium,clear,5,R2,53.5,415.22,2,361.72
720,FL720,A350,Heavy,fog,3,R2,53.55,420.22,3,366.67
413,FL413,B737,Medium,storm,6,R1,53.59,422.2,2,368.61
863,FL863,A319,Medium,clear,4,R2,53.69,425.22,2,371.53000000000003
44,FL44,A319,Medium,rain,5,R1,53.8,427.2,2,373.4
17,FL17,A319,Medium,storm,4,R2,53.83,431.22,2,377.39000000000004
148,FL148,A330,Heavy,rain,1,R1,53.89,432.2,3,378.31
514,FL514,A330,Heavy,fog,6,R2,53.9,436.22,3,382.32000000000005
767,FL767,A320,Medium,fog,3,R1,54.24,438.2,2,383.96
66,FL66,A330,Heavy,storm,6,R2,54.31,443.22,3,388.91
941,FL941,A330,Heavy,storm,1,R1,54.52,444.2,3,389.68
677,FL677,A320,Medium,rain,6,R2,54.59,449.22,2,394.63
892,FL892,B787,Heavy,clear,6,R1,55.19,449.2,3,394.01
407,FL407,B737,Medium,fog,6,R2,55.34,454.22,2,398.88
443,FL443,A321,Medium,clear,2,R1,55.55,454.2,2,398.65
172,FL172,B787,Heavy,rain,4,R1,55.63,459.2,3,403.57
681,FL681,B737,Medium,storm,6,R2,55.69,460.22,2,404.53000000000003
974,FL974,A320,Medium,rain,5,R1,55.83,465.2,2,409.37
485,FL485,A330,Heavy,rain,4,R2,56.07,465.22,3,409.15000000000003
342,FL342,A319,Medium,fog,1,R1,56.22,470.2,2,413.98
102,FL102,B777,Heavy,rain,6,R2,56.98,471.22,3,414.24
334,FL334,A321,Medium,fog,5,R1,57.04,475.2,2,418.15999999999997
396,FL396,B737,Medium,storm,4,R2,57.32,478.22,2,420.90000000000003
572,FL572,A350,Heavy,storm,5,R1,57.6,481.2,3,423.59999999999997
359,FL359,B777,Heavy,fog,3,R2,57.75,483.22,3,425.47
669,FL669,A319,Medium,fog,6,R1,57.83,487.2,2,429.37
355,FL355,A321,Medium,fog,5,R2,58.04,489.22,2,431.18
292,FL292,A320,Medium,rain,1,R1,58.13,492.2,2,434.07
897,FL897,A330,Heavy,clear,2,R2,58.16,493.22,3,435.06000000000006
731,FL731,A319,Medium,rain,2,R1,58.18,497.2,2,439.02
9,FL9,A350,Heavy,rain,6,R2,58.19,499.22,3,441.03000000000003
458,FL458,A319,Medium,fog,2,R1,58.24,502.2,2,443.96
551,FL551,B737,Medium,storm,3,R2,58.31,506.22,2,447.91
454,FL454,A319,Medium,storm,1,R1,58.31,508.2,2,449.89
761,FL761,A321,Medium,rain,2,R2,58.31,511.22,2,452.91
881,FL881,A321,Medium,fog,6,R1,58.66,513.2,2,454.5400000000001
215,FL215,A350,Heavy,fog,3,R2,58.79,516.22,3,457.43
132,FL132,B787,Heavy,clear,1,R1,58.82,517.2,3,458.38000000000005
574,FL574,A320,Medium,clear,5,R2,58.87,521.22,2,462.35
91,FL91,A330,Heavy,clear,4,R1,58.94,522.2,3,463.26000000000005
680,FL680,A320,Medium,clear,5,R2,59.08,525.22,2,466.14000000000004
601,FL601,A320,Medium,clear,6,R1,59.13,527.2,2,468.07000000000005
393,FL393,A350,Heavy,clear,5,R2,59.19,529.22,3,470.03000000000003
971,FL971,A321,Medium,fog,3,R1,59.25,532.2,2,472.95000000000005
147,FL147,B737,Medium,rain,6,R2,59.32,535.22,2,475.90000000000003
864,FL864,B777,Heavy,clear,6,R1,59.33,536.2,3,476.87000000000006
391,FL391,B737,Medium,fog,1,R2,59.34,540.22,2,480.88
210,FL210,A319,Medium,storm,1,R1,59.37,543.2,2,483.83000000000004
384,FL384,B777,Heavy,clear,3,R2,59.58,544.22,3,484.64000000000004
151,FL151,B737,Medium,storm,3,R1,59.77,549.2,2,489.43000000000006
34,FL34,A320,Medium,rain,6,R2,59.8,550.22,2,490.42
619,FL619,B787,Heavy,clear,9,R1,90.27,553.2,3,462.93000000000006
561,FL561,B787,Heavy,clear,7,R2,90.33,554.22,3,463.89000000000004
596,FL596,A321,Medium,storm,7,R1,90.4,560.2,2,469.80000000000007
902,FL902,A319,Medium,fog,8,R2,90.51,560.22,2,469.71000000000004
37,FL37,A321,Medium,rain,7,R1,90.77,565.2,2,474.43000000000006
237,FL237,B777,Heavy,storm,8,R2,90.95,566.22,3,475.27000000000004
252,FL252,A321,Medium,fog,10,R1,91.23,570.2,2,478.97
840,FL840,A320,Medium,clear,8,R2,91.25,571.22,2,479.97
527,FL527,A321,Medium,storm,7,R1,91.27,576.2,2,484.93000000000006
667,FL667,A330,Heavy,clear,8,R2,91.49,575.22,3,483.73
4,FL4,B787,Heavy,clear,9,R1,91.57,580.2,3,488.63000000000005
821,FL821,B787,Heavy,clear,7,R2,91.64,580.22,3,488.58000000000004
496,FL496,B787,Heavy,storm,8,R1,91.67,587.2,3,495.53000000000003
841,FL841,A350,Heavy,storm,8,R2,91.71,587.22,3,495.51000000000005
533,FL533,A320,Medium,rain,8,R1,91.81,593.2,2,501.39000000000004
760,FL760,A321,Medium,clear,10,R2,91.91,592.22,2,500.31000000000006
503,FL503,B787,Heavy,storm,7,R2,92.12,598.22,3,506.1
126,FL126,A320,Medium,storm,7,R1,92.2,599.2,2,507.00000000000006
471,FL471,B737,Medium,clear,10,R1,92.25,603.2,2,510.95000000000005
158,FL158,B777,Heavy,storm,9,R2,92.29,605.22,3,512.9300000000001
919,FL919,B787,Heavy,rain,8,R1,92.46,608.2,3,515.74
410,FL410,B787,Heavy,fog,9,R2,92.46,611.22,3,518.76
462,FL462,A330,Heavy,fog,8,R1,92.5,614.2,3,521.7
194,FL194,A319,Medium,rain,7,R2,92.52,617.22,2,524.7
113,FL113,B737,Medium,storm,9,R1,92.59,621.2,2,528.61
646,FL646,A330,Heavy,rain,7,R2,92.67,622.22,3,529.5500000000001
843,FL843,A350,Heavy,clear,7,R1,92.86,625.2,3,532.34
434,FL434,B777,Heavy,fog,10,R2,92.92,628.22,3,535.3000000000001
467,FL467,B737,Medium,clear,8,R1,92.94,630.2,2,537.26
238,FL238,A330,Heavy,rain,7,R2,93.13,634.22,3,541.09
266,FL266,A350,Heavy,clear,8,R1,93.18,634.2,3,541.02
86,FL86,A330,Heavy,storm,7,R1,93.27,641.2,3,547.9300000000001
790,FL790,A330,Heavy,fog,10,R2,93.28,640.22,3,546.94
593,FL593,A321,Medium,storm,10,R2,93.37,647.22,2,553.85
922,FL922,A319,Medium,rain,8,R1,93.41,647.2,2,553.7900000000001
425,FL425,B787,Heavy,fog,7,R1,93.56,652.2,3,558.6400000000001
198,FL198,A320,Medium,rain,8,R2,93.58,652.22,2,558.64
385,FL385,A330,Heavy,clear,10,R2,93.59,656.22,3,562.63
262,FL262,B737,Medium,rain,10,R1,93.63,658.2,2,564.57
581,FL581,B787,Heavy,storm,10,R2,93.74,663.22,3,569.48
906,FL906,A319,Medium,clear,7,R1,93.89,662.2,2,568.3100000000001
657,FL657,A330,Heavy,fog,8,R1,93.89,667.2,3,573.3100000000001
992,FL992,A350,Heavy,clear,8,R2,93.92,668.22,3,574.3000000000001
960,FL960,A320,Medium,clear,7,R1,93.95,672.2,2,578.25
436,FL436,A320,Medium,clear,10,R2,93.97,673.22,2,579.25
366,FL366,A330,Heavy,rain,7,R1,94.06,677.2,3,583.1400000000001
995,FL995,A330,Heavy,clear,7,R2,94.08,677.22,3,583.14
636,FL636,A330,Heavy,fog,9,R1,94.15,683.2,3,589.0500000000001
131,FL131,A350,Heavy,clear,9,R2,94.16,682.22,3,588.0600000000001
977,FL977,B737,Medium,rain,8,R2,94.25,688.22,2,593.97
487,FL487,A320,Medium,storm,8,R1,94.33,690.2,2,595.87
453,FL453,B787,Heavy,storm,10,R2,94.35,694.22,3,599.87
893,FL893,B737,Medium,rain,8,R1,94.37,695.2,2,600.83
708,FL708,A319,Medium,clear,7,R1,94.43,699.2,2,604.77
475,FL475,A330,Heavy,fog,8,R2,94.58,700.22,3,605.64
818,FL818,B777,Heavy,fog,8,R1,94.68,704.2,3,609.52
195,FL195,A350,Heavy,fog,8,R2,94.7,706.22,3,611.52
898,FL898,A330,Heavy,fog,9,R1,94.74,710.2,3,615.46
22,FL22,A319,Medium,storm,8,R2,94.84,713.22,2,618.38
651,FL651,B787,Heavy,rain,10,R1,94.84,716.2,3,621.36
457,FL457,A321,Medium,clear,9,R2,94.86,717.22,2,622.36
364,FL364,B777,Heavy,clear,7,R1,94.91,721.2,3,626.2900000000001
907,FL907,A330,Heavy,fog,7,R2,94.94,722.22,3,627.28
356,FL356,B787,Heavy,rain,9,R1,94.97,727.2,3,632.23
51,FL51,A320,Medium,fog,7,R2,95.16,728.22,2,633.0600000000001
852,FL852,B737,Medium,fog,10,R1,95.19,733.2,2,638.01
644,FL644,A350,Heavy,rain,8,R2,95.28,733.22,3,637.94
784,FL784,A350,Heavy,rain,10,R1,95.33,738.2,3,642.87
563,FL563,B777,Heavy,fog,7,R2,95.37,739.22,3,643.85
736,FL736,A350,Heavy,clear,8,R1,95.41,743.2,3,647.7900000000001
834,FL834,A350,Heavy,fog,7,R2,95.52,745.22,3,649.7
435,FL435,A350,Heavy,rain,10,R1,95.52,749.2,3,653.6800000000001
752,FL752,A321,Medium,clear,10,R2,95.53,750.22,2,654.69
365,FL365,A350,Heavy,storm,9,R1,95.6,756.2,3,660.6
931,FL931,A321,Medium,clear,7,R2,95.62,754.22,2,658.6
676,FL676,A350,Heavy,storm,10,R2,95.89,760.22,3,664.33
152,FL152,A319,Medium,storm,10,R1,95.9,763.2,2,667.3000000000001
28,FL28,A330,Heavy,rain,10,R2,95.99,766.22,3,670.23
891,FL891,A330,Heavy,clear,8,R1,96.16,767.2,3,671.0400000000001
755,FL755,B777,Heavy,clear,8,R2,96.18,771.22,3,675.04
427,FL427,B787,Heavy,rain,8,R1,96.18,773.2,3,677.02
855,FL855,A321,Medium,storm,9,R2,96.29,778.22,2,681.9300000000001
122,FL122,B777,Heavy,rain,7,R1,96.31,779.2,3,682.8900000000001
288,FL288,A319,Medium,storm,9,R2,96.37,784.22,2,687.85
360,FL360,A321,Medium,rain,10,R1,96.46,785.2,2,688.74
556,FL556,A320,Medium,storm,10,R2,96.47,790.22,2,693.75
890,FL890,A350,Heavy,storm,10,R1,96.53,791.2,3,694.6700000000001
68,FL68,A330,Heavy,fog,7,R2,96.7,795.22,3,698.52
374,FL374,B737,Medium,rain,8,R1,96.73,797.2,2,700.47
526,FL526,B787,Heavy,storm,8,R2,96.98,802.22,3,705.24
984,FL984,B737,Medium,clear,9,R1,96.99,801.2,2,704.21
267,FL267,B777,Heavy,fog,10,R1,97.09,806.2,3,709.11
714,FL714,B777,Heavy,rain,10,R2,97.13,808.22,3,711.09
204,FL204,B777,Heavy,storm,8,R1,97.17,813.2,3,716.0300000000001
926,FL926,A330,Heavy,fog,8,R2,97.22,814.22,3,717.0
952,FL952,A320,Medium,rain,9,R1,97.29,819.2,2,721.9100000000001
486,FL486,A320,Medium,clear,8,R2,97.35,819.22,2,721.87
124,FL124,A320,Medium,fog,10,R1,97.76,824.2,2,726.44
740,FL740,A350,Heavy,rain,9,R2,97.79,824.22,3,726.4300000000001
823,FL823,B777,Heavy,fog,10,R1,97.79,829.2,3,731.4100000000001
7,FL7,B737,Medium,fog,7,R2,97.85,830.22,2,732.37
889,FL889,B777,Heavy,rain,10,R1,98.25,835.2,3,736.95
625,FL625,A320,Medium,rain,7,R2,98.27,835.22,2,736.95
144,FL144,A321,Medium,clear,7,R2,98.42,839.22,2,740.8000000000001
394,FL394,A330,Heavy,storm,8,R1,98.58,842.2,3,743.62
506,FL506,A320,Medium,fog,10,R2,98.63,844.22,2,745.59
699,FL699,A319,Medium,storm,8,R1,99.15,849.2,2,750.0500000000001
874,FL874,B787,Heavy,rain,9,R2,99.28,849.22,3,749.94
181,FL181,B777,Heavy,rain,7,R1,99.29,854.2,3,754.9100000000001
653,FL653,A350,Heavy,rain,8,R2,99.33,855.22,3,755.89
640,FL640,B777,Heavy,rain,8,R1,99.52,860.2,3,760.6800000000001
521,FL521,A321,Medium,fog,9,R2,99.64,861.22,2,761.58
111,FL111,A330,Heavy,fog,8,R1,99.73,866.2,3,766.47
368,FL368,A350,Heavy,rain,9,R2,99.74,866.22,3,766.48
742,FL742,B787,Heavy,storm,9,R1,99.89,873.2,3,773.3100000000001
206,FL206,A319,Medium,storm,8,R2,99.91,873.22,2,773.3100000000001
174,FL174,A330,Heavy,rain,7,R2,99.96,878.22,3,778.26
27,FL27,A320,Medium,clear,8,R1,100.15,878.2,2,778.0500000000001
274,FL274,A330,Heavy,storm,9,R1,100.18,884.2,3,784.02
220,FL220,B737,Medium,rain,8,R2,100.24,884.22,2,783.98
45,FL45,B777,Heavy,rain,10,R2,100.27,889.22,3,788.95
555,FL555,B777,Heavy,fog,9,R1,100.35,890.2,3,789.85
546,FL546,A321,Medium,clear,8,R2,100.41,894.22,2,793.8100000000001
401,FL401,A350,Heavy,rain,8,R1,100.53,896.2,3,795.6700000000001
693,FL693,B777,Heavy,clear,9,R2,100.95,898.22,3,797.27
969,FL969,A321,Medium,fog,9,R1,101.25,902.2,2,800.95
509,FL509,A319,Medium,fog,8,R2,101.34,904.22,2,802.88
56,FL56,A321,Medium,rain,10,R1,101.36,907.2,2,805.84
675,FL675,A320,Medium,fog,7,R2,101.41,909.22,2,807.8100000000001
656,FL656,A330,Heavy,clear,7,R1,101.47,911.2,3,809.73
447,FL447,A350,Heavy,clear,8,R2,101.48,913.22,3,811.74
15,FL15,A330,Heavy,rain,9,R1,101.53,917.2,3,815.6700000000001
886,FL886,B737,Medium,rain,9,R2,101.57,919.22,2,817.6500000000001
117,FL117,A350,Heavy,storm,9,R1,101.75,924.2,3,822.45
441,FL441,A350,Heavy,rain,10,R2,101.99,924.22,3,822.23
466,FL466,A321,Medium,fog,9,R1,102.17,930.2,2,828.0300000000001
95,FL95,B777,Heavy,clear,8,R2,102.22,929.22,3,827.0
110,FL110,A330,Heavy,fog,9,R1,102.26,935.2,3,832.94
930,FL930,A321,Medium,rain,7,R2,102.32,935.22,2,832.9000000000001
455,FL455,B737,Medium,rain,9,R2,102.44,940.22,2,837.78
169,FL169,A319,Medium,rain,8,R1,102.65,941.2,2,838.5500000000001
560,FL560,A350,Heavy,rain,7,R2,102.72,945.22,3,842.5
166,FL166,A320,Medium,storm,9,R1,103.01,947.2,2,844.19
568,FL568,B737,Medium,storm,9,R2,103.2,952.22,2,849.02
415,FL415,A321,Medium,storm,7,R1,103.22,953.2,2,849.98
585,FL585,A350,Heavy,rain,10,R2,103.54,957.22,3,853.6800000000001
361,FL361,A330,Heavy,fog,9,R1,103.57,958.2,3,854.6300000000001
848,FL848,A319,Medium,rain,9,R2,103.6,963.22,2,859.62
854,FL854,A350,Heavy,fog,8,R1,103.76,964.2,3,860.44
539,FL539,B737,Medium,storm,10,R2,103.81,969.22,2,865.4100000000001
304,FL304,A350,Heavy,clear,10,R1,104.02,969.2,3,865.1800000000001
803,FL803,B777,Heavy,fog,9,R2,104.18,974.22,3,870.04
202,FL202,A321,Medium,fog,7,R1,104.23,975.2,2,870.97
575,FL575,A320,Medium,clear,7,R1,104.24,979.2,2,874.96
577,FL577,A330,Heavy,clear,7,R2,104.35,979.22,3,874.87
336,FL336,B777,Heavy,clear,7,R1,104.38,983.2,3,878.82
896,FL896,A321,Medium,clear,8,R2,105.02,984.22,2,879.2
978,FL978,B787,Heavy,rain,7,R1,105.03,989.2,3,884.1700000000001
221,FL221,A330,Heavy,rain,8,R2,105.05,989.22,3,884.1700000000001
730,FL730,B787,Heavy,fog,7,R1,105.08,995.2,3,890.12
607,FL607,B787,Heavy,storm,8,R2,105.26,996.22,3,890.96
865,FL865,A321,Medium,rain,7,R1,105.31,1001.2,2,895.8900000000001
271,FL271,A321,Medium,clear,7,R2,105.32,1001.22,2,895.9000000000001
747,FL747,A330,Heavy,fog,10,R1,105.44,1006.2,3,900.76
276,FL276,A350,Heavy,rain,10,R2,105.47,1006.22,3,900.75
826,FL826,B777,Heavy,fog,9,R1,105.61,1012.2,3,906.59
623,FL623,A350,Heavy,fog,8,R2,106.0,1012.22,3,906.22
178,FL178,B737,Medium,fog,8,R1,106.1,1018.2,2,912.1
389,FL389,A320,Medium,fog,10,R2,106.11,1018.22,2,912.11
933,FL933,A330,Heavy,storm,10,R1,106.11,1024.2,3,918.09
996,FL996,B737,Medium,fog,10,R2,106.13,1023.22,2,917.09
757,FL757,A320,Medium,fog,10,R2,106.16,1028.22,2,922.0600000000001
597,FL597,A330,Heavy,rain,8,R1,106.22,1030.2,3,923.98
518,FL518,A319,Medium,fog,10,R2,106.27,1033.22,2,926.95
321,FL321,A320,Medium,rain,9,R1,106.27,1036.2,2,929.9300000000001
163,FL163,A320,Medium,fog,7,R2,106.29,1038.22,2,931.9300000000001
628,FL628,A350,Heavy,clear,10,R1,106.33,1040.2,3,933.87
566,FL566,A321,Medium,storm,8,R2,106.39,1044.22,2,937.83
573,FL573,A320,Medium,storm,7,R1,106.39,1047.2,2,940.8100000000001
678,FL678,A330,Heavy,clear,7,R2,106.68,1048.22,3,941.54
18,FL18,A320,Medium,storm,8,R1,106.8,1053.2,2,946.4000000000001
739,FL739,B737,Medium,clear,10,R2,107.12,1053.22,2,946.1
812,FL812,A319,Medium,rain,10,R1,107.16,1058.2,2,951.0400000000001
959,FL959,A350,Heavy,clear,8,R2,107.18,1057.22,3,950.04
418,FL418,A330,Heavy,storm,10,R1,107.33,1064.2,3,956.87
372,FL372,A321,Medium,clear,8,R2,107.33,1062.22,2,954.89
982,FL982,A330,Heavy,fog,7,R2,107.37,1067.22,3,959.85
920,FL920,A319,Medium,rain,8,R1,107.44,1070.2,2,962.76
488,FL488,A330,Heavy,storm,10,R2,107.81,1074.22,3,966.4100000000001
911,FL911,A320,Medium,rain,7,R1,107.84,1075.2,2,967.36
957,FL957,A321,Medium,fog,9,R1,107.88,1080.2,2,972.32
698,FL698,B787,Heavy,storm,8,R2,108.03,1081.22,3,973.19
981,FL981,B787,Heavy,clear,10,R1,108.04,1084.2,3,976.1600000000001
177,FL177,B737,Medium,storm,10,R2,108.06,1088.22,2,980.1600000000001
414,FL414,B737,Medium,clear,9,R1,108.09,1089.2,2,981.11
808,FL808,A320,Medium,storm,8,R2,108.09,1094.22,2,986.13
769,FL769,A319,Medium,rain,9,R1,108.1,1094.2,2,986.1
171,FL171,A321,Medium,fog,10,R1,108.26,1099.2,2,990.94
335,FL335,A330,Heavy,fog,9,R2,108.3,1099.22,3,990.9200000000001
309,FL309,B777,Heavy,fog,10,R1,108.38,1104.2,3,995.82
721,FL721,A321,Medium,fog,8,R2,108.44,1105.22,2,996.78
868,FL868,A319,Medium,rain,7,R1,108.54,1110.2,2,1001.6600000000001
499,FL499,B787,Heavy,clear,9,R2,108.64,1109.22,3,1000.58
293,FL293,A330,Heavy,rain,7,R1,108.81,1115.2,3,1006.3900000000001
420,FL420,B787,Heavy,clear,10,R2,108.89,1114.22,3,1005.33
948,FL948,A321,Medium,storm,9,R2,108.97,1121.22,2,1012.25
223,FL223,A319,Medium,clear,8,R1,109.01,1120.2,2,1011.19
524,FL524,A350,Heavy,storm,10,R1,109.19,1126.2,3,1017.01
141,FL141,B777,Heavy,rain,8,R2,109.22,1126.22,3,1017.0
800,FL800,B787,Heavy,fog,9,R1,109.4,1132.2,3,1022.8000000000001
58,FL58,A350,Heavy,fog,7,R2,109.45,1132.22,3,1022.77
55,FL55,B777,Heavy,fog,9,R1,109.47,1138.2,3,1028.73
615,FL615,B777,Heavy,clear,9,R2,109.5,1137.22,3,1027.72
694,FL694,B737,Medium,rain,8,R2,109.9,1143.22,2,1033.32
460,FL460,A350,Heavy,fog,9,R1,109.91,1144.2,3,1034.29
470,FL470,A330,Heavy,storm,9,R2,109.99,1149.22,3,1039.23
341,FL341,A319,Medium,rain,3,R1,140.26,1150.2,2,1009.94
136,FL136,B737,Medium,fog,2,R1,140.57,1155.2,2,1014.6300000000001
312,FL312,B737,Medium,storm,3,R2,140.64,1156.22,2,1015.58
639,FL639,A321,Medium,rain,4,R1,140.71,1160.2,2,1019.49
80,FL80,A320,Medium,storm,2,R2,140.73,1162.22,2,1021.49
673,FL673,B777,Heavy,clear,3,R1,140.9,1164.2,3,1023.3000000000001
856,FL856,A319,Medium,fog,4,R2,140.97,1167.22,2,1026.25
254,FL254,A350,Heavy,storm,4,R1,141.05,1171.2,3,1030.15
260,FL260,A350,Heavy,storm,2,R2,141.25,1173.22,3,1031.97
869,FL869,B737,Medium,rain,6,R1,141.31,1177.2,2,1035.89
672,FL672,A319,Medium,rain,1,R2,141.47,1179.22,2,1037.75
830,FL830,A320,Medium,fog,4,R1,141.48,1182.2,2,1040.72
251,FL251,A330,Heavy,storm,2,R2,141.54,1185.22,3,1043.68
230,FL230,B777,Heavy,clear,4,R1,141.6,1186.2,3,1044.6000000000001
838,FL838,A350,Heavy,storm,3,R2,141.6,1192.22,3,1050.6200000000001
904,FL904,A321,Medium,clear,2,R1,141.61,1191.2,2,1049.5900000000001
112,FL112,A319,Medium,fog,4,R1,141.92,1196.2,2,1054.28
638,FL638,B777,Heavy,fog,5,R2,142.24,1198.22,3,1055.98
491,FL491,A319,Medium,rain,4,R1,142.44,1201.2,2,1058.76
748,FL748,B777,Heavy,storm,2,R2,142.53,1205.22,3,1062.69
322,FL322,B737,Medium,storm,4,R1,142.54,1207.2,2,1064.66
552,FL552,B787,Heavy,fog,4,R2,142.76,1211.22,3,1068.46
877,FL877,A330,Heavy,rain,3,R1,142.84,1212.2,3,1069.3600000000001
674,FL674,A319,Medium,storm,3,R2,142.94,1218.22,2,1075.28
133,FL133,A330,Heavy,fog,3,R1,143.03,1218.2,3,1075.17
732,FL732,A330,Heavy,fog,5,R2,143.14,1223.22,3,1080.08
383,FL383,B787,Heavy,clear,4,R1,143.19,1223.2,3,1080.01
682,FL682,A319,Medium,fog,5,R1,143.21,1229.2,2,1085.99
590,FL590,A330,Heavy,clear,4,R2,143.28,1228.22,3,1084.94
997,FL997,B777,Heavy,clear,1,R1,143.31,1233.2,3,1089.89
538,FL538,A350,Heavy,clear,1,R2,143.35,1233.22,3,1089.8700000000001
564,FL564,A330,Heavy,fog,2,R1,143.38,1239.2,3,1095.8200000000002
953,FL953,A321,Medium,fog,4,R2,143.75,1239.22,2,1095.47
121,FL121,B787,Heavy,fog,1,R2,143.77,1244.22,3,1100.45
380,FL380,A319,Medium,rain,6,R1,143.82,1245.2,2,1101.38
417,FL417,B787,Heavy,rain,4,R1,144.05,1250.2,3,1106.15
159,FL159,A320,Medium,storm,6,R2,144.05,1251.22,2,1107.17
72,FL72,A321,Medium,rain,1,R1,144.16,1256.2,2,1112.04
580,FL580,B777,Heavy,clear,5,R2,144.17,1255.22,3,1111.05
894,FL894,B777,Heavy,clear,3,R1,144.33,1260.2,3,1115.8700000000001
525,FL525,A350,Heavy,clear,5,R2,144.36,1260.22,3,1115.8600000000001
400,FL400,B737,Medium,clear,5,R1,144.44,1265.2,2,1120.76
154,FL154,B777,Heavy,clear,2,R2,144.55,1265.22,3,1120.67
107,FL107,A321,Medium,storm,2,R1,144.62,1271.2,2,1126.58
515,FL515,A330,Heavy,rain,6,R2,144.69,1271.22,3,1126.53
614,FL614,B737,Medium,fog,6,R1,144.74,1276.2,2,1131.46
835,FL835,A319,Medium,fog,3,R2,144.86,1277.22,2,1132.3600000000001
630,FL630,A320,Medium,fog,1,R1,144.86,1281.2,2,1136.3400000000001
89,FL89,B787,Heavy,fog,2,R2,144.91,1282.22,3,1137.31
142,FL142,A320,Medium,storm,4,R1,144.99,1287.2,2,1142.21
449,FL449,A321,Medium,rain,2,R2,145.11,1288.22,2,1143.1100000000001
621,FL621,A350,Heavy,storm,3,R1,145.15,1293.2,3,1148.05
348,FL348,A320,Medium,fog,2,R2,145.26,1293.22,2,1147.96
745,FL745,B777,Heavy,fog,6,R2,145.34,1298.22,3,1152.88
139,FL139,A350,Heavy,storm,2,R1,145.43,1300.2,3,1154.77
423,FL423,A350,Heavy,clear,5,R2,145.51,1303.22,3,1157.71
758,FL758,B787,Heavy,storm,4,R1,145.56,1307.2,3,1161.64
921,FL921,A350,Heavy,fog,2,R2,145.67,1309.22,3,1163.55
517,FL517,B787,Heavy,storm,2,R1,145.74,1314.2,3,1168.46
398,FL398,B737,Medium,storm,1,R2,145.77,1316.22,2,1170.45
687,FL687,A330,Heavy,clear,1,R1,146.1,1319.2,3,1173.1000000000001
696,FL696,B787,Heavy,rain,5,R2,146.11,1321.22,3,1175.1100000000001
967,FL967,B737,Medium,fog,3,R1,146.17,1325.2,2,1179.03
180,FL180,B787,Heavy,rain,1,R2,146.22,1327.22,3,1181.0
65,FL65,A350,Heavy,storm,1,R1,146.39,1331.2,3,1184.81
710,FL710,B737,Medium,clear,5,R2,146.41,1332.22,2,1185.81
135,FL135,A321,Medium,storm,6,R1,146.49,1338.2,2,1191.71
991,FL991,A330,Heavy,fog,4,R2,146.52,1337.22,3,1190.7
299,FL299,A321,Medium,clear,6,R1,146.52,1342.2,2,1195.68
660,FL660,A330,Heavy,storm,1,R2,146.67,1344.22,3,1197.55
446,FL446,B777,Heavy,storm,6,R1,147.39,1348.2,3,1200.81
155,FL155,A319,Medium,clear,5,R2,147.42,1349.22,2,1201.8
164,FL164,B777,Heavy,fog,2,R1,147.42,1354.2,3,1206.78
770,FL770,A350,Heavy,clear,4,R2,147.67,1353.22,3,1205.55
764,FL764,A319,Medium,clear,6,R2,147.75,1358.22,2,1210.47
421,FL421,A321,Medium,fog,4,R1,147.77,1360.2,2,1212.43
1,FL1,B787,Heavy,clear,5,R2,147.78,1362.22,3,1214.44
489,FL489,B787,Heavy,storm,3,R1,147.78,1366.2,3,1218.42
386,FL386,B777,Heavy,rain,3,R2,147.8,1368.22,3,1220.42
483,FL483,A321,Medium,rain,2,R1,147.92,1372.2,2,1224.28
914,FL914,B737,Medium,fog,6,R2,147.99,1374.22,2,1226.23
820,FL820,A321,Medium,clear,3,R1,148.03,1376.2,2,1228.17
970,FL970,B737,Medium,storm,2,R2,148.11,1380.22,2,1232.1100000000001
610,FL610,A330,Heavy,fog,5,R1,148.17,1381.2,3,1233.03
234,FL234,A319,Medium,clear,5,R2,148.33,1384.22,2,1235.89
684,FL684,A319,Medium,fog,1,R1,148.34,1387.2,2,1238.8600000000001
759,FL759,B787,Heavy,storm,5,R2,148.67,1390.22,3,1241.55
240,FL240,A320,Medium,clear,1,R1,148.72,1391.2,2,1242.48
167,FL167,B737,Medium,storm,2,R1,148.74,1397.2,2,1248.46
465,FL465,A321,Medium,rain,3,R2,148.82,1396.22,2,1247.4
294,FL294,A350,Heavy,rain,4,R2,149.01,1401.22,3,1252.21
232,FL232,B787,Heavy,fog,1,R1,149.24,1402.2,3,1252.96
718,FL718,A350,Heavy,fog,2,R2,149.28,1407.22,3,1257.94
591,FL591,A320,Medium,rain,3,R1,149.5,1408.2,2,1258.7
338,FL338,A320,Medium,rain,2,R1,149.51,1413.2,2,1263.69
207,FL207,B777,Heavy,fog,3,R2,149.51,1413.22,3,1263.71
35,FL35,B787,Heavy,fog,2,R1,149.73,1418.2,3,1268.47
190,FL190,A321,Medium,fog,1,R2,149.73,1419.22,2,1269.49
477,FL477,B737,Medium,fog,4,R1,150.01,1424.2,2,1274.19
716,FL716,A320,Medium,rain,4,R2,150.03,1424.22,2,1274.19
549,FL549,A330,Heavy,fog,5,R1,150.04,1429.2,3,1279.16
613,FL613,B737,Medium,clear,2,R2,150.11,1428.22,2,1278.1100000000001
879,FL879,A319,Medium,storm,2,R2,150.31,1434.22,2,1283.91
976,FL976,B777,Heavy,clear,2,R1,150.32,1434.2,3,1283.88
912,FL912,B787,Heavy,storm,4,R2,150.46,1440.22,3,1289.76
101,FL101,B787,Heavy,clear,1,R1,150.59,1439.2,3,1288.6100000000001
723,FL723,B787,Heavy,rain,2,R1,150.83,1445.2,3,1294.3700000000001
743,FL743,A350,Heavy,rain,4,R2,150.96,1446.22,3,1295.26
69,FL69,A319,Medium,rain,4,R1,151.37,1451.2,2,1299.83
92,FL92,A350,Heavy,storm,1,R2,151.42,1453.22,3,1301.8
789,FL789,A320,Medium,rain,6,R1,151.65,1456.2,2,1304.55
316,FL316,A321,Medium,rain,3,R2,151.69,1459.22,2,1307.53
584,FL584,A320,Medium,fog,1,R1,151.87,1461.2,2,1309.33
191,FL191,A330,Heavy,storm,5,R2,151.89,1465.22,3,1313.33
532,FL532,A320,Medium,storm,2,R1,151.92,1467.2,2,1315.28
733,FL733,B777,Heavy,fog,5,R2,152.38,1471.22,3,1318.8400000000001
934,FL934,A321,Medium,clear,2,R1,152.5,1471.2,2,1318.7
990,FL990,A319,Medium,fog,6,R1,152.68,1476.2,2,1323.52
947,FL947,A319,Medium,clear,1,R2,152.76,1476.22,2,1323.46
78,FL78,A350,Heavy,fog,4,R1,152.77,1481.2,3,1328.43
777,FL777,A320,Medium,clear,4,R2,152.82,1480.22,2,1327.4
1000,FL1000,B737,Medium,clear,6,R2,152.94,1484.22,2,1331.28
632,FL632,B737,Medium,fog,6,R1,152.96,1487.2,2,1334.24
248,FL248,A319,Medium,storm,2,R2,152.97,1490.22,2,1337.25
157,FL157,B777,Heavy,fog,6,R1,153.24,1492.2,3,1338.96
295,FL295,A320,Medium,fog,5,R2,153.35,1495.22,2,1341.8700000000001
949,FL949,A321,Medium,clear,1,R1,153.4,1497.2,2,1343.8
344,FL344,A321,Medium,rain,1,R2,153.48,1500.22,2,1346.74
377,FL377,B777,Heavy,clear,3,R1,153.59,1501.2,3,1347.6100000000001
765,FL765,B777,Heavy,rain,5,R2,153.7,1505.22,3,1351.52
609,FL609,B787,Heavy,clear,4,R1,153.77,1506.2,3,1352.43
82,FL82,B787,Heavy,storm,2,R2,153.83,1512.22,3,1358.39
785,FL785,A330,Heavy,fog,1,R1,153.91,1512.2,3,1358.29
592,FL592,A319,Medium,clear,2,R1,153.93,1517.2,2,1363.27
161,FL161,A330,Heavy,clear,5,R2,153.95,1517.22,3,1363.27
395,FL395,A350,Heavy,storm,1,R1,154.04,1523.2,3,1369.16
964,FL964,B787,Heavy,rain,3,R2,154.1,1523.22,3,1369.1200000000001
871,FL871,B737,Medium,rain,3,R1,154.12,1529.2,2,1375.08
690,FL690,A330,Heavy,storm,2,R2,154.12,1530.22,3,1376.1
703,FL703,B737,Medium,rain,2,R1,154.22,1534.2,2,1379.98
950,FL950,B777,Heavy,clear,1,R2,154.43,1535.22,3,1380.79
12,FL12,B737,Medium,fog,6,R1,154.48,1539.2,2,1384.72
937,FL937,A320,Medium,clear,5,R2,154.52,1540.22,2,1385.7
41,FL41,A321,Medium,fog,1,R1,154.55,1544.2,2,1389.65
768,FL768,B737,Medium,fog,2,R2,154.66,1545.22,2,1390.56
994,FL994,B787,Heavy,storm,6,R1,154.7,1550.2,3,1395.5
954,FL954,A319,Medium,clear,6,R2,154.72,1549.22,2,1394.5
989,FL989,A330,Heavy,clear,4,R2,154.86,1553.22,3,1398.3600000000001
403,FL403,A330,Heavy,rain,4,R1,154.96,1556.2,3,1401.24
71,FL71,A321,Medium,fog,3,R2,155.01,1559.22,2,1404.21
98,FL98,B777,Heavy,storm,3,R1,155.5,1563.2,3,1407.7
579,FL579,B787,Heavy,fog,2,R2,155.7,1564.22,3,1408.52
382,FL382,A330,Heavy,storm,4,R1,155.8,1570.2,3,1414.4
943,FL943,A320,Medium,rain,5,R2,155.95,1570.22,2,1414.27
839,FL839,B787,Heavy,rain,4,R2,156.01,1575.22,3,1419.21
910,FL910,A350,Heavy,fog,5,R1,156.11,1576.2,3,1420.0900000000001
31,FL31,A350,Heavy,storm,5,R2,156.11,1582.22,3,1426.1100000000001
371,FL371,A321,Medium,fog,3,R1,156.14,1582.2,2,1426.06
837,FL837,A321,Medium,storm,1,R1,156.21,1588.2,2,1431.99
846,FL846,B787,Heavy,fog,4,R2,156.52,1588.22,3,1431.7
617,FL617,A320,Medium,rain,4,R1,156.58,1593.2,2,1436.6200000000001
985,FL985,A350,Heavy,fog,2,R2,156.6,1594.22,3,1437.6200000000001
819,FL819,A321,Medium,clear,2,R1,156.63,1597.2,2,1440.5700000000002
828,FL828,A320,Medium,clear,1,R2,156.64,1599.22,2,1442.58
728,FL728,B737,Medium,fog,4,R1,156.65,1602.2,2,1445.55
571,FL571,A321,Medium,rain,1,R2,156.68,1604.22,2,1447.54
965,FL965,A330,Heavy,storm,6,R1,156.82,1608.2,3,1451.38
670,FL670,A330,Heavy,fog,3,R2,156.9,1609.22,3,1452.32
331,FL331,B777,Heavy,storm,6,R1,156.98,1615.2,3,1458.22
797,FL797,B787,Heavy,storm,1,R2,157.02,1616.22,3,1459.2
608,FL608,A319,Medium,clear,2,R1,157.06,1620.2,2,1463.14
179,FL179,A330,Heavy,rain,1,R2,157.11,1622.22,3,1465.1100000000001
659,FL659,A321,Medium,clear,4,R1,157.21,1624.2,2,1466.99
961,FL961,B787,Heavy,storm,6,R2,157.56,1629.22,3,1471.66
778,FL778,B777,Heavy,rain,1,R1,157.58,1629.2,3,1471.6200000000001
987,FL987,A350,Heavy,rain,6,R1,157.69,1635.2,3,1477.51
744,FL744,B737,Medium,clear,4,R2,157.81,1634.22,2,1476.41
791,FL791,A321,Medium,storm,6,R2,158.15,1640.22,2,1482.07
811,FL811,A320,Medium,fog,4,R1,158.2,1641.2,2,1483.0
250,FL250,A321,Medium,rain,5,R2,158.22,1645.22,2,1487.0
390,FL390,A320,Medium,storm,4,R1,158.4,1647.2,2,1488.8
256,FL256,A330,Heavy,fog,3,R2,158.47,1650.22,3,1491.75
317,FL317,A320,Medium,storm,5,R1,158.53,1653.2,2,1494.67
692,FL692,A319,Medium,clear,4,R2,158.57,1655.22,2,1496.65
261,FL261,B737,Medium,storm,3,R1,158.71,1659.2,2,1500.49
497,FL497,B787,Heavy,clear,1,R2,158.85,1659.22,3,1500.3700000000001
269,FL269,A330,Heavy,fog,2,R1,158.86,1664.2,3,1505.3400000000001
616,FL616,A350,Heavy,storm,3,R2,158.93,1666.22,3,1507.29
844,FL844,B777,Heavy,storm,2,R1,158.93,1671.2,3,1512.27
285,FL285,A321,Medium,rain,6,R2,159.08,1672.22,2,1513.14
824,FL824,A330,Heavy,clear,2,R1,159.08,1676.2,3,1517.1200000000001
707,FL707,B777,Heavy,fog,6,R2,159.25,1677.22,3,1517.97
885,FL885,B787,Heavy,clear,1,R1,159.35,1681.2,3,1521.8500000000001
73,FL73,A350,Heavy,rain,6,R2,159.51,1683.22,3,1523.71
324,FL324,B777,Heavy,storm,3,R1,159.58,1688.2,3,1528.6200000000001
512,FL512,A321,Medium,storm,1,R2,159.65,1690.22,2,1530.57
973,FL973,A320,Medium,clear,6,R1,159.68,1693.2,2,1533.52
986,FL986,A319,Medium,storm,3,R2,190.04,1696.22,2,1506.18
762,FL762,A350,Heavy,clear,3,R1,190.08,1697.2,3,1507.1200000000001
472,FL472,A330,Heavy,clear,5,R2,190.22,1700.22,3,1510.0
980,FL980,A330,Heavy,rain,5,R1,190.24,1703.2,3,1512.96
468,FL468,A321,Medium,clear,1,R2,190.76,1705.22,2,1514.46
661,FL661,B777,Heavy,storm,1,R1,190.88,1710.2,3,1519.3200000000002
481,FL481,A320,Medium,fog,4,R2,190.91,1710.22,2,1519.31
870,FL870,A320,Medium,clear,6,R2,190.96,1714.22,2,1523.26
311,FL311,B737,Medium,fog,5,R1,191.01,1716.2,2,1525.19
654,FL654,A350,Heavy,storm,2,R2,191.02,1720.22,3,1529.2
988,FL988,A320,Medium,fog,4,R1,191.24,1721.2,2,1529.96
33,FL33,B737,Medium,rain,1,R1,191.28,1726.2,2,1534.92
741,FL741,B777,Heavy,rain,6,R2,191.33,1726.22,3,1534.89
363,FL363,B787,Heavy,rain,6,R1,191.44,1731.2,3,1539.76
753,FL753,B787,Heavy,fog,3,R2,191.53,1732.22,3,1540.69
634,FL634,B777,Heavy,fog,4,R1,191.55,1737.2,3,1545.65
289,FL289,A320,Medium,storm,3,R2,191.64,1739.22,2,1547.58
275,FL275,A321,Medium,rain,4,R1,191.68,1743.2,2,1551.52
685,FL685,B787,Heavy,clear,6,R2,191.72,1743.22,3,1551.5
416,FL416,B787,Heavy,rain,4,R1,191.74,1748.2,3,1556.46
550,FL550,B777,Heavy,clear,5,R2,191.77,1748.22,3,1556.45
189,FL189,A350,Heavy,fog,2,R1,191.91,1754.2,3,1562.29
222,FL222,B737,Medium,storm,1,R2,192.04,1755.22,2,1563.18
655,FL655,B787,Heavy,rain,2,R1,192.11,1760.2,3,1568.0900000000001
724,FL724,B787,Heavy,fog,3,R2,192.29,1760.22,3,1567.93
211,FL211,A320,Medium,clear,4,R1,192.32,1765.2,2,1572.88
268,FL268,A321,Medium,clear,5,R2,192.59,1765.22,2,1572.63
602,FL602,A330,Heavy,storm,1,R1,192.73,1771.2,3,1578.47
16,FL16,A320,Medium,fog,6,R2,192.77,1770.22,2,1577.45
576,FL576,A321,Medium,storm,5,R2,192.82,1776.22,2,1583.4
570,FL570,A330,Heavy,storm,3,R1,192.95,1778.2,3,1585.25
459,FL459,A321,Medium,fog,1,R2,193.08,1781.22,2,1588.14
909,FL909,A330,Heavy,rain,4,R1,193.09,1784.2,3,1591.1100000000001
257,FL257,A320,Medium,fog,1,R2,193.45,1786.22,2,1592.77
779,FL779,A350,Heavy,fog,2,R1,193.47,1790.2,3,1596.73
622,FL622,B777,Heavy,rain,3,R2,193.76,1791.22,3,1597.46
862,FL862,B777,Heavy,storm,6,R1,193.86,1797.2,3,1603.3400000000001
156,FL156,A320,Medium,fog,1,R2,194.05,1797.22,2,1603.17
239,FL239,B737,Medium,storm,4,R2,194.16,1803.22,2,1609.06
873,FL873,A350,Heavy,clear,4,R1,194.35,1802.2,3,1607.8500000000001
296,FL296,B787,Heavy,storm,5,R1,194.36,1809.2,3,1614.8400000000001
315,FL315,A330,Heavy,rain,6,R2,194.41,1808.22,3,1613.81
816,FL816,B737,Medium,fog,5,R2,194.52,1814.22,2,1619.7
825,FL825,A320,Medium,clear,1,R1,194.56,1814.2,2,1619.64
963,FL963,B737,Medium,rain,6,R1,194.57,1819.2,2,1624.63
419,FL419,A321,Medium,storm,1,R2,194.73,1820.22,2,1625.49
946,FL946,A330,Heavy,clear,4,R1,194.82,1823.2,3,1628.38
46,FL46,A319,Medium,storm,6,R2,194.85,1826.22,2,1631.3700000000001
775,FL775,A350,Heavy,rain,6,R1,194.87,1829.2,3,1634.33
297,FL297,A330,Heavy,fog,4,R2,194.91,1831.22,3,1636.31
243,FL243,A320,Medium,storm,3,R1,195.05,1836.2,2,1641.15
478,FL478,A321,Medium,clear,5,R2,195.25,1836.22,2,1640.97
490,FL490,A320,Medium,rain,2,R1,195.26,1841.2,2,1645.94
57,FL57,B787,Heavy,rain,2,R2,195.31,1841.22,3,1645.91
648,FL648,A350,Heavy,storm,5,R1,195.38,1847.2,3,1651.8200000000002
829,FL829,B787,Heavy,fog,5,R2,195.53,1847.22,3,1651.69
502,FL502,B787,Heavy,rain,2,R1,195.63,1853.2,3,1657.5700000000002
367,FL367,A319,Medium,fog,4,R2,195.73,1853.22,2,1657.49
203,FL203,B787,Heavy,storm,2,R2,195.76,1859.22,3,1663.46
725,FL725,B737,Medium,storm,3,R1,195.87,1860.2,2,1664.33
13,FL13,A350,Heavy,storm,3,R1,196.02,1866.2,3,1670.18
493,FL493,A320,Medium,clear,5,R2,196.57,1864.22,2,1667.65
884,FL884,B737,Medium,clear,4,R2,196.67,1868.22,2,1671.55
827,FL827,B737,Medium,rain,2,R1,196.69,1872.2,2,1675.51
81,FL81,A320,Medium,storm,5,R2,197.49,1874.22,2,1676.73
5,FL5,B737,Medium,fog,2,R1,197.65,1877.2,2,1679.55
168,FL168,B777,Heavy,storm,3,R2,197.67,1880.22,3,1682.55
279,FL279,B737,Medium,rain,6,R1,197.72,1882.2,2,1684.48
40,FL40,A330,Heavy,storm,6,R2,197.98,1887.22,3,1689.24
104,FL104,B787,Heavy,rain,5,R1,198.15,1887.2,3,1689.05
226,FL226,A320,Medium,clear,2,R1,198.16,1892.2,2,1694.04
83,FL83,B777,Heavy,fog,5,R2,198.2,1893.22,3,1695.02
62,FL62,A320,Medium,rain,3,R1,198.28,1897.2,2,1698.92
263,FL263,B737,Medium,storm,3,R2,198.54,1900.22,2,1701.68
809,FL809,A350,Heavy,rain,5,R1,198.67,1902.2,3,1703.53
705,FL705,A350,Heavy,clear,3,R2,198.69,1904.22,3,1705.53
780,FL780,A350,Heavy,fog,5,R1,198.78,1908.2,3,1709.42
160,FL160,A321,Medium,rain,6,R2,198.82,1910.22,2,1711.4
903,FL903,B737,Medium,rain,3,R1,199.14,1914.2,2,1715.06
130,FL130,B787,Heavy,rain,2,R2,199.22,1915.22,3,1716.0
951,FL951,A319,Medium,fog,6,R1,199.24,1919.2,2,1719.96
798,FL798,A330,Heavy,rain,5,R2,199.25,1921.22,3,1721.97
534,FL534,B737,Medium,clear,5,R1,199.41,1923.2,2,1723.79
106,FL106,A320,Medium,storm,4,R2,199.44,1928.22,2,1728.78
165,FL165,A319,Medium,storm,1,R1,199.44,1929.2,2,1729.76
247,FL247,A350,Heavy,storm,3,R2,199.47,1934.22,3,1734.75
999,FL999,A321,Medium,storm,4,R1,199.48,1935.2,2,1735.72
935,FL935,A330,Heavy,rain,2,R1,199.52,1940.2,3,1740.68
283,FL283,A320,Medium,rain,6,R2,199.59,1940.22,2,1740.63
612,FL612,A330,Heavy,rain,3,R2,199.78,1945.22,3,1745.44
412,FL412,A319,Medium,storm,5,R1,199.82,1947.2,2,1747.38
822,FL822,B787,Heavy,rain,6,R2,199.9,1951.22,3,1751.32
598,FL598,B787,Heavy,storm,3,R1,200.04,1953.2,3,1753.16
444,FL444,A320,Medium,fog,6,R2,200.09,1957.22,2,1757.13
936,FL936,B737,Medium,rain,2,R1,200.26,1959.2,2,1758.94
337,FL337,B787,Heavy,clear,5,R2,200.26,1961.22,3,1760.96
641,FL641,A320,Medium,clear,2,R1,200.36,1963.2,2,1762.8400000000001
369,FL369,B737,Medium,clear,1,R2,200.37,1966.22,2,1765.85
216,FL216,A330,Heavy,storm,5,R1,200.42,1969.2,3,1768.78
346,FL346,A321,Medium,storm,1,R2,200.42,1972.22,2,1771.8
484,FL484,A330,Heavy,storm,1,R1,200.43,1976.2,3,1775.77
347,FL347,B777,Heavy,storm,4,R2,200.46,1978.22,3,1777.76
36,FL36,B787,Heavy,clear,3,R1,200.96,1981.2,3,1780.24
343,FL343,A350,Heavy,storm,6,R2,201.13,1985.22,3,1784.0900000000001
137,FL137,A320,Medium,rain,2,R1,201.15,1987.2,2,1786.05
305,FL305,A350,Heavy,fog,3,R2,201.17,1991.22,3,1790.05
652,FL652,B737,Medium,clear,3,R1,201.28,1991.2,2,1789.92
511,FL511,A330,Heavy,clear,6,R1,201.6,1995.2,3,1793.6000000000001
735,FL735,B737,Medium,clear,2,R2,201.7,1996.22,2,1794.52
519,FL519,B737,Medium,storm,2,R1,201.71,2002.2,2,1800.49
938,FL938,B787,Heavy,fog,3,R2,201.72,2001.22,3,1799.5
128,FL128,A350,Heavy,storm,4,R1,201.75,2008.2,3,1806.45
456,FL456,A350,Heavy,clear,2,R2,201.82,2006.22,3,1804.4
662,FL662,B737,Medium,fog,5,R2,201.85,2012.22,2,1810.3700000000001
536,FL536,A319,Medium,clear,1,R1,201.89,2013.2,2,1811.31
845,FL845,B737,Medium,clear,4,R2,201.98,2016.22,2,1814.24
880,FL880,A320,Medium,fog,2,R1,202.19,2018.2,2,1816.01
866,FL866,B787,Heavy,fog,4,R2,202.37,2021.22,3,1818.85
993,FL993,A350,Heavy,clear,2,R1,202.39,2022.2,3,1819.81
972,FL972,A321,Medium,rain,5,R2,202.44,2027.22,2,1824.78
424,FL424,A320,Medium,storm,1,R1,202.56,2029.2,2,1826.64
217,FL217,B737,Medium,storm,6,R2,202.6,2033.22,2,1830.6200000000001
480,FL480,A321,Medium,fog,4,R1,202.61,2034.2,2,1831.5900000000001
908,FL908,A319,Medium,fog,3,R2,202.61,2038.22,2,1835.6100000000001
313,FL313,B777,Heavy,clear,2,R1,202.76,2038.2,3,1835.44
562,FL562,B737,Medium,rain,2,R2,202.8,2043.22,2,1840.42
381,FL381,A321,Medium,rain,5,R1,202.91,2044.2,2,1841.29
273,FL273,B787,Heavy,rain,2,R2,202.97,2048.2200000000003,3,1845.2500000000002
647,FL647,B777,Heavy,storm,3,R1,203.23,2050.2,3,1846.9699999999998
722,FL722,A350,Heavy,rain,1,R2,203.28,2054.2200000000003,3,1850.9400000000003
508,FL508,B787,Heavy,storm,1,R1,203.35,2057.2,3,1853.85
569,FL569,B787,Heavy,storm,5,R2,203.39,2061.2200000000003,3,1857.8300000000004
60,FL60,A319,Medium,clear,5,R1,203.43,2062.2,2,1858.7699999999998
246,FL246,A321,Medium,storm,2,R1,203.79,2068.2,2,1864.4099999999999
664,FL664,A350,Heavy,clear,6,R2,203.81,2066.2200000000003,3,1862.4100000000003
796,FL796,A319,Medium,fog,4,R2,203.88,2072.2200000000003,2,1868.3400000000001
422,FL422,A320,Medium,rain,4,R1,204.12,2073.2,2,1869.08
87,FL87,A330,Heavy,fog,4,R2,204.24,2077.2200000000003,3,1872.9800000000002
23,FL23,A321,Medium,storm,6,R1,204.44,2079.2,2,1874.7599999999998
704,FL704,A330,Heavy,storm,2,R2,204.53,2084.2200000000003,3,1879.6900000000003
853,FL853,A330,Heavy,fog,6,R1,204.6,2084.2,3,1879.6
773,FL773,B777,Heavy,fog,4,R1,204.62,2090.2,3,1885.58
849,FL849,A330,Heavy,rain,4,R2,204.77,2090.2200000000003,3,1885.4500000000003
624,FL624,B777,Heavy,clear,5,R1,204.89,2095.2,3,1890.31
138,FL138,A319,Medium,storm,2,R2,204.94,2097.2200000000003,2,1892.2800000000002
663,FL663,A350,Heavy,storm,1,R1,204.96,2102.2,3,1897.2399999999998
983,FL983,A350,Heavy,clear,3,R2,205.01,2101.2200000000003,3,1896.2100000000003
557,FL557,A330,Heavy,clear,2,R2,205.07,2106.2200000000003,3,1901.1500000000003
998,FL998,B777,Heavy,clear,4,R1,205.14,2107.2,3,1902.06
697,FL697,B777,Heavy,fog,2,R2,205.19,2112.2200000000003,3,1907.0300000000002
541,FL541,B777,Heavy,fog,3,R1,205.36,2113.2,3,1907.8399999999997
308,FL308,B737,Medium,rain,4,R2,205.39,2118.2200000000003,2,1912.8300000000004
795,FL795,B737,Medium,fog,6,R1,205.52,2119.2,2,1913.6799999999998
635,FL635,B777,Heavy,rain,6,R2,205.57,2123.2200000000003,3,1917.6500000000003
588,FL588,A350,Heavy,clear,2,R1,205.8,2123.2,3,1917.3999999999999
901,FL901,B777,Heavy,storm,6,R1,205.94,2130.2,3,1924.2599999999998
695,FL695,B787,Heavy,rain,4,R2,206.04,2129.2200000000003,3,1923.1800000000003
193,FL193,A320,Medium,clear,6,R2,206.07,2134.2200000000003,2,1928.1500000000003
378,FL378,A330,Heavy,storm,3,R1,206.08,2137.2,3,1931.12
64,FL64,A320,Medium,rain,5,R2,206.09,2139.2200000000003,2,1933.1300000000003
813,FL813,A321,Medium,clear,5,R1,206.21,2142.2,2,1935.9899999999998
21,FL21,B787,Heavy,rain,3,R2,206.24,2144.2200000000003,3,1937.9800000000002
850,FL850,A330,Heavy,fog,6,R1,206.24,2147.2,3,1940.9599999999998
109,FL109,A321,Medium,rain,2,R2,206.32,2150.2200000000003,2,1943.9000000000003
93,FL93,A319,Medium,clear,1,R1,206.55,2152.2,2,1945.6499999999999
245,FL245,A320,Medium,rain,1,R2,206.89,2155.2200000000003,2,1948.3300000000004
129,FL129,A330,Heavy,clear,2,R1,206.89,2156.2,3,1949.31
599,FL599,B777,Heavy,storm,3,R2,206.9,2161.2200000000003,3,1954.3200000000002
228,FL228,A320,Medium,fog,6,R1,207.09,2162.2,2,1955.11
320,FL320,A321,Medium,fog,1,R1,207.17,2167.2,2,1960.0299999999997
330,FL330,A330,Heavy,fog,5,R2,207.4,2167.2200000000003,3,1959.8200000000002
802,FL802,A321,Medium,fog,4,R1,207.44,2172.2,2,1964.7599999999998
482,FL482,B787,Heavy,clear,3,R2,207.58,2172.2200000000003,3,1964.6400000000003
810,FL810,A350,Heavy,storm,2,R1,207.59,2178.2,3,1970.61
244,FL244,A320,Medium,fog,5,R2,207.62,2178.2200000000003,2,1970.6000000000004
76,FL76,A321,Medium,clear,2,R2,207.81,2182.2200000000003,2,1974.4100000000003
116,FL116,B787,Heavy,storm,2,R1,207.86,2185.2,3,1977.3399999999997
188,FL188,A350,Heavy,clear,4,R2,208.02,2186.2200000000003,3,1978.2000000000003
411,FL411,A321,Medium,fog,1,R1,208.25,2191.2,2,1982.9499999999998
476,FL476,B787,Heavy,clear,4,R2,208.54,2191.2200000000003,3,1982.6800000000003
52,FL52,A321,Medium,clear,4,R1,208.59,2195.2,2,1986.61
259,FL259,A320,Medium,storm,3,R2,208.63,2198.2200000000003,2,1989.5900000000001
397,FL397,B737,Medium,fog,6,R1,208.67,2200.2,2,1991.5299999999997
281,FL281,A350,Heavy,clear,2,R2,208.7,2202.2200000000003,3,1993.5200000000002
175,FL175,A321,Medium,rain,2,R1,208.87,2205.2,2,1996.33
801,FL801,B777,Heavy,clear,5,R2,208.92,2207.2200000000003,3,1998.3000000000002
120,FL120,B737,Medium,storm,2,R1,208.92,2211.2,2,2002.2799999999997
686,FL686,A319,Medium,storm,5,R2,209.09,2214.2200000000003,2,2005.1300000000003
859,FL859,B787,Heavy,fog,3,R1,209.12,2216.2,3,2007.08
388,FL388,A319,Medium,rain,1,R2,209.21,2219.2200000000003,2,2010.0100000000002
399,FL399,A330,Heavy,storm,2,R1,209.23,2223.2,3,2013.9699999999998
280,FL280,A350,Heavy,clear,3,R2,209.28,2223.2200000000003,3,2013.9400000000003
125,FL125,A319,Medium,fog,2,R1,209.72,2229.2,2,2019.4799999999998
351,FL351,A350,Heavy,fog,5,R2,209.86,2229.2200000000003,3,2019.3600000000001
123,FL123,B787,Heavy,storm,6,R1,209.95,2235.2,3,2025.2499999999998
872,FL872,A321,Medium,clear,3,R2,209.96,2234.2200000000003,2,2024.2600000000002
437,FL437,A350,Heavy,clear,5,R2,240.09,2238.2200000000003,3,1998.1300000000003
402,FL402,B787,Heavy,clear,5,R1,240.25,2240.2,3,1999.9499999999998
375,FL375,B787,Heavy,storm,5,R2,240.37,2245.2200000000003,3,2004.8500000000004
339,FL339,B737,Medium,storm,1,R1,240.46,2247.2,2,2006.7399999999998
200,FL200,B777,Heavy,storm,3,R2,240.47,2252.2200000000003,3,2011.7500000000002
746,FL746,A320,Medium,fog,1,R1,240.52,2252.2,2,2011.6799999999998
787,FL787,A321,Medium,storm,5,R1,240.59,2258.2,2,2017.61
306,FL306,A319,Medium,fog,5,R2,240.76,2258.2200000000003,2,2017.4600000000003
233,FL233,A330,Heavy,clear,4,R1,240.8,2262.2,3,2021.3999999999999
32,FL32,A350,Heavy,fog,1,R2,240.85,2263.2200000000003,3,2022.3700000000003
956,FL956,A321,Medium,fog,6,R1,240.86,2268.2,2,2027.3399999999997
185,FL185,A330,Heavy,storm,4,R2,240.89,2270.2200000000003,3,2029.3300000000004
529,FL529,A330,Heavy,clear,2,R1,240.93,2272.2,3,2031.2699999999998
25,FL25,A330,Heavy,fog,6,R2,241.04,2276.2200000000003,3,2035.1800000000003
979,FL979,A319,Medium,storm,3,R1,241.08,2279.2,2,2038.12
814,FL814,B737,Medium,fog,2,R2,241.09,2282.2200000000003,2,2041.1300000000003
406,FL406,A350,Heavy,storm,4,R1,241.24,2285.2,3,2043.9599999999998
586,FL586,A320,Medium,fog,3,R2,241.42,2287.2200000000003,2,2045.8000000000002
38,FL38,A320,Medium,fog,2,R1,241.42,2291.2,2,2049.7799999999997
184,FL184,B777,Heavy,rain,3,R2,241.67,2292.2200000000003,3,2050.55
59,FL59,A321,Medium,fog,6,R1,241.69,2296.2,2,2054.5099999999998
362,FL362,A350,Heavy,fog,4,R2,241.82,2298.2200000000003,3,2056.4
430,FL430,B787,Heavy,storm,3,R1,241.86,2302.2,3,2060.3399999999997
719,FL719,A319,Medium,rain,4,R2,241.92,2304.2200000000003,2,2062.3
387,FL387,A319,Medium,clear,5,R1,241.99,2307.2,2,2065.21
96,FL96,B737,Medium,storm,6,R2,242.09,2310.2200000000003,2,2068.13
358,FL358,A319,Medium,clear,4,R1,242.12,2311.2,2,2069.08
738,FL738,B787,Heavy,fog,3,R2,242.2,2315.2200000000003,3,2073.0200000000004
409,FL409,B777,Heavy,fog,6,R1,242.2,2316.2,3,2074.0
589,FL589,A330,Heavy,rain,2,R2,242.2,2321.2200000000003,3,2079.0200000000004
451,FL451,B737,Medium,storm,1,R1,242.33,2323.2,2,2080.87
917,FL917,A330,Heavy,fog,6,R2,242.52,2327.2200000000003,3,2084.7000000000003
149,FL149,A330,Heavy,fog,5,R1,242.55,2328.2,3,2085.6499999999996
63,FL63,A350,Heavy,storm,1,R2,242.6,2334.2200000000003,3,2091.6200000000003
706,FL706,B777,Heavy,storm,2,R1,242.7,2335.2,3,2092.5
219,FL219,A321,Medium,clear,5,R2,242.73,2339.2200000000003,2,2096.4900000000002
786,FL786,A330,Heavy,storm,6,R1,242.94,2342.2,3,2099.2599999999998
376,FL376,B777,Heavy,fog,5,R2,242.99,2344.2200000000003,3,2101.2300000000005
559,FL559,A321,Medium,rain,6,R1,243.13,2348.2,2,2105.0699999999997
282,FL282,A320,Medium,clear,6,R2,243.14,2349.2200000000003,2,2106.0800000000004
899,FL899,A321,Medium,clear,2,R1,243.17,2352.2,2,2109.0299999999997
6,FL6,A350,Heavy,fog,1,R2,243.5,2354.2200000000003,3,2110.7200000000003
26,FL26,B737,Medium,rain,5,R1,243.53,2357.2,2,2113.6699999999996
689,FL689,A319,Medium,storm,5,R2,243.54,2361.2200000000003,2,2117.6800000000003
717,FL717,B777,Heavy,rain,1,R1,243.57,2362.2,3,2118.6299999999997
565,FL565,A350,Heavy,clear,1,R2,243.63,2365.2200000000003,3,2121.59
103,FL103,A330,Heavy,storm,6,R1,243.69,2369.2,3,2125.5099999999998
235,FL235,A350,Heavy,fog,2,R2,243.72,2371.2200000000003,3,2127.5000000000005
277,FL277,A330,Heavy,clear,6,R1,243.87,2374.2,3,2130.33
300,FL300,B777,Heavy,rain,6,R2,244.04,2377.2200000000003,3,2133.1800000000003
523,FL523,A319,Medium,rain,2,R1,244.34,2380.2,2,2135.8599999999997
857,FL857,A320,Medium,clear,4,R2,244.69,2382.2200000000003,2,2137.53
408,FL408,A320,Medium,storm,1,R1,244.76,2386.2,2,2141.4399999999996
373,FL373,A319,Medium,rain,4,R2,244.84,2387.2200000000003,2,2142.38
54,FL54,A350,Heavy,fog,4,R1,245.44,2391.2,3,2145.7599999999998
205,FL205,B787,Heavy,storm,2,R2,245.7,2393.2200000000003,3,2147.5200000000004
173,FL173,B777,Heavy,fog,5,R1,245.73,2397.2,3,2151.47
513,FL513,A330,Heavy,fog,6,R2,245.78,2399.2200000000003,3,2153.44
464,FL464,A330,Heavy,rain,6,R1,245.88,2403.2,3,2157.3199999999997
766,FL766,A320,Medium,clear,2,R2,245.89,2404.2200000000003,2,2158.3300000000004
882,FL882,A350,Heavy,fog,1,R1,245.91,2409.2,3,2163.29
255,FL255,A350,Heavy,clear,5,R2,246.01,2408.2200000000003,3,2162.21
20,FL20,A320,Medium,fog,1,R2,246.06,2414.2200000000003,2,2168.1600000000003
583,FL583,B777,Heavy,clear,4,R1,246.17,2414.2,3,2168.0299999999997
712,FL712,B787,Heavy,fog,6,R2,246.21,2419.2200000000003,3,2173.01
218,FL218,B787,Heavy,storm,3,R1,246.66,2421.2,3,2174.54
940,FL940,B777,Heavy,fog,5,R2,246.78,2425.2200000000003,3,2178.44
876,FL876,A350,Heavy,storm,3,R1,246.89,2428.2,3,2181.31
629,FL629,A320,Medium,rain,2,R2,246.99,2431.2200000000003,2,2184.2300000000005
498,FL498,A330,Heavy,fog,5,R1,247.08,2434.2,3,2187.12
543,FL543,A330,Heavy,clear,1,R2,247.15,2435.2200000000003,3,2188.07
186,FL186,A350,Heavy,clear,3,R1,247.2,2439.2,3,2192.0
11,FL11,B737,Medium,storm,2,R2,247.26,2442.2200000000003,2,2194.96
804,FL804,A350,Heavy,storm,1,R1,247.47,2446.2,3,2198.73
264,FL264,B777,Heavy,fog,2,R2,247.65,2447.2200000000003,3,2199.57
637,FL637,A321,Medium,storm,2,R1,247.79,2453.2,2,2205.41
229,FL229,B737,Medium,clear,5,R2,247.81,2452.2200000000003,2,2204.4100000000003
140,FL140,A320,Medium,fog,6,R2,247.89,2457.2200000000003,2,2209.3300000000004
668,FL668,A350,Heavy,fog,4,R1,247.91,2458.2,3,2210.29
501,FL501,B787,Heavy,rain,2,R2,247.92,2462.2200000000003,3,2214.3
108,FL108,B787,Heavy,clear,1,R1,247.96,2463.2,3,2215.24
542,FL542,A320,Medium,rain,2,R2,248.27,2468.2200000000003,2,2219.9500000000003
19,FL19,A320,Medium,clear,2,R1,248.34,2468.2,2,2219.8599999999997
847,FL847,A330,Heavy,fog,3,R1,248.54,2473.2,3,2224.66
932,FL932,B777,Heavy,rain,2,R2,248.58,2473.2200000000003,3,2224.6400000000003
627,FL627,A321,Medium,storm,5,R1,248.6,2480.2,2,2231.6
323,FL323,B787,Heavy,fog,4,R2,248.71,2479.2200000000003,3,2230.51
924,FL924,A320,Medium,fog,2,R1,248.87,2485.2,2,2236.33
461,FL461,A320,Medium,clear,5,R2,248.87,2484.2200000000003,2,2235.3500000000004
537,FL537,B787,Heavy,storm,5,R2,248.89,2490.2200000000003,3,2241.3300000000004
544,FL544,A319,Medium,rain,4,R1,248.94,2490.2,2,2241.2599999999998
794,FL794,A320,Medium,storm,3,R1,249.02,2496.2,2,2247.18
815,FL815,A320,Medium,storm,2,R2,249.19,2497.2200000000003,2,2248.03
751,FL751,B737,Medium,fog,5,R1,249.23,2501.2,2,2251.97
258,FL258,A321,Medium,fog,4,R2,249.3,2502.2200000000003,2,2252.92
303,FL303,A320,Medium,clear,4,R1,249.43,2505.2,2,2255.77
438,FL438,A330,Heavy,fog,1,R2,249.43,2507.2200000000003,3,2257.7900000000004
134,FL134,A319,Medium,storm,2,R1,249.69,2511.2,2,2261.5099999999998
649,FL649,A330,Heavy,storm,2,R2,249.72,2514.2200000000003,3,2264.5000000000005
887,FL887,A330,Heavy,storm,4,R1,249.75,2517.2,3,2267.45
392,FL392,A350,Heavy,storm,6,R2,249.84,2521.2200000000003,3,2271.38
547,FL547,B737,Medium,fog,1,R1,249.87,2523.2,2,2273.33
354,FL354,A330,Heavy,rain,2,R2,249.94,2527.2200000000003,3,2277.28
77,FL77,A330,Heavy,fog,1,R1,250.03,2528.2,3,2278.1699999999996
176,FL176,A319,Medium,clear,2,R2,250.04,2532.2200000000003,2,2282.1800000000003
665,FL665,A321,Medium,fog,5,R1,250.12,2534.2,2,2284.08
127,FL127,A320,Medium,rain,4,R2,250.26,2537.2200000000003,2,2286.96
504,FL504,B787,Heavy,storm,6,R1,250.31,2540.2,3,2289.89
349,FL349,A321,Medium,clear,3,R2,250.34,2541.2200000000003,2,2290.88
192,FL192,A320,Medium,clear,5,R1,250.34,2545.2,2,2294.8599999999997
582,FL582,A350,Heavy,storm,1,R2,250.52,2547.2200000000003,3,2296.7000000000003
927,FL927,A321,Medium,clear,6,R1,250.55,2549.2,2,2298.6499999999996
945,FL945,B787,Heavy,rain,3,R2,250.55,2553.2200000000003,3,2302.67
445,FL445,A321,Medium,fog,1,R1,250.74,2554.2,2,2303.46
545,FL545,A330,Heavy,storm,3,R1,250.8,2560.2,3,2309.3999999999996
942,FL942,B777,Heavy,fog,5,R2,250.84,2559.2200000000003,3,2308.38
53,FL53,A319,Medium,clear,4,R2,250.88,2564.2200000000003,2,2313.34
307,FL307,B777,Heavy,storm,2,R1,250.94,2567.2,3,2316.2599999999998
278,FL278,B777,Heavy,fog,4,R2,250.95,2569.2200000000003,3,2318.2700000000004
691,FL691,A350,Heavy,fog,3,R1,251.13,2573.2,3,2322.0699999999997
578,FL578,A320,Medium,storm,6,R2,251.23,2576.2200000000003,2,2324.9900000000002
145,FL145,A320,Medium,storm,5,R1,251.29,2580.2,2,2328.91
962,FL962,A319,Medium,storm,3,R2,251.47,2582.2200000000003,2,2330.7500000000005
2,FL2,A350,Heavy,rain,1,R1,251.51,2585.2,3,2333.6899999999996
209,FL209,A319,Medium,clear,6,R2,251.56,2586.2200000000003,2,2334.6600000000003
522,FL522,A330,Heavy,rain,4,R1,251.56,2591.2,3,2339.64
535,FL535,A321,Medium,rain,1,R2,251.64,2591.2200000000003,2,2339.5800000000004
966,FL966,A320,Medium,clear,4,R2,251.82,2595.2200000000003,2,2343.4
734,FL734,A330,Heavy,fog,2,R1,252.11,2597.2,3,2345.0899999999997
88,FL88,A319,Medium,rain,1,R2,252.18,2600.2200000000003,2,2348.0400000000004
603,FL603,A350,Heavy,fog,3,R1,252.29,2603.2,3,2350.91
807,FL807,A321,Medium,rain,3,R2,252.4,2605.2200000000003,2,2352.82
404,FL404,A321,Medium,storm,5,R1,252.71,2610.2,2,2357.49
671,FL671,A319,Medium,fog,2,R2,252.71,2610.2200000000003,2,2357.51
47,FL47,B787,Heavy,fog,4,R1,252.73,2615.2,3,2362.47
783,FL783,A350,Heavy,storm,1,R2,252.86,2616.2200000000003,3,2363.36
492,FL492,B777,Heavy,storm,4,R1,252.98,2622.2,3,2369.22
944,FL944,A319,Medium,fog,5,R2,253.04,2622.2200000000003,2,2369.1800000000003
781,FL781,A350,Heavy,storm,3,R2,253.15,2628.2200000000003,3,2375.07
918,FL918,B787,Heavy,fog,1,R1,253.27,2628.2,3,2374.93
505,FL505,A321,Medium,rain,6,R1,253.32,2634.2,2,2380.8799999999997
737,FL737,B737,Medium,fog,5,R2,253.32,2634.2200000000003,2,2380.9
265,FL265,B777,Heavy,fog,5,R1,253.64,2639.2,3,2385.56
242,FL242,A330,Heavy,storm,4,R2,253.75,2640.2200000000003,3,2386.4700000000003
442,FL442,B737,Medium,clear,4,R1,253.81,2644.2,2,2390.39
214,FL214,A320,Medium,clear,1,R2,253.85,2645.2200000000003,2,2391.3700000000003
428,FL428,A321,Medium,rain,4,R1,253.85,2649.2,2,2395.35
318,FL318,B737,Medium,rain,5,R2,253.9,2650.2200000000003,2,2396.32
353,FL353,A321,Medium,rain,4,R1,253.94,2654.2,2,2400.2599999999998
618,FL618,B777,Heavy,fog,2,R2,254.16,2655.2200000000003,3,2401.0600000000004
620,FL620,B777,Heavy,clear,5,R1,254.16,2658.2,3,2404.04
604,FL604,A319,Medium,fog,1,R2,254.22,2661.2200000000003,2,2407.0000000000005
831,FL831,B787,Heavy,storm,6,R1,254.3,2665.2,3,2410.8999999999996
516,FL516,B737,Medium,storm,6,R2,254.3,2667.2200000000003,2,2412.92
792,FL792,A350,Heavy,fog,6,R1,254.36,2671.2,3,2416.8399999999997
118,FL118,B787,Heavy,rain,4,R2,254.39,2672.2200000000003,3,2417.8300000000004
895,FL895,A320,Medium,storm,5,R1,254.53,2678.2,2,2423.6699999999996
350,FL350,B777,Heavy,clear,4,R2,254.65,2677.2200000000003,3,2422.57
642,FL642,A319,Medium,storm,4,R1,254.91,2684.2,2,2429.29
146,FL146,A350,Heavy,storm,5,R2,254.96,2684.2200000000003,3,2429.26
114,FL114,A350,Heavy,fog,3,R1,255.28,2689.2,3,2433.9199999999996
650,FL650,A330,Heavy,fog,1,R2,255.33,2690.2200000000003,3,2434.8900000000003
100,FL100,A350,Heavy,fog,3,R1,255.44,2695.2,3,2439.7599999999998
842,FL842,B787,Heavy,storm,5,R2,255.61,2697.2200000000003,3,2441.61
726,FL726,A330,Heavy,fog,1,R1,255.61,2701.2,3,2445.5899999999997
43,FL43,B777,Heavy,fog,4,R2,255.64,2703.2200000000003,3,2447.5800000000004
832,FL832,A350,Heavy,fog,3,R1,255.86,2707.2,3,2451.3399999999997
530,FL530,A350,Heavy,rain,3,R2,256.17,2709.2200000000003,3,2453.05
528,FL528,A321,Medium,fog,2,R1,256.39,2713.2,2,2456.81
270,FL270,A321,Medium,storm,6,R2,256.48,2716.2200000000003,2,2459.7400000000002
85,FL85,B777,Heavy,storm,5,R1,256.71,2719.2,3,2462.49
314,FL314,A320,Medium,clear,1,R2,256.89,2720.2200000000003,2,2463.3300000000004
379,FL379,A350,Heavy,storm,4,R1,256.99,2726.2,3,2469.21
325,FL325,B737,Medium,rain,3,R2,257.06,2725.2200000000003,2,2468.1600000000003
750,FL750,B777,Heavy,rain,6,R2,257.24,2730.2200000000003,3,2472.9800000000005
666,FL666,A330,Heavy,clear,6,R1,257.27,2731.2,3,2473.93
567,FL567,B787,Heavy,fog,2,R2,257.27,2736.2200000000003,3,2478.9500000000003
187,FL187,B737,Medium,fog,5,R1,257.33,2737.2,2,2479.87
473,FL473,A319,Medium,storm,3,R1,257.62,2743.2,2,2485.58
606,FL606,A350,Heavy,storm,1,R2,257.64,2743.2200000000003,3,2485.5800000000004
29,FL29,A319,Medium,rain,5,R1,257.98,2748.2,2,2490.22
727,FL727,B737,Medium,clear,3,R2,258.0,2748.2200000000003,2,2490.2200000000003
352,FL352,A320,Medium,clear,2,R1,258.09,2752.2,2,2494.1099999999997
558,FL558,B787,Heavy,fog,2,R2,258.2,2753.2200000000003,3,2495.0200000000004
302,FL302,B777,Heavy,rain,6,R1,258.26,2757.2,3,2498.9399999999996
701,FL701,A330,Heavy,fog,2,R2,258.37,2759.2200000000003,3,2500.8500000000004
452,FL452,B777,Heavy,fog,6,R1,258.39,2763.2,3,2504.81
79,FL79,A350,Heavy,clear,2,R2,258.48,2764.2200000000003,3,2505.7400000000002
553,FL553,A319,Medium,fog,5,R1,258.52,2769.2,2,2510.68
709,FL709,A350,Heavy,clear,3,R2,258.75,2769.2200000000003,3,2510.4700000000003
836,FL836,A319,Medium,clear,6,R1,258.76,2773.2,2,2514.4399999999996
500,FL500,B737,Medium,rain,3,R2,259.02,2775.2200000000003,2,2516.2000000000003
49,FL49,A330,Heavy,fog,5,R1,259.08,2778.2,3,2519.12
905,FL905,B787,Heavy,clear,4,R2,259.11,2779.2200000000003,3,2520.11
286,FL286,A321,Medium,fog,3,R1,259.19,2784.2,2,2525.0099999999998
208,FL208,A330,Heavy,rain,5,R2,259.27,2785.2200000000003,3,2525.9500000000003
713,FL713,A320,Medium,rain,5,R1,259.33,2789.2,2,2529.87
162,FL162,B737,Medium,clear,4,R2,259.48,2790.2200000000003,2,2530.7400000000002
888,FL888,B737,Medium,storm,3,R1,259.6,2795.2,2,2535.6
153,FL153,A321,Medium,fog,2,R2,259.6,2795.2200000000003,2,2535.6200000000003
474,FL474,A350,Heavy,storm,3,R1,259.81,2801.2,3,2541.39
357,FL357,A350,Heavy,storm,6,R2,259.94,2801.2200000000003,3,2541.28
