flight_id,arrival_time,scheduled_time,aircraft_type,traffic_level,landing_time,final_delay,eta_minutes,delay
FL1712,0,3,LIGHT,8,1901.0,1901.0,0,3
FL1023,5,5,MEDIUM,7,2322.0,2317.0,5,0
FL1588,7,7,LIGHT,3,4098.0,4091.0,7,0
FL1615,8,8,HEAVY,5,3215.0,3207.0,8,0
FL1578,11,11,MEDIUM,5,3218.0,3207.0,11,0
FL1010,14,14,HEAVY,9,14.0,0.0,14,0
FL1214,16,16,MEDIUM,6,2799.0,2783.0,16,0
FL1170,17,17,MEDIUM,2,4560.0,4543.0,17,0
FL1626,18,19,LIGHT,3,4100.0,4082.0,18,1
FL2031,21,21,LIGHT,8,1903.0,1882.0,21,0
FL1494,21,22,HEAVY,2,4565.0,4544.0,21,1
FL1902,21,24,LIGHT,6,2801.0,2780.0,21,3
FL1817,22,25,HEAVY,2,4575.0,4553.0,22,3
FL1194,22,27,LIGHT,2,4567.0,4545.0,22,5
FL1705,22,28,LIGHT,6,2803.0,2781.0,22,6
FL1241,22,30,MEDIUM,2,4570.0,4548.0,22,8
FL1389,25,31,LIGHT,9,25.0,0.0,25,6
FL1161,25,33,LIGHT,3,4102.0,4077.0,25,8
FL1154,28,34,LIGHT,6,2805.0,2777.0,28,6
FL1678,31,36,HEAVY,3,4107.0,4076.0,31,5
FL1661,33,37,MEDIUM,9,33.0,0.0,33,4
FL1927,36,39,LIGHT,9,36.0,0.0,36,3
FL1294,44,44,HEAVY,3,4112.0,4068.0,44,0
FL1279,44,44,MEDIUM,7,2325.0,2281.0,44,0
FL1506,45,47,MEDIUM,6,2808.0,2763.0,45,2
FL2050,47,47,LIGHT,1,5011.0,4964.0,47,0
FL1076,50,50,HEAVY,1,5016.0,4966.0,50,0
FL2108,53,53,MEDIUM,5,3221.0,3168.0,53,0
FL1412,58,58,LIGHT,3,4114.0,4056.0,58,0
FL1542,60,60,MEDIUM,4,3652.0,3592.0,60,0
FL1550,61,61,MEDIUM,5,3224.0,3163.0,61,0
FL1853,61,63,LIGHT,7,2327.0,2266.0,61,2
FL2027,65,65,HEAVY,8,1908.0,1843.0,65,0
FL1559,69,69,HEAVY,3,4119.0,4050.0,69,0
FL1508,75,75,MEDIUM,3,4122.0,4047.0,75,0
FL1133,75,75,MEDIUM,7,2330.0,2255.0,75,0
FL1751,79,79,MEDIUM,5,3227.0,3148.0,79,0
FL1281,82,82,LIGHT,5,3229.0,3147.0,82,0
FL1889,83,83,LIGHT,9,83.0,0.0,83,0
FL1811,85,85,HEAVY,5,3234.0,3149.0,85,0
FL1827,88,88,HEAVY,5,3239.0,3151.0,88,0
FL1306,89,89,HEAVY,6,2813.0,2724.0,89,0
FL1059,91,91,HEAVY,2,4580.0,4489.0,91,0
FL2173,93,93,LIGHT,1,5018.0,4925.0,93,0
FL1567,93,94,HEAVY,2,4585.0,4492.0,93,1
FL1517,93,96,MEDIUM,6,2816.0,2723.0,93,3
FL1053,97,97,MEDIUM,4,3655.0,3558.0,97,0
FL1144,97,99,MEDIUM,8,1911.0,1814.0,97,2
FL1062,98,100,LIGHT,5,3241.0,3143.0,98,2
FL1577,101,102,MEDIUM,4,3658.0,3557.0,101,1
FL1844,101,103,HEAVY,5,3246.0,3145.0,101,2
FL1158,101,105,LIGHT,8,1913.0,1812.0,101,4
FL1038,102,106,HEAVY,5,3251.0,3149.0,102,4
FL1162,104,108,LIGHT,5,3253.0,3149.0,104,4
FL2089,104,109,MEDIUM,7,2333.0,2229.0,104,5
FL2101,105,111,MEDIUM,1,5021.0,4916.0,105,6
FL1250,106,112,MEDIUM,2,4588.0,4482.0,106,6
FL1920,106,114,LIGHT,7,2335.0,2229.0,106,8
FL1441,107,115,MEDIUM,6,2819.0,2712.0,107,8
FL1580,109,117,MEDIUM,9,109.0,0.0,109,8
FL1782,109,118,MEDIUM,4,3661.0,3552.0,109,9
FL1067,109,120,MEDIUM,7,2338.0,2229.0,109,11
FL1863,110,121,HEAVY,8,1918.0,1808.0,110,11
FL1617,111,123,LIGHT,8,1920.0,1809.0,111,12
FL1492,114,124,MEDIUM,5,3256.0,3142.0,114,10
FL1792,116,126,HEAVY,9,116.0,0.0,116,10
FL1810,124,127,MEDIUM,5,3259.0,3135.0,124,3
FL1903,124,129,LIGHT,3,4124.0,4000.0,124,5
FL1908,125,130,HEAVY,3,4129.0,4004.0,125,5
FL1396,126,132,MEDIUM,5,3262.0,3136.0,126,6
FL1301,126,133,HEAVY,2,4593.0,4467.0,126,7
FL2141,127,135,MEDIUM,9,127.0,0.0,127,8
FL1392,129,136,HEAVY,1,5026.0,4897.0,129,7
FL1125,131,138,LIGHT,3,4131.0,4000.0,131,7
FL1235,132,139,HEAVY,6,2824.0,2692.0,132,7
FL1092,132,141,MEDIUM,8,1923.0,1791.0,132,9
FL2046,134,142,HEAVY,6,2829.0,2695.0,134,8
FL1531,138,144,HEAVY,1,5031.0,4893.0,138,6
FL1112,138,145,HEAVY,3,4136.0,3998.0,138,7
FL1414,140,147,HEAVY,9,140.0,0.0,140,7
FL1373,141,148,HEAVY,4,3666.0,3525.0,141,7
FL1400,141,150,LIGHT,1,5033.0,4892.0,141,9
FL1119,142,151,HEAVY,1,5038.0,4896.0,142,9
FL2070,142,153,HEAVY,9,145.0,3.0,142,11
FL2034,143,154,HEAVY,2,4598.0,4455.0,143,11
FL1210,145,156,MEDIUM,7,2341.0,2196.0,145,11
FL1256,146,157,MEDIUM,1,5041.0,4895.0,146,11
FL1157,148,159,LIGHT,4,3668.0,3520.0,148,11
FL1234,151,160,HEAVY,4,3673.0,3522.0,151,9
FL1796,152,162,HEAVY,1,5046.0,4894.0,152,10
FL1732,152,163,HEAVY,2,4603.0,4451.0,152,11
FL1737,153,165,HEAVY,3,4141.0,3988.0,153,12
FL2073,154,166,HEAVY,5,3267.0,3113.0,154,12
FL2020,154,168,LIGHT,4,3675.0,3521.0,154,14
FL1875,157,169,LIGHT,4,3677.0,3520.0,157,12
FL1181,163,171,MEDIUM,8,1926.0,1763.0,163,8
FL1403,164,172,LIGHT,5,3269.0,3105.0,164,8
FL1141,164,174,HEAVY,7,2346.0,2182.0,164,10
FL1648,168,175,LIGHT,4,3679.0,3511.0,168,7
FL1440,170,177,MEDIUM,6,2832.0,2662.0,170,7
FL1069,173,178,MEDIUM,2,4606.0,4433.0,173,5
FL1380,173,180,MEDIUM,7,2349.0,2176.0,173,7
FL1632,174,181,HEAVY,7,2354.0,2180.0,174,7
FL1334,177,183,MEDIUM,6,2835.0,2658.0,177,6
FL1603,177,184,MEDIUM,4,3682.0,3505.0,177,7
FL1610,183,186,MEDIUM,9,183.0,0.0,183,3
FL1746,185,187,HEAVY,3,4146.0,3961.0,185,2
FL1663,185,189,MEDIUM,9,186.0,1.0,185,4
FL2148,188,190,LIGHT,9,188.0,0.0,188,2
FL1290,191,192,HEAVY,9,193.0,2.0,191,1
FL1485,192,193,HEAVY,3,4151.0,3959.0,192,1
FL1660,195,195,LIGHT,1,5048.0,4853.0,195,0
FL2091,195,196,MEDIUM,8,1929.0,1734.0,195,1
FL1488,196,198,LIGHT,6,2837.0,2641.0,196,2
FL1742,197,199,LIGHT,9,197.0,0.0,197,2
FL1397,200,201,HEAVY,4,3687.0,3487.0,200,1
FL1630,203,203,HEAVY,2,4611.0,4408.0,203,0
FL2052,204,204,LIGHT,3,4153.0,3949.0,204,0
FL1530,207,207,LIGHT,6,2839.0,2632.0,207,0
FL1558,208,208,MEDIUM,3,4156.0,3948.0,208,0
FL1266,210,210,MEDIUM,9,210.0,0.0,210,0
FL1433,210,211,HEAVY,4,3692.0,3482.0,210,1
FL1681,211,213,MEDIUM,3,4159.0,3948.0,211,2
FL1509,215,215,LIGHT,1,5050.0,4835.0,215,0
FL1848,216,216,HEAVY,8,1934.0,1718.0,216,0
FL2199,216,218,HEAVY,1,5055.0,4839.0,216,2
FL1895,217,219,HEAVY,1,5060.0,4843.0,217,2
FL2029,217,221,LIGHT,8,1936.0,1719.0,217,4
FL1233,218,222,HEAVY,9,218.0,0.0,218,4
FL1971,219,224,LIGHT,7,2356.0,2137.0,219,5
FL1877,219,225,LIGHT,9,220.0,1.0,219,6
FL1344,223,227,LIGHT,8,1938.0,1715.0,223,4
FL1036,228,228,MEDIUM,1,5063.0,4835.0,228,0
FL1826,229,230,LIGHT,3,4161.0,3932.0,229,1
FL1108,229,231,LIGHT,6,2841.0,2612.0,229,2
FL2057,230,233,HEAVY,2,4616.0,4386.0,230,3
FL1097,232,234,MEDIUM,2,4619.0,4387.0,232,2
FL1104,233,236,MEDIUM,4,3695.0,3462.0,233,3
FL2044,233,237,MEDIUM,9,233.0,0.0,233,4
FL1295,233,239,LIGHT,4,3697.0,3464.0,233,6
FL1969,234,240,MEDIUM,8,1941.0,1707.0,234,6
FL1088,235,242,MEDIUM,9,236.0,1.0,235,7
FL1575,237,243,LIGHT,8,1943.0,1706.0,237,6
FL1304,239,245,LIGHT,6,2843.0,2604.0,239,6
FL1724,239,246,LIGHT,6,2845.0,2606.0,239,7
FL1208,241,248,HEAVY,2,4624.0,4383.0,241,7
FL1922,243,249,LIGHT,9,243.0,0.0,243,6
FL2002,244,251,HEAVY,2,4629.0,4385.0,244,7
FL1799,247,252,MEDIUM,4,3700.0,3453.0,247,5
FL1172,247,254,HEAVY,8,1948.0,1701.0,247,7
FL1354,247,255,LIGHT,7,2358.0,2111.0,247,8
FL1404,248,257,MEDIUM,7,2361.0,2113.0,248,9
FL1772,248,258,MEDIUM,7,2364.0,2116.0,248,10
FL1474,253,260,MEDIUM,9,253.0,0.0,253,7
FL1645,256,261,HEAVY,8,1953.0,1697.0,256,5
FL1518,258,263,HEAVY,6,2850.0,2592.0,258,5
FL1345,261,264,MEDIUM,6,2853.0,2592.0,261,3
FL1259,263,266,MEDIUM,3,4164.0,3901.0,263,3
FL1065,266,267,MEDIUM,4,3703.0,3437.0,266,1
FL1954,268,269,HEAVY,7,2369.0,2101.0,268,1
FL1934,269,270,LIGHT,5,3271.0,3002.0,269,1
FL2076,269,272,MEDIUM,7,2372.0,2103.0,269,3
FL1996,272,273,MEDIUM,2,4632.0,4360.0,272,1
FL2068,272,275,HEAVY,5,3276.0,3004.0,272,3
FL1455,273,276,LIGHT,8,1955.0,1682.0,273,3
FL1522,276,278,LIGHT,4,3705.0,3429.0,276,2
FL1025,281,281,MEDIUM,6,2856.0,2575.0,281,0
FL1372,282,282,LIGHT,1,5065.0,4783.0,282,0
FL1788,286,286,LIGHT,7,2374.0,2088.0,286,0
FL1333,291,291,HEAVY,2,4637.0,4346.0,291,0
FL1695,292,292,HEAVY,8,1960.0,1668.0,292,0
FL1473,293,294,HEAVY,7,2379.0,2086.0,293,1
FL1425,294,295,LIGHT,8,1962.0,1668.0,294,1
FL1252,297,297,MEDIUM,7,2382.0,2085.0,297,0
FL1924,298,298,MEDIUM,7,2385.0,2087.0,298,0
FL1385,298,300,HEAVY,9,298.0,0.0,298,2
FL1688,304,304,MEDIUM,6,2859.0,2555.0,304,0
FL1246,305,305,LIGHT,4,3707.0,3402.0,305,0
FL1763,306,307,HEAVY,1,5070.0,4764.0,306,1
FL1288,308,308,HEAVY,4,3712.0,3404.0,308,0
FL1236,311,311,MEDIUM,2,4640.0,4329.0,311,0
FL1885,312,312,LIGHT,8,1964.0,1652.0,312,0
FL2055,314,314,LIGHT,1,5072.0,4758.0,314,0
FL1726,314,315,LIGHT,2,4642.0,4328.0,314,1
FL1106,314,317,MEDIUM,5,3279.0,2965.0,314,3
FL1483,316,318,MEDIUM,9,316.0,0.0,316,2
FL1769,318,320,LIGHT,2,4644.0,4326.0,318,2
FL1656,319,321,HEAVY,7,2390.0,2071.0,319,2
FL1363,321,323,HEAVY,5,3284.0,2963.0,321,2
FL1174,323,324,MEDIUM,5,3287.0,2964.0,323,1
FL2062,323,326,MEDIUM,1,5075.0,4752.0,323,3
FL1985,328,328,HEAVY,2,4649.0,4321.0,328,0
FL1469,329,329,HEAVY,5,3292.0,2963.0,329,0
FL1978,331,331,HEAVY,7,2397.0,2066.0,331,0
FL1750,331,332,LIGHT,3,4166.0,3835.0,331,1
FL1592,331,334,LIGHT,7,2392.0,2061.0,331,3
FL1163,332,335,LIGHT,1,5077.0,4745.0,332,3
FL1668,335,337,MEDIUM,4,3715.0,3380.0,335,2
FL1541,336,338,HEAVY,3,4171.0,3835.0,336,2
FL1800,337,340,LIGHT,2,4651.0,4314.0,337,3
FL1028,337,341,HEAVY,9,337.0,0.0,337,4
FL1496,337,343,MEDIUM,9,340.0,3.0,337,6
FL1033,341,344,MEDIUM,3,4174.0,3833.0,341,3
FL1825,342,346,LIGHT,7,2399.0,2057.0,342,4
FL1657,343,347,LIGHT,2,4653.0,4310.0,343,4
FL1368,344,349,MEDIUM,9,344.0,0.0,344,5
FL1476,344,350,MEDIUM,3,4177.0,3833.0,344,6
FL1251,353,353,LIGHT,7,2401.0,2048.0,353,0
FL2107,353,353,MEDIUM,1,5080.0,4727.0,353,0
FL2033,356,356,HEAVY,7,2406.0,2050.0,356,0
FL2145,357,357,HEAVY,8,1969.0,1612.0,357,0
FL1467,357,359,HEAVY,9,357.0,0.0,357,2
FL1128,359,360,HEAVY,8,1974.0,1615.0,359,1
FL1839,359,362,HEAVY,5,3297.0,2938.0,359,3
FL2146,361,363,HEAVY,4,3720.0,3359.0,361,2
FL1516,365,365,MEDIUM,8,1977.0,1612.0,365,0
FL1247,365,366,LIGHT,5,3299.0,2934.0,365,1
FL1639,368,368,HEAVY,9,368.0,0.0,368,0
FL1048,369,369,MEDIUM,3,4180.0,3811.0,369,0
FL1622,369,371,LIGHT,8,1979.0,1610.0,369,2
FL1606,370,372,LIGHT,8,1981.0,1611.0,370,2
FL1689,370,374,MEDIUM,9,371.0,1.0,370,4
FL1167,373,375,LIGHT,2,4655.0,4282.0,373,2
FL1756,374,377,MEDIUM,3,4183.0,3809.0,374,3
FL1417,377,378,MEDIUM,6,2862.0,2485.0,377,1
FL1685,379,380,LIGHT,7,2408.0,2029.0,379,1
FL1842,380,381,MEDIUM,5,3302.0,2922.0,380,1
FL2159,381,383,MEDIUM,4,3723.0,3342.0,381,2
FL1949,381,384,MEDIUM,8,1984.0,1603.0,381,3
FL1812,381,386,LIGHT,5,3304.0,2923.0,381,5
FL2123,381,387,HEAVY,6,2867.0,2486.0,381,6
FL2153,383,389,LIGHT,8,1986.0,1603.0,383,6
FL1539,386,390,MEDIUM,6,2870.0,2484.0,386,4
FL1930,387,392,LIGHT,7,2410.0,2023.0,387,5
FL1343,387,393,LIGHT,3,4185.0,3798.0,387,6
FL1513,388,395,MEDIUM,1,5083.0,4695.0,388,7
FL1015,392,396,LIGHT,3,4187.0,3795.0,392,4
FL1874,394,398,HEAVY,8,1991.0,1597.0,394,4
FL1894,396,399,HEAVY,7,2415.0,2019.0,396,3
FL1034,397,401,LIGHT,3,4189.0,3792.0,397,4
FL1064,399,402,LIGHT,1,5085.0,4686.0,399,3
FL1248,401,404,LIGHT,3,4191.0,3790.0,401,3
FL1362,401,405,MEDIUM,5,3307.0,2906.0,401,4
FL1175,401,407,HEAVY,8,1996.0,1595.0,401,6
FL1207,403,408,HEAVY,6,2875.0,2472.0,403,5
FL1546,404,410,LIGHT,3,4193.0,3789.0,404,6
FL2065,404,411,MEDIUM,4,3726.0,3322.0,404,7
FL2026,405,413,HEAVY,5,3312.0,2907.0,405,8
FL1620,406,414,HEAVY,6,2880.0,2474.0,406,8
FL1702,406,416,LIGHT,1,5087.0,4681.0,406,10
FL2158,412,417,HEAVY,6,2885.0,2473.0,412,5
FL1787,412,419,HEAVY,9,412.0,0.0,412,7
FL1422,414,420,HEAVY,8,2001.0,1587.0,414,6
FL1757,417,422,HEAVY,8,2006.0,1589.0,417,5
FL1995,418,423,HEAVY,5,3317.0,2899.0,418,5
FL1841,421,425,HEAVY,1,5092.0,4671.0,421,4
FL1189,426,426,LIGHT,5,3319.0,2893.0,426,0
FL1332,427,428,MEDIUM,5,3322.0,2895.0,427,1
FL1263,428,429,HEAVY,8,2011.0,1583.0,428,1
FL1427,431,431,MEDIUM,3,4196.0,3765.0,431,0
FL2180,432,432,HEAVY,5,3327.0,2895.0,432,0
FL2183,434,434,LIGHT,9,434.0,0.0,434,0
FL1420,440,440,HEAVY,3,4201.0,3761.0,440,0
FL1721,440,440,LIGHT,1,5094.0,4654.0,440,0
FL1652,441,443,HEAVY,4,3731.0,3290.0,441,2
FL2177,442,443,MEDIUM,7,2418.0,1976.0,442,1
FL1984,446,446,HEAVY,7,2423.0,1977.0,446,0
FL1532,450,450,MEDIUM,2,4658.0,4208.0,450,0
FL1491,452,452,LIGHT,3,4203.0,3751.0,452,0
FL1554,455,455,HEAVY,6,2890.0,2435.0,455,0
FL1444,456,456,HEAVY,7,2428.0,1972.0,456,0
FL1061,458,458,LIGHT,1,5096.0,4638.0,458,0
FL2179,460,460,HEAVY,5,3332.0,2872.0,460,0
FL1609,460,461,HEAVY,2,4663.0,4203.0,460,1
FL1260,461,463,MEDIUM,3,4206.0,3745.0,461,2
FL2035,462,464,MEDIUM,5,3335.0,2873.0,462,2
FL1990,463,466,MEDIUM,9,463.0,0.0,463,3
FL1716,467,467,HEAVY,4,3736.0,3269.0,467,0
FL1145,469,469,LIGHT,7,2430.0,1961.0,469,0
FL1446,471,471,MEDIUM,4,3739.0,3268.0,471,0
FL1814,472,472,LIGHT,7,2432.0,1960.0,472,0
FL1942,474,474,HEAVY,9,474.0,0.0,474,0
FL1310,474,475,HEAVY,7,2437.0,1963.0,474,1
FL1003,477,477,LIGHT,3,4208.0,3731.0,477,0
FL1897,478,478,LIGHT,2,4665.0,4187.0,478,0
FL2112,478,480,MEDIUM,9,478.0,0.0,478,2
FL1591,481,481,LIGHT,1,5098.0,4617.0,481,0
FL1783,484,484,MEDIUM,6,2893.0,2409.0,484,0
FL1545,487,487,HEAVY,7,2442.0,1955.0,487,0
FL1041,489,489,MEDIUM,1,5101.0,4612.0,489,0
FL1201,491,491,MEDIUM,9,491.0,0.0,491,0
FL1643,491,492,LIGHT,4,3741.0,3250.0,491,1
FL2133,495,495,MEDIUM,3,4211.0,3716.0,495,0
FL1050,512,512,MEDIUM,6,2896.0,2384.0,512,0
FL1116,514,514,MEDIUM,8,2014.0,1500.0,514,0
FL1228,515,515,MEDIUM,4,3744.0,3229.0,515,0
FL1267,517,517,HEAVY,7,2447.0,1930.0,517,0
FL1981,517,518,HEAVY,7,2452.0,1935.0,517,1
FL1789,518,520,MEDIUM,7,2455.0,1937.0,518,2
FL2143,520,521,MEDIUM,2,4668.0,4148.0,520,1
FL1497,521,523,HEAVY,9,521.0,0.0,521,2
FL1818,522,524,LIGHT,5,3337.0,2815.0,522,2
FL2104,525,526,HEAVY,2,4673.0,4148.0,525,1
FL1203,526,527,MEDIUM,7,2458.0,1932.0,526,1
FL1953,527,529,HEAVY,5,3342.0,2815.0,527,2
FL1893,531,531,MEDIUM,2,4676.0,4145.0,531,0
FL1222,531,532,HEAVY,1,5106.0,4575.0,531,1
FL1111,532,534,LIGHT,1,5108.0,4576.0,532,2
FL1813,532,535,HEAVY,8,2019.0,1487.0,532,3
FL1919,535,537,HEAVY,1,5118.0,4583.0,535,2
FL1728,535,538,HEAVY,1,5113.0,4578.0,535,3
FL1888,535,540,LIGHT,7,2460.0,1925.0,535,5
FL1793,536,541,LIGHT,5,3349.0,2813.0,536,5
FL1356,536,543,HEAVY,5,3347.0,2811.0,536,7
FL1884,537,544,LIGHT,3,4213.0,3676.0,537,7
FL2186,540,546,MEDIUM,9,540.0,0.0,540,6
FL1305,542,547,LIGHT,4,3746.0,3204.0,542,5
FL1296,543,549,LIGHT,5,3351.0,2808.0,543,6
FL1413,544,550,LIGHT,1,5120.0,4576.0,544,6
FL1815,545,552,MEDIUM,1,5123.0,4578.0,545,7
FL1421,546,553,MEDIUM,4,3749.0,3203.0,546,7
FL1892,546,555,HEAVY,7,2465.0,1919.0,546,9
FL1830,546,556,HEAVY,8,2024.0,1478.0,546,10
FL1093,549,558,HEAVY,2,4681.0,4132.0,549,9
FL2166,550,559,LIGHT,8,2026.0,1476.0,550,9
FL1619,551,561,LIGHT,1,5125.0,4574.0,551,10
FL1791,554,562,MEDIUM,1,5128.0,4574.0,554,8
FL1968,557,564,HEAVY,1,5133.0,4576.0,557,7
FL1438,558,565,HEAVY,6,2901.0,2343.0,558,7
FL2105,559,567,MEDIUM,5,3354.0,2795.0,559,8
FL2000,562,568,HEAVY,4,3754.0,3192.0,562,6
FL1177,566,570,LIGHT,8,2028.0,1462.0,566,4
FL2096,568,571,HEAVY,9,568.0,0.0,568,3
FL2195,569,573,MEDIUM,2,4684.0,4115.0,569,4
FL1576,570,574,MEDIUM,7,2468.0,1898.0,570,4
FL1045,575,576,HEAVY,6,2906.0,2331.0,575,1
FL2149,580,580,LIGHT,5,3356.0,2776.0,580,0
FL1017,581,581,HEAVY,9,581.0,0.0,581,0
FL1209,589,589,MEDIUM,6,2909.0,2320.0,589,0
FL1240,589,589,HEAVY,4,3759.0,3170.0,589,0
FL1801,589,592,LIGHT,3,4215.0,3626.0,589,3
FL2080,594,594,HEAVY,8,2033.0,1439.0,594,0
FL2095,596,596,LIGHT,3,4217.0,3621.0,596,0
FL1459,596,597,MEDIUM,6,2912.0,2316.0,596,1
FL1105,597,599,HEAVY,5,3361.0,2764.0,597,2
FL1808,598,600,LIGHT,3,4219.0,3621.0,598,2
FL1285,598,602,MEDIUM,7,2471.0,1873.0,598,4
FL1687,600,603,MEDIUM,6,2915.0,2315.0,600,3
FL1736,602,605,HEAVY,9,602.0,0.0,602,3
FL2039,603,606,MEDIUM,1,5136.0,4533.0,603,3
FL2111,603,608,LIGHT,1,5138.0,4535.0,603,5
FL2140,605,609,HEAVY,4,3764.0,3159.0,605,4
FL2007,605,611,LIGHT,2,4686.0,4081.0,605,6
FL1463,607,612,HEAVY,3,4224.0,3617.0,607,5
FL1794,609,614,HEAVY,9,609.0,0.0,609,5
FL1858,611,615,HEAVY,1,5143.0,4532.0,611,4
FL1766,612,617,MEDIUM,6,2918.0,2306.0,612,5
FL1014,612,618,MEDIUM,3,4227.0,3615.0,612,6
FL1359,613,620,MEDIUM,3,4230.0,3617.0,613,7
FL1543,618,621,MEDIUM,2,4689.0,4071.0,618,3
FL1654,619,623,LIGHT,4,3766.0,3147.0,619,4
FL1230,620,624,HEAVY,4,3771.0,3151.0,620,4
FL1261,623,626,HEAVY,1,5148.0,4525.0,623,3
FL1107,623,627,MEDIUM,8,2036.0,1413.0,623,4
FL2079,627,629,MEDIUM,6,2921.0,2294.0,627,2
FL1470,627,630,HEAVY,8,2041.0,1414.0,627,3
FL2109,628,632,HEAVY,2,4694.0,4066.0,628,4
FL1525,629,633,MEDIUM,7,2474.0,1845.0,629,4
FL1166,629,635,HEAVY,3,4235.0,3606.0,629,6
FL1211,634,636,HEAVY,6,2926.0,2292.0,634,2
FL1529,636,638,LIGHT,3,4237.0,3601.0,636,2
FL2032,640,640,LIGHT,7,2476.0,1836.0,640,0
FL1590,641,641,MEDIUM,1,5151.0,4510.0,641,0
FL2136,641,643,LIGHT,5,3363.0,2722.0,641,2
FL1694,643,644,MEDIUM,4,3774.0,3131.0,643,1
FL1004,647,647,HEAVY,7,2481.0,1834.0,647,0
FL1445,647,647,LIGHT,9,647.0,0.0,647,0
FL1358,647,650,LIGHT,7,2483.0,1836.0,647,3
FL1109,647,650,HEAVY,8,2046.0,1399.0,647,3
FL1979,649,653,MEDIUM,7,2486.0,1837.0,649,4
FL1286,653,653,MEDIUM,8,2049.0,1396.0,653,0
FL1650,656,656,MEDIUM,6,2929.0,2273.0,656,0
FL1882,657,657,HEAVY,8,2054.0,1397.0,657,0
FL1771,658,659,MEDIUM,3,4240.0,3582.0,658,1
FL1164,660,660,LIGHT,5,3365.0,2705.0,660,0
FL1948,661,662,MEDIUM,6,2932.0,2271.0,661,1
FL1468,662,663,MEDIUM,3,4243.0,3581.0,662,1
FL2191,664,665,MEDIUM,8,2057.0,1393.0,664,1
FL1670,665,666,LIGHT,5,3367.0,2702.0,665,1
FL1725,666,668,LIGHT,7,2488.0,1822.0,666,2
FL1743,667,669,MEDIUM,7,2491.0,1824.0,667,2
FL2036,668,671,LIGHT,5,3369.0,2701.0,668,3
FL2006,671,672,LIGHT,7,2493.0,1822.0,671,1
FL1138,671,674,HEAVY,8,2062.0,1391.0,671,3
FL2087,672,675,LIGHT,7,2495.0,1823.0,672,3
FL1931,674,677,HEAVY,1,5156.0,4482.0,674,3
FL1439,674,678,LIGHT,6,2934.0,2260.0,674,4
FL1906,675,680,HEAVY,1,5161.0,4486.0,675,5
FL1078,678,681,MEDIUM,2,4697.0,4019.0,678,3
FL1273,678,683,HEAVY,3,4248.0,3570.0,678,5
FL1820,678,684,LIGHT,7,2497.0,1819.0,678,6
FL1340,680,686,LIGHT,9,680.0,0.0,680,6
FL1672,684,687,LIGHT,2,4699.0,4015.0,684,3
FL1086,684,689,MEDIUM,1,5164.0,4480.0,684,5
FL1302,686,690,HEAVY,3,4253.0,3567.0,686,4
FL1680,687,692,HEAVY,9,687.0,0.0,687,5
FL2047,689,693,LIGHT,6,2936.0,2247.0,689,4
FL1929,691,695,MEDIUM,2,4702.0,4011.0,691,4
FL1057,693,696,HEAVY,1,5169.0,4476.0,693,3
FL1232,694,698,MEDIUM,4,3777.0,3083.0,694,4
FL2097,699,699,HEAVY,2,4707.0,4008.0,699,0
FL1947,700,701,MEDIUM,1,5172.0,4472.0,700,1
FL1618,700,702,LIGHT,2,4709.0,4009.0,700,2
FL1604,701,704,LIGHT,3,4255.0,3554.0,701,3
FL1961,704,705,LIGHT,3,4257.0,3553.0,704,1
FL1307,706,707,LIGHT,7,2499.0,1793.0,706,1
FL1051,707,708,HEAVY,6,2941.0,2234.0,707,1
FL1084,710,710,HEAVY,6,2946.0,2236.0,710,0
FL1880,710,711,MEDIUM,3,4260.0,3550.0,710,1
FL1753,711,713,LIGHT,3,4262.0,3551.0,711,2
FL1243,713,714,HEAVY,3,4267.0,3554.0,713,1
FL2019,714,716,MEDIUM,1,5175.0,4461.0,714,2
FL1520,715,717,HEAVY,2,4714.0,3999.0,715,2
FL2067,716,719,HEAVY,7,2504.0,1788.0,716,3
FL1638,716,720,HEAVY,5,3374.0,2658.0,716,4
FL1085,717,722,LIGHT,1,5177.0,4460.0,717,5
FL1514,722,723,HEAVY,6,2951.0,2229.0,722,1
FL1544,722,725,HEAVY,5,3379.0,2657.0,722,3
FL1871,725,726,HEAVY,1,5182.0,4457.0,725,1
FL1100,726,728,MEDIUM,7,2507.0,1781.0,726,2
FL1350,726,729,MEDIUM,6,2954.0,2228.0,726,3
FL1292,728,731,HEAVY,1,5187.0,4459.0,728,3
FL1599,733,733,HEAVY,8,2067.0,1334.0,733,0
FL1219,734,734,MEDIUM,4,3780.0,3046.0,734,0
FL1540,735,736,HEAVY,1,5192.0,4457.0,735,1
FL1183,737,737,MEDIUM,9,737.0,0.0,737,0
FL1090,738,739,MEDIUM,2,4717.0,3979.0,738,1
FL1684,743,743,MEDIUM,1,5195.0,4452.0,743,0
FL2129,745,745,MEDIUM,8,2070.0,1325.0,745,0
FL1862,748,748,LIGHT,9,748.0,0.0,748,0
FL2181,748,748,HEAVY,3,4272.0,3524.0,748,0
FL2040,753,753,LIGHT,1,5197.0,4444.0,753,0
FL2016,753,753,LIGHT,6,2956.0,2203.0,753,0
FL2155,754,756,MEDIUM,7,2510.0,1756.0,754,2
FL1068,754,756,HEAVY,1,5202.0,4448.0,754,2
FL1080,755,759,HEAVY,3,4277.0,3522.0,755,4
FL1982,756,759,LIGHT,1,5204.0,4448.0,756,3
FL1625,757,762,HEAVY,9,757.0,0.0,757,5
FL2098,760,762,MEDIUM,4,3783.0,3023.0,760,2
FL1593,761,765,LIGHT,1,5206.0,4445.0,761,4
FL1316,767,767,MEDIUM,2,4720.0,3953.0,767,0
FL1887,770,770,HEAVY,4,3788.0,3018.0,770,0
FL1673,771,771,MEDIUM,1,5209.0,4438.0,771,0
FL2100,771,773,HEAVY,1,5214.0,4443.0,771,2
FL2017,771,774,MEDIUM,6,2959.0,2188.0,771,3
FL2003,772,776,LIGHT,1,5216.0,4444.0,772,4
FL1845,774,777,HEAVY,2,4725.0,3951.0,774,3
FL2021,775,779,MEDIUM,2,4728.0,3953.0,775,4
FL1114,778,780,LIGHT,8,2072.0,1294.0,778,2
FL1006,778,782,LIGHT,1,5218.0,4440.0,778,4
FL1005,779,783,HEAVY,2,4733.0,3954.0,779,4
FL1594,780,785,HEAVY,5,3384.0,2604.0,780,5
FL2030,781,786,LIGHT,4,3790.0,3009.0,781,5
FL1280,781,788,MEDIUM,2,4736.0,3955.0,781,7
FL1341,781,789,MEDIUM,8,2075.0,1294.0,781,8
FL1130,782,791,HEAVY,5,3389.0,2607.0,782,9
FL2172,784,792,HEAVY,2,4741.0,3957.0,784,8
FL2053,785,794,MEDIUM,4,3793.0,3008.0,785,9
FL1480,786,795,LIGHT,9,786.0,0.0,786,9
FL1865,790,797,HEAVY,2,4746.0,3956.0,790,7
FL1549,790,798,MEDIUM,1,5221.0,4431.0,790,8
FL2014,794,800,MEDIUM,9,794.0,0.0,794,6
FL1098,795,801,LIGHT,9,796.0,1.0,795,6
FL1457,796,803,HEAVY,2,4751.0,3955.0,796,7
FL1269,802,804,HEAVY,6,2964.0,2162.0,802,2
FL1819,804,806,MEDIUM,6,2967.0,2163.0,804,2
FL1987,804,807,HEAVY,2,4756.0,3952.0,804,3
FL1148,805,809,MEDIUM,9,805.0,0.0,805,4
FL1152,808,810,MEDIUM,2,4759.0,3951.0,808,2
FL1102,809,812,LIGHT,9,809.0,0.0,809,3
FL1945,812,813,LIGHT,9,812.0,0.0,812,1
FL1147,816,816,LIGHT,2,4761.0,3945.0,816,0
FL1765,818,818,HEAVY,8,2080.0,1262.0,818,0
FL1406,820,820,LIGHT,7,2512.0,1692.0,820,0
FL1155,821,821,MEDIUM,1,5224.0,4403.0,821,0
FL2024,822,823,LIGHT,8,2082.0,1260.0,822,1
FL2037,823,824,HEAVY,9,823.0,0.0,823,1
FL1600,823,826,HEAVY,1,5229.0,4406.0,823,3
FL1873,824,827,MEDIUM,2,4764.0,3940.0,824,3
FL1131,826,829,LIGHT,6,2969.0,2143.0,826,3
FL1918,826,830,MEDIUM,7,2515.0,1689.0,826,4
FL1553,827,832,MEDIUM,2,4767.0,3940.0,827,5
FL1526,828,833,MEDIUM,9,828.0,0.0,828,5
FL1073,828,835,HEAVY,7,2520.0,1692.0,828,7
FL1980,831,836,MEDIUM,9,831.0,0.0,831,5
FL1142,834,838,LIGHT,3,4279.0,3445.0,834,4
FL1271,835,839,MEDIUM,7,2523.0,1688.0,835,4
FL1046,837,841,MEDIUM,5,3392.0,2555.0,837,4
FL1321,838,842,HEAVY,2,4772.0,3934.0,838,4
FL1962,838,844,HEAVY,4,3798.0,2960.0,838,6
FL2051,840,845,HEAVY,2,4777.0,3937.0,840,5
FL2081,840,847,MEDIUM,5,3395.0,2555.0,840,7
FL1957,842,848,LIGHT,6,2971.0,2129.0,842,6
FL2198,844,850,HEAVY,7,2528.0,1684.0,844,6
FL1886,845,851,LIGHT,6,2978.0,2133.0,845,6
FL1662,845,853,HEAVY,6,2976.0,2131.0,845,8
FL2001,847,854,HEAVY,9,847.0,0.0,847,7
FL1921,847,856,LIGHT,3,4281.0,3434.0,847,9
FL1864,850,857,MEDIUM,3,4284.0,3434.0,850,7
FL1486,851,859,LIGHT,8,2084.0,1233.0,851,8
FL2120,853,860,HEAVY,3,4289.0,3436.0,853,7
FL1355,855,862,LIGHT,4,3800.0,2945.0,855,7
FL1149,855,863,HEAVY,8,2089.0,1234.0,855,8
FL1850,856,865,HEAVY,2,4782.0,3926.0,856,9
FL1191,857,866,LIGHT,6,2980.0,2123.0,857,9
FL1556,860,868,LIGHT,1,5231.0,4371.0,860,8
FL1255,860,869,MEDIUM,8,2092.0,1232.0,860,9
FL1994,862,871,LIGHT,1,5233.0,4371.0,862,9
FL1829,863,872,MEDIUM,7,2531.0,1668.0,863,9
FL1515,865,874,HEAVY,9,865.0,0.0,865,9
FL1846,866,875,HEAVY,7,2536.0,1670.0,866,9
FL1063,866,877,MEDIUM,1,5236.0,4370.0,866,11
FL1318,867,878,HEAVY,4,3805.0,2938.0,867,11
FL1401,867,880,LIGHT,1,5238.0,4371.0,867,13
FL1802,870,881,MEDIUM,7,2539.0,1669.0,870,11
FL1816,871,883,MEDIUM,2,4785.0,3914.0,871,12
FL2135,872,884,MEDIUM,4,3808.0,2936.0,872,12
FL1314,873,886,MEDIUM,6,2983.0,2110.0,873,13
FL1613,877,887,LIGHT,7,2541.0,1664.0,877,10
FL1840,878,889,HEAVY,7,2546.0,1668.0,878,11
FL1196,879,890,LIGHT,7,2548.0,1669.0,879,11
FL2124,881,892,HEAVY,5,3400.0,2519.0,881,11
FL1612,881,893,LIGHT,9,881.0,0.0,881,12
FL1773,882,895,HEAVY,5,3405.0,2523.0,882,13
FL1374,883,896,LIGHT,4,3810.0,2927.0,883,13
FL1101,884,898,LIGHT,7,2550.0,1666.0,884,14
FL1946,886,899,LIGHT,3,4291.0,3405.0,886,13
FL1426,888,901,LIGHT,9,888.0,0.0,888,13
FL1300,892,902,LIGHT,1,5240.0,4348.0,892,10
FL1225,892,904,HEAVY,2,4790.0,3898.0,892,12
FL2045,893,905,MEDIUM,8,2095.0,1202.0,893,12
FL1253,894,907,LIGHT,6,2985.0,2091.0,894,13
FL1555,895,908,LIGHT,4,3812.0,2917.0,895,13
FL1901,895,910,HEAVY,4,3817.0,2922.0,895,15
FL1213,900,911,MEDIUM,6,2988.0,2088.0,900,11
FL1095,901,913,HEAVY,3,4296.0,3395.0,901,12
FL1043,902,914,HEAVY,4,3822.0,2920.0,902,12
FL1561,903,916,HEAVY,2,4795.0,3892.0,903,13
FL1411,908,917,MEDIUM,5,3408.0,2500.0,908,9
FL2193,913,919,MEDIUM,8,2098.0,1185.0,913,6
FL1975,916,920,HEAVY,9,916.0,0.0,916,4
FL1860,918,922,MEDIUM,9,919.0,1.0,918,4
FL1607,920,923,MEDIUM,9,922.0,2.0,920,3
FL1564,920,925,HEAVY,7,2555.0,1635.0,920,5
FL1870,921,926,HEAVY,3,4301.0,3380.0,921,5
FL1951,923,928,MEDIUM,3,4304.0,3381.0,923,5
FL1822,923,929,MEDIUM,8,2101.0,1178.0,923,6
FL1471,924,931,HEAVY,4,3827.0,2903.0,924,7
FL1347,925,932,MEDIUM,7,2558.0,1633.0,925,7
FL1217,927,934,LIGHT,3,4306.0,3379.0,927,7
FL1941,928,935,HEAVY,1,5245.0,4317.0,928,7
FL1074,929,937,HEAVY,6,2993.0,2064.0,929,8
FL1574,930,938,LIGHT,5,3410.0,2480.0,930,8
FL1200,933,940,MEDIUM,3,4309.0,3376.0,933,7
FL1221,933,941,LIGHT,3,4311.0,3378.0,933,8
FL1651,933,943,LIGHT,3,4313.0,3380.0,933,10
FL1999,934,944,LIGHT,7,2560.0,1626.0,934,10
FL1581,939,946,LIGHT,7,2562.0,1623.0,939,7
FL1176,940,947,MEDIUM,7,2565.0,1625.0,940,7
FL1409,940,949,HEAVY,1,5250.0,4310.0,940,9
FL1352,942,950,MEDIUM,9,942.0,0.0,942,8
FL1461,945,952,MEDIUM,5,3413.0,2468.0,945,7
FL1511,947,953,MEDIUM,1,5253.0,4306.0,947,6
FL1124,951,955,LIGHT,8,2103.0,1152.0,951,4
FL1939,953,956,MEDIUM,9,953.0,0.0,953,3
FL1134,954,958,LIGHT,3,4315.0,3361.0,954,4
FL1745,955,959,MEDIUM,8,2106.0,1151.0,955,4
FL1790,956,961,HEAVY,3,4320.0,3364.0,956,5
FL1635,960,962,HEAVY,9,960.0,0.0,960,2
FL1805,965,965,HEAVY,2,4800.0,3835.0,965,0
FL1521,966,966,HEAVY,4,3832.0,2866.0,966,0
FL2048,966,968,HEAVY,6,2998.0,2032.0,966,2
FL1714,968,969,HEAVY,2,4805.0,3837.0,968,1
FL1905,970,971,HEAVY,2,4810.0,3840.0,970,1
FL1044,972,972,LIGHT,2,4812.0,3840.0,972,0
FL1519,973,974,MEDIUM,9,973.0,0.0,973,1
FL1890,973,975,HEAVY,8,2111.0,1138.0,973,2
FL1185,973,977,HEAVY,1,5258.0,4285.0,973,4
FL1597,975,978,HEAVY,8,2116.0,1141.0,975,3
FL1184,975,980,LIGHT,5,3415.0,2440.0,975,5
FL1631,976,981,MEDIUM,6,3001.0,2025.0,976,5
FL1447,979,983,LIGHT,6,3003.0,2024.0,979,4
FL2099,979,984,MEDIUM,5,3418.0,2439.0,979,5
FL1585,981,986,HEAVY,6,3008.0,2027.0,981,5
FL1169,982,987,LIGHT,8,2118.0,1136.0,982,5
FL1431,982,989,HEAVY,1,5263.0,4281.0,982,7
FL1900,987,990,HEAVY,3,4325.0,3338.0,987,3
FL1833,988,992,LIGHT,8,2120.0,1132.0,988,4
FL1915,988,993,LIGHT,5,3420.0,2432.0,988,5
FL1258,991,995,LIGHT,9,991.0,0.0,991,4
FL1658,992,996,LIGHT,5,3422.0,2430.0,992,4
FL1776,992,998,LIGHT,4,3834.0,2842.0,992,6
FL1192,997,999,LIGHT,5,3424.0,2427.0,997,2
FL2012,1003,1003,LIGHT,8,2122.0,1119.0,1003,0
FL1983,1004,1004,MEDIUM,4,3837.0,2833.0,1004,0
FL1449,1006,1006,LIGHT,1,5265.0,4259.0,1006,0
FL1139,1010,1010,MEDIUM,1,5268.0,4258.0,1010,0
FL1843,1016,1016,LIGHT,2,4814.0,3798.0,1016,0
FL1405,1019,1019,MEDIUM,1,5271.0,4252.0,1019,0
FL1012,1020,1020,LIGHT,9,1020.0,0.0,1020,0
FL1156,1021,1022,LIGHT,1,5273.0,4252.0,1021,1
FL1972,1026,1026,HEAVY,5,3429.0,2403.0,1026,0
FL1760,1028,1028,MEDIUM,9,1028.0,0.0,1028,0
FL1634,1030,1030,LIGHT,3,4327.0,3297.0,1030,0
FL1505,1032,1032,HEAVY,4,3842.0,2810.0,1032,0
FL2090,1034,1034,HEAVY,3,4332.0,3298.0,1034,0
FL1274,1034,1035,MEDIUM,9,1034.0,0.0,1034,1
FL2028,1035,1037,HEAVY,1,5278.0,4243.0,1035,2
FL1291,1037,1038,MEDIUM,8,2125.0,1088.0,1037,1
FL1056,1039,1040,LIGHT,2,4816.0,3777.0,1039,1
FL1153,1041,1041,HEAVY,6,3013.0,1972.0,1041,0
FL1682,1045,1045,LIGHT,7,2567.0,1522.0,1045,0
FL1231,1045,1045,HEAVY,1,5283.0,4238.0,1045,0
FL1770,1045,1048,HEAVY,1,5288.0,4243.0,1045,3
FL2168,1046,1048,MEDIUM,6,3021.0,1975.0,1046,2
FL1973,1046,1051,HEAVY,6,3018.0,1972.0,1046,5
FL1733,1048,1051,LIGHT,9,1048.0,0.0,1048,3
FL1974,1051,1054,HEAVY,9,1053.0,2.0,1051,3
FL1277,1052,1054,HEAVY,2,4821.0,3769.0,1052,2
FL1856,1053,1057,HEAVY,9,1058.0,5.0,1053,4
FL1602,1055,1057,MEDIUM,7,2570.0,1515.0,1055,2
FL1960,1058,1060,MEDIUM,3,4335.0,3277.0,1058,2
FL1993,1063,1063,HEAVY,3,4340.0,3277.0,1063,0
FL1665,1064,1064,MEDIUM,1,5291.0,4227.0,1064,0
FL1683,1066,1066,LIGHT,6,3023.0,1957.0,1066,0
FL1118,1067,1067,MEDIUM,8,2128.0,1061.0,1067,0
FL1598,1067,1069,LIGHT,7,2572.0,1505.0,1067,2
FL1904,1067,1070,LIGHT,3,4342.0,3275.0,1067,3
FL1785,1070,1072,MEDIUM,1,5294.0,4224.0,1070,2
FL2005,1070,1073,LIGHT,6,3025.0,1955.0,1070,3
FL1700,1071,1075,MEDIUM,3,4345.0,3274.0,1071,4
FL1560,1073,1076,LIGHT,8,2130.0,1057.0,1073,3
FL1727,1075,1078,LIGHT,6,3027.0,1952.0,1075,3
FL1096,1075,1079,HEAVY,5,3434.0,2359.0,1075,4
FL1883,1076,1081,LIGHT,5,3436.0,2360.0,1076,5
FL1861,1080,1082,LIGHT,1,5296.0,4216.0,1080,2
FL1916,1081,1084,MEDIUM,9,1081.0,0.0,1081,3
FL1932,1083,1085,LIGHT,7,2574.0,1491.0,1083,2
FL2151,1084,1087,MEDIUM,7,2577.0,1493.0,1084,3
FL1011,1088,1088,LIGHT,1,5298.0,4210.0,1088,0
FL2102,1088,1090,HEAVY,5,3441.0,2353.0,1088,2
FL2185,1091,1091,HEAVY,6,3032.0,1941.0,1091,0
FL1718,1092,1093,LIGHT,2,4823.0,3731.0,1092,1
FL1935,1092,1094,MEDIUM,9,1092.0,0.0,1092,2
FL1329,1095,1096,LIGHT,2,4825.0,3730.0,1095,1
FL1342,1096,1097,HEAVY,8,2135.0,1039.0,1096,1
FL1398,1096,1099,HEAVY,1,5303.0,4207.0,1096,3
FL1664,1097,1100,MEDIUM,9,1097.0,0.0,1097,3
FL1087,1097,1102,MEDIUM,2,4828.0,3731.0,1097,5
FL1262,1097,1103,LIGHT,4,3844.0,2747.0,1097,6
FL1324,1098,1105,MEDIUM,4,3847.0,2749.0,1098,7
FL1563,1098,1106,HEAVY,7,2582.0,1484.0,1098,8
FL1730,1100,1108,MEDIUM,8,2138.0,1038.0,1100,8
FL2187,1103,1109,LIGHT,4,3849.0,2746.0,1103,6
FL1666,1104,1111,HEAVY,5,3446.0,2342.0,1104,7
FL1465,1105,1112,HEAVY,2,4833.0,3728.0,1105,7
FL1849,1106,1114,LIGHT,4,3856.0,2750.0,1106,8
FL1282,1106,1115,HEAVY,4,3854.0,2748.0,1106,9
FL1382,1107,1117,HEAVY,3,4350.0,3243.0,1107,10
FL1768,1108,1118,LIGHT,1,5305.0,4197.0,1108,10
FL1384,1108,1120,LIGHT,5,3448.0,2340.0,1108,12
FL2083,1108,1121,MEDIUM,1,5308.0,4200.0,1108,13
FL1797,1109,1123,HEAVY,1,5313.0,4204.0,1109,14
FL1371,1110,1124,MEDIUM,6,3035.0,1925.0,1110,14
FL1136,1110,1126,HEAVY,4,3861.0,2751.0,1110,16
FL1146,1111,1127,HEAVY,3,4355.0,3244.0,1111,16
FL2164,1114,1129,MEDIUM,8,2141.0,1027.0,1114,15
FL1633,1117,1130,MEDIUM,2,4836.0,3719.0,1117,13
FL1482,1119,1132,LIGHT,6,3037.0,1918.0,1119,13
FL1493,1122,1133,HEAVY,5,3453.0,2331.0,1122,11
FL1573,1123,1135,LIGHT,2,4838.0,3715.0,1123,12
FL1066,1124,1136,HEAVY,4,3866.0,2742.0,1124,12
FL1744,1125,1138,LIGHT,6,3039.0,1914.0,1125,13
FL1197,1126,1139,HEAVY,7,2587.0,1461.0,1126,13
FL1535,1126,1141,HEAVY,1,5318.0,4192.0,1126,15
FL1047,1128,1142,MEDIUM,4,3869.0,2741.0,1128,14
FL2009,1130,1144,LIGHT,9,1130.0,0.0,1130,14
FL1000,1130,1145,HEAVY,8,2146.0,1016.0,1130,15
FL1659,1132,1147,MEDIUM,8,2149.0,1017.0,1132,15
FL1832,1134,1148,MEDIUM,5,3456.0,2322.0,1134,14
FL1674,1137,1150,MEDIUM,7,2590.0,1453.0,1137,13
FL1335,1137,1151,MEDIUM,2,4841.0,3704.0,1137,14
FL1566,1138,1153,LIGHT,8,2151.0,1013.0,1138,15
FL2011,1138,1154,LIGHT,6,3041.0,1903.0,1138,16
FL2049,1138,1156,MEDIUM,1,5321.0,4183.0,1138,18
FL1319,1139,1157,LIGHT,9,1139.0,0.0,1139,18
FL1039,1139,1159,HEAVY,5,3461.0,2322.0,1139,20
FL1315,1146,1160,HEAVY,3,4360.0,3214.0,1146,14
FL2074,1150,1162,MEDIUM,8,2154.0,1004.0,1150,12
FL1026,1150,1163,MEDIUM,3,4363.0,3213.0,1150,13
FL1308,1152,1165,LIGHT,8,2156.0,1004.0,1152,13
FL1031,1154,1166,MEDIUM,8,2159.0,1005.0,1154,12
FL1024,1156,1168,MEDIUM,6,3044.0,1888.0,1156,12
FL1988,1157,1169,LIGHT,4,3871.0,2714.0,1157,12
FL1741,1157,1171,LIGHT,7,2592.0,1435.0,1157,14
FL1313,1157,1172,MEDIUM,8,2162.0,1005.0,1157,15
FL1071,1159,1174,MEDIUM,3,4366.0,3207.0,1159,15
FL2086,1161,1175,MEDIUM,3,4369.0,3208.0,1161,14
FL1132,1161,1177,HEAVY,5,3466.0,2305.0,1161,16
FL2121,1164,1178,LIGHT,5,3468.0,2304.0,1164,14
FL1628,1167,1180,MEDIUM,5,3471.0,2304.0,1167,13
FL1747,1169,1181,MEDIUM,8,2165.0,996.0,1169,12
FL1838,1171,1183,HEAVY,4,3876.0,2705.0,1171,12
FL1872,1171,1184,LIGHT,2,4843.0,3672.0,1171,13
FL1436,1172,1186,MEDIUM,6,3047.0,1875.0,1172,14
FL2041,1172,1187,MEDIUM,6,3050.0,1878.0,1172,15
FL1187,1174,1189,HEAVY,9,1174.0,0.0,1174,15
FL1075,1175,1190,HEAVY,5,3476.0,2301.0,1175,15
FL1168,1177,1192,HEAVY,2,4848.0,3671.0,1177,15
FL1876,1177,1193,LIGHT,4,3878.0,2701.0,1177,16
FL1503,1179,1195,MEDIUM,5,3479.0,2300.0,1179,16
FL2066,1180,1196,LIGHT,6,3052.0,1872.0,1180,16
FL1337,1181,1198,MEDIUM,4,3881.0,2700.0,1181,17
FL1135,1185,1199,HEAVY,6,3057.0,1872.0,1185,14
FL1454,1186,1201,LIGHT,2,4850.0,3664.0,1186,15
FL2025,1188,1202,MEDIUM,4,3884.0,2696.0,1188,14
FL2167,1194,1204,MEDIUM,5,3482.0,2288.0,1194,10
FL1378,1195,1205,LIGHT,8,2167.0,972.0,1195,10
FL2184,1196,1207,HEAVY,7,2597.0,1401.0,1196,11
FL1462,1198,1208,HEAVY,6,3062.0,1864.0,1198,10
FL1964,1200,1210,LIGHT,6,3064.0,1864.0,1200,10
FL2132,1201,1211,HEAVY,1,5326.0,4125.0,1201,10
FL1722,1201,1213,MEDIUM,3,4372.0,3171.0,1201,12
FL1055,1204,1214,MEDIUM,3,4375.0,3171.0,1204,10
FL1325,1205,1216,HEAVY,4,3889.0,2684.0,1205,11
FL1824,1205,1217,MEDIUM,9,1205.0,0.0,1205,12
FL1831,1206,1219,LIGHT,3,4377.0,3171.0,1206,13
FL1595,1206,1220,LIGHT,5,3484.0,2278.0,1206,14
FL1828,1209,1222,HEAVY,8,2172.0,963.0,1209,13
FL1327,1209,1223,MEDIUM,9,1209.0,0.0,1209,14
FL2161,1211,1225,HEAVY,3,4382.0,3171.0,1211,14
FL1655,1213,1226,LIGHT,5,3486.0,2273.0,1213,13
FL1481,1214,1228,LIGHT,4,3891.0,2677.0,1214,14
FL2010,1214,1229,LIGHT,5,3488.0,2274.0,1214,15
FL1629,1215,1231,HEAVY,2,4855.0,3640.0,1215,16
FL2165,1215,1232,LIGHT,7,2599.0,1384.0,1215,17
FL1636,1218,1234,MEDIUM,7,2602.0,1384.0,1218,16
FL2147,1218,1235,LIGHT,2,4857.0,3639.0,1218,17
FL1616,1220,1237,LIGHT,2,4859.0,3639.0,1220,17
FL1879,1221,1238,MEDIUM,9,1221.0,0.0,1221,17
FL1784,1225,1240,MEDIUM,6,3067.0,1842.0,1225,15
FL1367,1226,1241,HEAVY,4,3896.0,2670.0,1226,15
FL2110,1227,1243,LIGHT,7,2604.0,1377.0,1227,16
FL1393,1227,1244,HEAVY,4,3901.0,2674.0,1227,17
FL1229,1230,1246,HEAVY,1,5331.0,4101.0,1230,16
FL1275,1230,1247,MEDIUM,9,1230.0,0.0,1230,17
FL1778,1232,1249,MEDIUM,3,4385.0,3153.0,1232,17
FL1150,1233,1250,HEAVY,8,2177.0,944.0,1233,17
FL2137,1234,1252,HEAVY,2,4864.0,3630.0,1234,18
FL2160,1235,1253,HEAVY,7,2609.0,1374.0,1235,18
FL1583,1236,1255,LIGHT,9,1236.0,0.0,1236,19
FL2142,1236,1256,LIGHT,8,2179.0,943.0,1236,20
FL1524,1238,1258,HEAVY,6,3072.0,1834.0,1238,20
FL2106,1240,1259,MEDIUM,2,4867.0,3627.0,1240,19
FL2082,1240,1261,HEAVY,7,2614.0,1374.0,1240,21
FL1570,1240,1262,LIGHT,9,1240.0,0.0,1240,22
FL1407,1241,1264,LIGHT,9,1242.0,1.0,1241,23
FL1691,1243,1265,MEDIUM,5,3491.0,2248.0,1243,22
FL2154,1245,1267,MEDIUM,1,5334.0,4089.0,1245,22
FL1582,1245,1268,HEAVY,2,4872.0,3627.0,1245,23
FL1257,1249,1270,LIGHT,5,3493.0,2244.0,1249,21
FL2018,1249,1271,HEAVY,2,4877.0,3628.0,1249,22
FL2115,1253,1273,MEDIUM,5,3496.0,2243.0,1253,20
FL1103,1254,1274,MEDIUM,9,1254.0,0.0,1254,20
FL1089,1254,1276,MEDIUM,2,4880.0,3626.0,1254,22
FL1754,1255,1277,LIGHT,9,1256.0,1.0,1255,22
FL1395,1259,1279,MEDIUM,6,3075.0,1816.0,1259,20
FL1303,1260,1280,MEDIUM,5,3499.0,2239.0,1260,20
FL1143,1262,1282,LIGHT,3,4387.0,3125.0,1262,20
FL1587,1264,1283,MEDIUM,6,3078.0,1814.0,1264,19
FL2008,1264,1285,LIGHT,4,3903.0,2639.0,1264,21
FL1193,1268,1286,LIGHT,1,5336.0,4068.0,1268,18
FL1215,1269,1288,LIGHT,7,2616.0,1347.0,1269,19
FL2075,1272,1289,MEDIUM,1,5339.0,4067.0,1272,17
FL1623,1272,1291,LIGHT,6,3080.0,1808.0,1272,19
FL1458,1273,1292,HEAVY,8,2184.0,911.0,1273,19
FL1504,1275,1294,MEDIUM,9,1278.0,3.0,1275,19
FL1268,1275,1295,HEAVY,9,1275.0,0.0,1275,20
FL1365,1281,1297,HEAVY,1,5344.0,4063.0,1281,16
FL1099,1284,1298,HEAVY,3,4392.0,3108.0,1284,14
FL1264,1285,1300,MEDIUM,2,4883.0,3598.0,1285,15
FL1309,1286,1301,HEAVY,4,3908.0,2622.0,1286,15
FL1320,1286,1303,LIGHT,6,3082.0,1796.0,1286,17
FL2175,1288,1304,LIGHT,6,3084.0,1796.0,1288,16
FL1644,1289,1306,LIGHT,7,2618.0,1329.0,1289,17
FL1212,1289,1307,MEDIUM,4,3911.0,2622.0,1289,18
FL1803,1293,1309,MEDIUM,8,2187.0,894.0,1293,16
FL1938,1294,1310,LIGHT,2,4885.0,3591.0,1294,16
FL1795,1297,1312,MEDIUM,8,2190.0,893.0,1297,15
FL1361,1298,1313,HEAVY,7,2623.0,1325.0,1298,15
FL1151,1302,1315,MEDIUM,4,3914.0,2612.0,1302,13
FL1534,1306,1316,LIGHT,5,3501.0,2195.0,1306,10
FL1696,1309,1318,HEAVY,2,4890.0,3581.0,1309,9
FL1238,1310,1319,HEAVY,5,3506.0,2196.0,1310,9
FL1019,1310,1321,HEAVY,4,3919.0,2609.0,1310,11
FL1117,1316,1322,HEAVY,5,3511.0,2195.0,1316,6
FL1647,1319,1324,LIGHT,4,3921.0,2602.0,1319,5
FL1933,1321,1325,LIGHT,5,3513.0,2192.0,1321,4
FL1963,1322,1327,HEAVY,8,2195.0,873.0,1322,5
FL1206,1324,1328,HEAVY,6,3089.0,1765.0,1324,4
FL2023,1327,1330,LIGHT,8,2197.0,870.0,1327,3
FL1693,1329,1331,LIGHT,4,3923.0,2594.0,1329,2
FL1911,1329,1333,MEDIUM,9,1329.0,0.0,1329,4
FL1323,1329,1334,LIGHT,5,3515.0,2186.0,1329,5
FL2126,1329,1336,HEAVY,8,2202.0,873.0,1329,7
FL1484,1331,1337,LIGHT,1,5346.0,4015.0,1331,6
FL1572,1333,1339,HEAVY,1,5351.0,4018.0,1333,6
FL1091,1334,1340,MEDIUM,1,5354.0,4020.0,1334,6
FL1909,1336,1342,HEAVY,2,4895.0,3559.0,1336,6
FL1437,1337,1343,MEDIUM,6,3092.0,1755.0,1337,6
FL1637,1340,1345,LIGHT,1,5356.0,4016.0,1340,5
FL1715,1344,1346,LIGHT,8,2204.0,860.0,1344,2
FL1410,1347,1348,HEAVY,7,2628.0,1281.0,1347,1
FL1381,1348,1349,HEAVY,4,3928.0,2580.0,1348,1
FL2192,1349,1351,MEDIUM,5,3518.0,2169.0,1349,2
FL2004,1353,1353,MEDIUM,2,4898.0,3545.0,1353,0
FL1178,1354,1354,MEDIUM,9,1354.0,0.0,1354,0
FL2128,1355,1356,MEDIUM,7,2631.0,1276.0,1355,1
FL1218,1356,1357,MEDIUM,5,3521.0,2165.0,1356,1
FL1711,1357,1359,HEAVY,7,2636.0,1279.0,1357,2
FL2064,1358,1360,HEAVY,4,3933.0,2575.0,1358,2
FL2117,1358,1362,HEAVY,3,4397.0,3039.0,1358,4
FL2127,1359,1363,HEAVY,1,5361.0,4002.0,1359,4
FL1804,1359,1365,HEAVY,7,2641.0,1282.0,1359,6
FL2190,1362,1366,MEDIUM,9,1362.0,0.0,1362,4
FL1512,1364,1368,LIGHT,3,4399.0,3035.0,1364,4
FL1809,1366,1369,HEAVY,6,3097.0,1731.0,1366,3
FL1394,1368,1371,LIGHT,4,3935.0,2567.0,1368,3
FL1326,1368,1372,LIGHT,3,4401.0,3033.0,1368,4
FL1589,1369,1374,HEAVY,5,3526.0,2157.0,1369,5
FL1970,1370,1375,MEDIUM,8,2207.0,837.0,1370,5
FL1502,1377,1377,HEAVY,4,3940.0,2563.0,1377,0
FL1640,1380,1380,MEDIUM,3,4404.0,3024.0,1380,0
FL1881,1381,1381,LIGHT,3,4406.0,3025.0,1381,0
FL1399,1381,1383,LIGHT,1,5363.0,3982.0,1381,2
FL1182,1382,1384,LIGHT,9,1382.0,0.0,1382,2
FL1878,1382,1386,LIGHT,2,4900.0,3518.0,1382,4
FL1173,1382,1387,HEAVY,1,5368.0,3986.0,1382,5
FL1464,1383,1389,MEDIUM,1,5371.0,3988.0,1383,6
FL2058,1385,1390,HEAVY,2,4905.0,3520.0,1385,5
FL1835,1388,1392,LIGHT,7,2643.0,1255.0,1388,4
FL1596,1390,1393,LIGHT,2,4907.0,3517.0,1390,3
FL1956,1393,1395,MEDIUM,2,4910.0,3517.0,1393,2
FL1472,1394,1396,LIGHT,8,2209.0,815.0,1394,2
FL1866,1396,1398,LIGHT,7,2645.0,1249.0,1396,2
FL1527,1399,1399,LIGHT,1,5373.0,3974.0,1399,0
FL1798,1403,1403,LIGHT,9,1405.0,2.0,1403,0
FL1490,1403,1403,LIGHT,9,1403.0,0.0,1403,0
FL1283,1406,1406,HEAVY,4,3945.0,2539.0,1406,0
FL1478,1408,1408,LIGHT,6,3099.0,1691.0,1408,0
FL1110,1416,1416,LIGHT,5,3528.0,2112.0,1416,0
FL1007,1417,1417,MEDIUM,4,3948.0,2531.0,1417,0
FL1311,1419,1419,MEDIUM,6,3102.0,1683.0,1419,0
FL1912,1420,1420,MEDIUM,4,3951.0,2531.0,1420,0
FL1709,1421,1422,MEDIUM,3,4409.0,2988.0,1421,1
FL1357,1427,1427,HEAVY,3,4414.0,2987.0,1427,0
FL2189,1431,1431,LIGHT,3,4416.0,2985.0,1431,0
FL1913,1433,1433,HEAVY,6,3107.0,1674.0,1433,0
FL1016,1434,1434,HEAVY,4,3956.0,2522.0,1434,0
FL1020,1434,1436,MEDIUM,5,3531.0,2097.0,1434,2
FL1002,1437,1437,MEDIUM,5,3534.0,2097.0,1437,0
FL1851,1442,1442,LIGHT,6,3109.0,1667.0,1442,0
FL1171,1442,1442,LIGHT,7,2647.0,1205.0,1442,0
FL2114,1443,1445,HEAVY,5,3539.0,2096.0,1443,2
FL1293,1443,1445,HEAVY,7,2652.0,1209.0,1443,2
FL1032,1443,1448,MEDIUM,3,4419.0,2976.0,1443,5
FL1704,1446,1448,HEAVY,4,3961.0,2515.0,1446,2
FL2059,1450,1451,HEAVY,1,5378.0,3928.0,1450,1
FL2113,1450,1451,LIGHT,9,1450.0,0.0,1450,1
FL2077,1452,1454,HEAVY,7,2657.0,1205.0,1452,2
FL1720,1453,1454,HEAVY,1,5383.0,3930.0,1453,1
FL1917,1453,1457,HEAVY,6,3114.0,1661.0,1453,4
FL1349,1459,1459,LIGHT,9,1459.0,0.0,1459,0
FL1774,1461,1461,LIGHT,6,3116.0,1655.0,1461,0
FL1052,1462,1462,MEDIUM,9,1462.0,0.0,1462,0
FL1312,1462,1464,LIGHT,3,4421.0,2959.0,1462,2
FL1387,1463,1465,MEDIUM,4,3964.0,2501.0,1463,2
FL1719,1466,1467,LIGHT,3,4428.0,2962.0,1466,1
FL1122,1466,1468,HEAVY,5,3544.0,2078.0,1466,2
FL1448,1466,1470,HEAVY,3,4426.0,2960.0,1466,4
FL1855,1467,1471,HEAVY,8,2214.0,747.0,1467,4
FL1823,1469,1473,HEAVY,4,3969.0,2500.0,1469,4
FL1160,1473,1474,HEAVY,9,1473.0,0.0,1473,1
FL1601,1476,1476,LIGHT,7,2659.0,1183.0,1476,0
FL1707,1478,1478,HEAVY,5,3549.0,2071.0,1478,0
FL1001,1484,1484,HEAVY,4,3974.0,2490.0,1484,0
FL2022,1487,1487,MEDIUM,4,3977.0,2490.0,1487,0
FL2152,1489,1489,HEAVY,8,2219.0,730.0,1489,0
FL1159,1492,1492,LIGHT,1,5385.0,3893.0,1492,0
FL1977,1496,1496,MEDIUM,1,5388.0,3892.0,1496,0
FL1265,1498,1498,MEDIUM,4,3980.0,2482.0,1498,0
FL2194,1499,1499,MEDIUM,4,3983.0,2484.0,1499,0
FL2197,1499,1501,LIGHT,3,4430.0,2931.0,1499,2
FL2069,1499,1502,HEAVY,2,4915.0,3416.0,1499,3
FL1764,1505,1505,MEDIUM,1,5391.0,3886.0,1505,0
FL2038,1507,1507,MEDIUM,7,2662.0,1155.0,1507,0
FL1755,1509,1509,HEAVY,1,5396.0,3887.0,1509,0
FL1284,1510,1510,LIGHT,3,4432.0,2922.0,1510,0
FL1703,1512,1512,MEDIUM,2,4918.0,3406.0,1512,0
FL1950,1513,1513,LIGHT,5,3551.0,2038.0,1513,0
FL1500,1521,1521,LIGHT,9,1521.0,0.0,1521,0
FL1244,1521,1521,MEDIUM,3,4435.0,2914.0,1521,0
FL1070,1522,1524,HEAVY,6,3121.0,1599.0,1522,2
FL1739,1523,1524,MEDIUM,9,1524.0,1.0,1523,1
FL1758,1523,1527,LIGHT,6,3123.0,1600.0,1523,4
FL1224,1525,1527,HEAVY,8,2224.0,699.0,1525,2
FL1914,1532,1532,HEAVY,8,2229.0,697.0,1532,0
FL1507,1533,1533,LIGHT,9,1533.0,0.0,1533,0
FL1179,1540,1540,MEDIUM,7,2665.0,1125.0,1540,0
FL1717,1541,1541,LIGHT,5,3553.0,2012.0,1541,0
FL1834,1544,1544,MEDIUM,4,3986.0,2442.0,1544,0
FL1190,1547,1547,MEDIUM,1,5399.0,3852.0,1547,0
FL1123,1549,1549,LIGHT,1,5401.0,3852.0,1549,0
FL2139,1549,1550,MEDIUM,9,1549.0,0.0,1549,1
FL1376,1554,1554,HEAVY,3,4440.0,2886.0,1554,0
FL2092,1556,1556,MEDIUM,9,1556.0,0.0,1556,0
FL1699,1557,1557,HEAVY,7,2670.0,1113.0,1557,0
FL1731,1558,1559,HEAVY,4,3991.0,2433.0,1558,1
FL1415,1560,1560,MEDIUM,4,3994.0,2434.0,1560,0
FL1925,1561,1562,HEAVY,2,4923.0,3362.0,1561,1
FL1928,1561,1563,LIGHT,4,3996.0,2435.0,1561,2
FL1430,1562,1565,LIGHT,1,5403.0,3841.0,1562,3
FL1943,1563,1566,HEAVY,7,2675.0,1112.0,1563,3
FL1568,1564,1568,LIGHT,6,3125.0,1561.0,1564,4
FL1966,1564,1569,MEDIUM,9,1564.0,0.0,1564,5
FL2085,1565,1571,HEAVY,6,3130.0,1565.0,1565,6
FL1552,1567,1572,HEAVY,5,3558.0,1991.0,1567,5
FL1777,1567,1574,MEDIUM,7,2678.0,1111.0,1567,7
FL1991,1569,1575,LIGHT,1,5405.0,3836.0,1569,6
FL2196,1570,1577,MEDIUM,1,5408.0,3838.0,1570,7
FL1460,1572,1578,MEDIUM,5,3561.0,1989.0,1572,6
FL1690,1573,1580,HEAVY,3,4445.0,2872.0,1573,7
FL1297,1573,1581,HEAVY,8,2234.0,661.0,1573,8
FL1369,1576,1583,HEAVY,3,4450.0,2874.0,1576,7
FL1432,1578,1584,LIGHT,2,4925.0,3347.0,1578,6
FL1748,1579,1586,LIGHT,7,2680.0,1101.0,1579,7
FL1677,1581,1587,HEAVY,5,3566.0,1985.0,1581,6
FL2171,1581,1589,HEAVY,7,2685.0,1104.0,1581,8
FL2071,1583,1590,MEDIUM,1,5411.0,3828.0,1583,7
FL1298,1584,1592,MEDIUM,4,3999.0,2415.0,1584,8
FL1424,1585,1593,HEAVY,1,5416.0,3831.0,1585,8
FL1958,1587,1595,LIGHT,8,2236.0,649.0,1587,8
FL2094,1593,1596,HEAVY,3,4455.0,2862.0,1593,3
FL1186,1593,1598,MEDIUM,8,2239.0,646.0,1593,5
FL1786,1594,1599,HEAVY,7,2693.0,1099.0,1594,5
FL1419,1594,1601,MEDIUM,7,2688.0,1094.0,1594,7
FL1479,1594,1602,LIGHT,2,4927.0,3333.0,1594,8
FL2134,1596,1604,LIGHT,1,5418.0,3822.0,1596,8
FL1936,1597,1605,HEAVY,2,4932.0,3335.0,1597,8
FL1180,1597,1607,MEDIUM,3,4458.0,2861.0,1597,10
FL1452,1597,1608,HEAVY,5,3571.0,1974.0,1597,11
FL1510,1600,1610,HEAVY,5,3576.0,1976.0,1600,10
FL1013,1600,1611,HEAVY,3,4463.0,2863.0,1600,11
FL1058,1604,1613,MEDIUM,2,4935.0,3331.0,1604,9
FL2163,1604,1614,HEAVY,4,4004.0,2400.0,1604,10
FL1807,1605,1616,HEAVY,7,2698.0,1093.0,1605,11
FL2150,1606,1617,HEAVY,7,2703.0,1097.0,1606,11
FL1923,1607,1619,HEAVY,3,4468.0,2861.0,1607,12
FL2061,1608,1620,LIGHT,3,4470.0,2862.0,1608,12
FL1551,1612,1622,HEAVY,4,4009.0,2397.0,1612,10
FL1653,1614,1623,MEDIUM,4,4012.0,2398.0,1614,9
FL1759,1615,1625,MEDIUM,9,1615.0,0.0,1615,10
FL1495,1616,1626,MEDIUM,7,2706.0,1090.0,1616,10
FL2093,1616,1628,HEAVY,2,4940.0,3324.0,1616,12
FL1489,1618,1629,LIGHT,9,1618.0,0.0,1618,11
FL1537,1621,1631,LIGHT,3,4472.0,2851.0,1621,10
FL1331,1622,1632,HEAVY,8,2244.0,622.0,1622,10
FL1456,1625,1634,LIGHT,7,2708.0,1083.0,1625,9
FL1223,1626,1635,MEDIUM,2,4943.0,3317.0,1626,9
FL1967,1626,1637,HEAVY,1,5423.0,3797.0,1626,11
FL1227,1628,1638,MEDIUM,9,1628.0,0.0,1628,10
FL1762,1628,1640,MEDIUM,4,4015.0,2387.0,1628,12
FL1528,1629,1641,MEDIUM,1,5426.0,3797.0,1629,12
FL1548,1630,1643,MEDIUM,1,5429.0,3799.0,1630,13
FL1767,1632,1644,LIGHT,1,5431.0,3799.0,1632,12
FL1054,1636,1646,MEDIUM,5,3579.0,1943.0,1636,10
FL1083,1637,1647,LIGHT,1,5433.0,3796.0,1637,10
FL1127,1639,1649,MEDIUM,9,1639.0,0.0,1639,10
FL2015,1641,1650,LIGHT,4,4017.0,2376.0,1641,9
FL1120,1641,1652,LIGHT,7,2710.0,1069.0,1641,11
FL1220,1641,1653,MEDIUM,5,3582.0,1941.0,1641,12
FL1679,1647,1655,HEAVY,7,2715.0,1068.0,1647,8
FL1060,1652,1656,LIGHT,8,2246.0,594.0,1652,4
FL1926,1655,1658,HEAVY,1,5441.0,3786.0,1655,3
FL1536,1655,1659,MEDIUM,9,1655.0,0.0,1655,4
FL1423,1655,1661,MEDIUM,2,4946.0,3291.0,1655,6
FL1322,1655,1662,MEDIUM,1,5436.0,3781.0,1655,7
FL1735,1658,1664,HEAVY,7,2720.0,1062.0,1658,6
FL1388,1659,1665,MEDIUM,3,4475.0,2816.0,1659,6
FL1499,1660,1667,MEDIUM,6,3133.0,1473.0,1660,7
FL1443,1664,1668,LIGHT,5,3584.0,1920.0,1664,4
FL1242,1664,1670,MEDIUM,6,3136.0,1472.0,1664,6
FL2088,1667,1671,HEAVY,3,4480.0,2813.0,1667,4
FL1113,1674,1674,MEDIUM,8,2249.0,575.0,1674,0
FL1030,1675,1675,HEAVY,7,2725.0,1050.0,1675,0
FL1475,1677,1677,LIGHT,7,2727.0,1050.0,1677,0
FL1738,1682,1682,MEDIUM,4,4020.0,2338.0,1682,0
FL1126,1684,1684,MEDIUM,8,2252.0,568.0,1684,0
FL2103,1684,1685,MEDIUM,3,4483.0,2799.0,1684,1
FL1270,1686,1687,HEAVY,2,4951.0,3265.0,1686,1
FL1614,1689,1689,MEDIUM,9,1689.0,0.0,1689,0
FL1402,1691,1691,LIGHT,5,3586.0,1895.0,1691,0
FL1188,1692,1692,LIGHT,5,3588.0,1896.0,1692,0
FL1898,1693,1694,MEDIUM,9,1693.0,0.0,1693,1
FL1390,1695,1695,LIGHT,4,4022.0,2327.0,1695,0
FL1586,1698,1698,MEDIUM,6,3139.0,1441.0,1698,0
FL1299,1700,1700,LIGHT,8,2254.0,554.0,1700,0
FL1442,1701,1701,MEDIUM,7,2730.0,1029.0,1701,0
FL1706,1702,1703,LIGHT,7,2732.0,1030.0,1702,1
FL1195,1703,1704,LIGHT,4,4024.0,2321.0,1703,1
FL1857,1704,1706,LIGHT,3,4485.0,2781.0,1704,2
FL1204,1705,1707,LIGHT,6,3141.0,1436.0,1705,2
FL1042,1706,1709,MEDIUM,3,4488.0,2782.0,1706,3
FL2162,1709,1710,MEDIUM,8,2257.0,548.0,1709,1
FL1198,1710,1712,MEDIUM,3,4491.0,2781.0,1710,2
FL1202,1713,1713,LIGHT,3,4493.0,2780.0,1713,0
FL1287,1716,1716,HEAVY,4,4029.0,2313.0,1716,0
FL1710,1718,1718,LIGHT,8,2259.0,541.0,1718,0
FL1775,1719,1719,HEAVY,8,2264.0,545.0,1719,0
FL1959,1719,1721,HEAVY,4,4034.0,2315.0,1719,2
FL2144,1723,1723,LIGHT,8,2266.0,543.0,1723,0
FL2072,1723,1724,MEDIUM,6,3144.0,1421.0,1723,1
FL1328,1723,1726,MEDIUM,9,1723.0,0.0,1723,3
FL1450,1724,1727,LIGHT,9,1725.0,1.0,1724,3
FL1821,1725,1729,MEDIUM,7,2735.0,1010.0,1725,4
FL2130,1725,1730,MEDIUM,8,2269.0,544.0,1725,5
FL1713,1726,1732,MEDIUM,9,1728.0,2.0,1726,6
FL1907,1727,1733,HEAVY,6,3149.0,1422.0,1727,6
FL1992,1728,1735,LIGHT,9,1730.0,2.0,1728,7
FL1781,1729,1736,HEAVY,9,1735.0,6.0,1729,7
FL1377,1729,1738,MEDIUM,3,4496.0,2767.0,1729,9
FL1997,1730,1739,HEAVY,5,3593.0,1863.0,1730,9
FL1854,1733,1741,LIGHT,9,1737.0,4.0,1733,8
FL1584,1735,1742,HEAVY,8,2274.0,539.0,1735,7
FL1364,1735,1744,MEDIUM,9,1740.0,5.0,1735,9
FL1869,1738,1745,LIGHT,1,5443.0,3705.0,1738,7
FL1998,1739,1747,HEAVY,3,4501.0,2762.0,1739,8
FL2084,1740,1748,MEDIUM,2,4954.0,3214.0,1740,8
FL1205,1741,1750,HEAVY,2,4959.0,3218.0,1741,9
FL2138,1742,1751,MEDIUM,4,4037.0,2295.0,1742,9
FL1671,1745,1753,HEAVY,7,2740.0,995.0,1745,8
FL1641,1745,1754,MEDIUM,9,1745.0,0.0,1745,9
FL1569,1748,1756,LIGHT,7,2742.0,994.0,1748,8
FL1676,1749,1757,LIGHT,7,2744.0,995.0,1749,8
FL1611,1752,1759,MEDIUM,1,5446.0,3694.0,1752,7
FL1565,1753,1760,LIGHT,1,5448.0,3695.0,1753,7
FL1752,1753,1762,LIGHT,9,1753.0,0.0,1753,9
FL1498,1755,1763,LIGHT,3,4503.0,2748.0,1755,8
FL1429,1756,1765,LIGHT,7,2746.0,990.0,1756,9
FL1408,1758,1766,LIGHT,4,4039.0,2281.0,1758,8
FL1040,1759,1768,MEDIUM,3,4506.0,2747.0,1759,9
FL2125,1760,1769,HEAVY,4,4044.0,2284.0,1760,9
FL2063,1761,1771,HEAVY,3,4511.0,2750.0,1761,10
FL1453,1761,1772,MEDIUM,6,3152.0,1391.0,1761,11
FL1289,1769,1774,HEAVY,6,3157.0,1388.0,1769,5
FL1734,1772,1775,LIGHT,2,4961.0,3189.0,1772,3
FL2054,1772,1777,LIGHT,7,2748.0,976.0,1772,5
FL1009,1773,1778,LIGHT,5,3595.0,1822.0,1773,5
FL1571,1778,1780,LIGHT,9,1778.0,0.0,1778,2
FL1642,1780,1781,LIGHT,5,3597.0,1817.0,1780,1
FL1944,1782,1783,LIGHT,2,4963.0,3181.0,1782,1
FL1547,1782,1784,MEDIUM,6,3160.0,1378.0,1782,2
FL1847,1784,1786,MEDIUM,1,5451.0,3667.0,1784,2
FL1351,1787,1787,MEDIUM,1,5454.0,3667.0,1787,0
FL1029,1790,1790,HEAVY,4,4049.0,2259.0,1790,0
FL1697,1790,1790,LIGHT,4,4051.0,2261.0,1790,0
FL1137,1794,1794,MEDIUM,7,2751.0,957.0,1794,0
FL1366,1794,1794,HEAVY,4,4056.0,2262.0,1794,0
FL2078,1796,1797,LIGHT,6,3162.0,1366.0,1796,1
FL1621,1808,1808,MEDIUM,1,5457.0,3649.0,1808,0
FL1276,1809,1809,MEDIUM,6,3165.0,1356.0,1809,0
FL1254,1810,1811,MEDIUM,9,1810.0,0.0,1810,1
FL2169,1812,1812,LIGHT,9,1812.0,0.0,1812,0
FL1391,1813,1814,MEDIUM,2,4966.0,3153.0,1813,1
FL1896,1814,1815,LIGHT,5,3599.0,1785.0,1814,1
FL2131,1816,1817,HEAVY,2,4971.0,3155.0,1816,1
FL1899,1816,1818,LIGHT,7,2753.0,937.0,1816,2
FL1955,1818,1820,LIGHT,1,5459.0,3641.0,1818,2
FL2056,1818,1821,HEAVY,3,4516.0,2698.0,1818,3
FL1348,1818,1823,MEDIUM,5,3602.0,1784.0,1818,5
FL1245,1820,1824,MEDIUM,6,3168.0,1348.0,1820,4
FL1675,1821,1826,LIGHT,9,1821.0,0.0,1821,5
FL1082,1824,1827,HEAVY,2,4976.0,3152.0,1824,3
FL1129,1824,1829,HEAVY,6,3173.0,1349.0,1824,5
FL1952,1824,1830,HEAVY,3,4521.0,2697.0,1824,6
FL1018,1824,1832,LIGHT,7,2755.0,931.0,1824,8
FL2176,1825,1833,HEAVY,2,4981.0,3156.0,1825,8
FL1605,1832,1835,LIGHT,8,2276.0,444.0,1832,3
FL1022,1834,1836,LIGHT,1,5461.0,3627.0,1834,2
FL2042,1835,1838,LIGHT,1,5463.0,3628.0,1835,3
FL1081,1839,1839,MEDIUM,8,2279.0,440.0,1839,0
FL1451,1843,1843,LIGHT,8,2281.0,438.0,1843,0
FL1383,1844,1844,HEAVY,2,4986.0,3142.0,1844,0
FL1434,1848,1848,MEDIUM,1,5466.0,3618.0,1848,0
FL1477,1849,1849,MEDIUM,5,3605.0,1756.0,1849,0
FL1021,1850,1851,HEAVY,4,4061.0,2211.0,1850,1
FL1859,1851,1852,LIGHT,5,3607.0,1756.0,1851,1
FL1037,1852,1854,LIGHT,1,5468.0,3616.0,1852,2
FL1608,1859,1859,HEAVY,3,4526.0,2667.0,1859,0
FL1501,1859,1859,HEAVY,2,4991.0,3132.0,1859,0
FL1868,1862,1862,MEDIUM,9,1862.0,0.0,1862,0
FL2156,1864,1864,HEAVY,3,4531.0,2667.0,1864,0
FL1965,1866,1866,LIGHT,2,4993.0,3127.0,1866,0
FL1723,1871,1871,LIGHT,6,3175.0,1304.0,1871,0
FL1692,1873,1873,HEAVY,9,1873.0,0.0,1873,0
FL1466,1878,1878,LIGHT,9,1878.0,0.0,1878,0
FL1986,1878,1878,LIGHT,1,5475.0,3597.0,1878,0
FL1836,1878,1881,HEAVY,4,4066.0,2188.0,1878,3
FL1837,1878,1881,HEAVY,1,5473.0,3595.0,1878,3
FL2043,1881,1884,MEDIUM,6,3178.0,1297.0,1881,3
FL2170,1884,1884,HEAVY,9,1884.0,0.0,1884,0
FL1937,1884,1887,MEDIUM,2,4996.0,3112.0,1884,3
FL1646,1885,1887,HEAVY,7,2760.0,875.0,1885,2
FL1072,1885,1890,LIGHT,3,4533.0,2648.0,1885,5
FL1353,1886,1890,HEAVY,4,4071.0,2185.0,1886,4
FL1523,1888,1893,MEDIUM,1,5478.0,3590.0,1888,5
FL1940,1891,1893,HEAVY,8,2286.0,395.0,1891,2
FL2116,1893,1896,MEDIUM,6,3181.0,1288.0,1893,3
FL1976,1896,1896,HEAVY,6,3186.0,1290.0,1896,0
FL2013,1899,1899,MEDIUM,9,1899.0,0.0,1899,0
FL1360,1904,1904,MEDIUM,6,3189.0,1285.0,1904,0
FL2174,1904,1904,LIGHT,1,5480.0,3576.0,1904,0
FL1237,1904,1907,LIGHT,8,2288.0,384.0,1904,3
FL1317,1905,1907,MEDIUM,8,2291.0,386.0,1905,2
FL1686,1905,1910,LIGHT,3,4535.0,2630.0,1905,5
FL1094,1908,1910,HEAVY,7,2765.0,857.0,1908,2
FL1035,1910,1913,LIGHT,6,3191.0,1281.0,1910,3
FL1346,1914,1914,LIGHT,7,2767.0,853.0,1914,0
FL2157,1916,1916,LIGHT,8,2293.0,377.0,1916,0
FL1891,1918,1918,HEAVY,8,2298.0,380.0,1918,0
FL1249,1918,1919,HEAVY,4,4076.0,2158.0,1918,1
FL1779,1920,1921,HEAVY,6,3196.0,1276.0,1920,1
FL1140,1922,1922,HEAVY,7,2772.0,850.0,1922,0
FL1487,1923,1924,LIGHT,3,4537.0,2614.0,1923,1
FL1649,1924,1925,MEDIUM,5,3610.0,1686.0,1924,1
FL2060,1927,1927,HEAVY,2,5001.0,3074.0,1927,0
FL1435,1929,1929,LIGHT,4,4078.0,2149.0,1929,0
FL1667,1930,1930,MEDIUM,5,3613.0,1683.0,1930,0
FL1740,1933,1933,HEAVY,5,3618.0,1685.0,1933,0
FL1910,1934,1934,HEAVY,5,3623.0,1689.0,1934,0
FL2178,1940,1940,HEAVY,1,5485.0,3545.0,1940,0
FL1330,1940,1940,MEDIUM,8,2301.0,361.0,1940,0
FL1165,1945,1945,HEAVY,7,2777.0,832.0,1945,0
FL1079,1946,1946,LIGHT,1,5487.0,3541.0,1946,0
FL1562,1946,1948,LIGHT,2,5003.0,3057.0,1946,2
FL1749,1947,1949,LIGHT,6,3198.0,1251.0,1947,2
FL1339,1947,1951,MEDIUM,3,4540.0,2593.0,1947,4
FL1338,1947,1952,HEAVY,8,2306.0,359.0,1947,5
FL1867,1948,1954,MEDIUM,4,4081.0,2133.0,1948,6
FL1557,1950,1955,HEAVY,3,4545.0,2595.0,1950,5
FL1761,1952,1957,HEAVY,6,3203.0,1251.0,1952,5
FL1418,1952,1958,MEDIUM,7,2780.0,828.0,1952,6
FL1806,1953,1960,MEDIUM,8,2309.0,356.0,1953,7
FL1627,1953,1961,HEAVY,1,5492.0,3539.0,1953,8
FL1624,1954,1963,LIGHT,5,3625.0,1671.0,1954,9
FL1379,1955,1964,MEDIUM,7,2783.0,828.0,1955,9
FL1336,1961,1966,LIGHT,3,4547.0,2586.0,1961,5
FL1538,1962,1967,LIGHT,3,4549.0,2587.0,1962,5
FL2122,1962,1969,LIGHT,5,3627.0,1665.0,1962,7
FL1579,1963,1970,MEDIUM,7,2786.0,823.0,1963,7
FL1701,1964,1972,MEDIUM,5,3630.0,1666.0,1964,8
FL1272,1965,1973,MEDIUM,5,3633.0,1668.0,1965,8
FL1370,1965,1975,MEDIUM,2,5006.0,3041.0,1965,10
FL1375,1968,1976,MEDIUM,6,3206.0,1238.0,1968,8
FL1698,1969,1978,HEAVY,4,4086.0,2117.0,1969,9
FL2118,1969,1979,LIGHT,8,2311.0,342.0,1969,10
FL1533,1971,1981,HEAVY,1,5497.0,3526.0,1971,10
FL1780,1973,1982,LIGHT,6,3208.0,1235.0,1973,9
FL1049,1974,1984,HEAVY,5,3638.0,1664.0,1974,10
FL1226,1977,1985,HEAVY,7,2791.0,814.0,1977,8
FL2188,1977,1987,LIGHT,1,5499.0,3522.0,1977,10
FL1199,1978,1988,MEDIUM,3,4552.0,2574.0,1978,10
FL2182,1979,1990,MEDIUM,4,4089.0,2110.0,1979,11
FL1077,1979,1991,MEDIUM,8,2314.0,335.0,1979,12
FL1278,1980,1993,HEAVY,4,4094.0,2114.0,1980,13
FL1115,1981,1994,MEDIUM,5,3641.0,1660.0,1981,13
FL1669,1984,1996,HEAVY,1,5504.0,3520.0,1984,12
FL1008,1984,1997,MEDIUM,8,2317.0,333.0,1984,13
FL1729,1985,1999,MEDIUM,2,5009.0,3024.0,1985,14
FL2119,1985,2000,LIGHT,8,2319.0,334.0,1985,15
FL1989,1989,2002,HEAVY,7,2796.0,807.0,1989,13
FL1239,1989,2003,HEAVY,1,5509.0,3520.0,1989,14
FL1027,1989,2005,LIGHT,4,4096.0,2107.0,1989,16
FL1708,1992,2006,LIGHT,3,4554.0,2562.0,1992,14
FL1216,1993,2008,LIGHT,6,3210.0,1217.0,1993,15
FL1121,1994,2009,LIGHT,1,5511.0,3517.0,1994,15
FL1428,1996,2011,HEAVY,1,5516.0,3520.0,1996,15
FL1416,1998,2012,MEDIUM,3,4557.0,2559.0,1998,14
FL1386,1998,2014,HEAVY,5,3646.0,1648.0,1998,16
FL1852,2002,2015,MEDIUM,5,3649.0,1647.0,2002,13
