flight_id,arrival_time,scheduled_time,aircraft_type,traffic_level,landing_time,final_delay,eta_minutes,traffic_encoded,aircraft_encoded,predicted_delay,priority,assigned_runway,actual_landing_time,delay
FL1712,0,14,LIGHT,8,1901.0,1901.0,0,8.0,1,60.0,8.0,1,0,0
FL1023,5,7,MEDIUM,7,2322.0,2317.0,5,7.0,2,60.0,7.0,1,5,0
FL1588,7,23,LIGHT,3,4098.0,4091.0,7,3.0,1,60.0,3.0,1,7,0
FL1615,8,18,HEAVY,5,3215.0,3207.0,8,5.0,0,60.0,5.0,1,9,1
FL1578,11,26,MEDIUM,5,3218.0,3207.0,11,5.0,2,60.0,5.0,1,11,0
FL1010,14,31,HEAVY,9,14.0,0.0,14,9.0,0,0.08,9.0,0,14,0
FL1214,16,28,MEDIUM,6,2799.0,2783.0,16,6.0,2,60.0,6.0,1,16,0
FL1170,17,32,MEDIUM,2,4560.0,4543.0,17,2.0,2,60.0,2.0,1,18,1
FL1626,18,37,LIGHT,3,4100.0,4082.0,18,3.0,1,60.0,3.0,1,20,2
FL2031,21,38,LIGHT,8,1903.0,1882.0,21,8.0,1,60.0,8.0,1,22,1
FL1902,21,31,LIGHT,6,2801.0,2780.0,21,6.0,1,60.0,6.0,0,21,0
FL1494,21,28,HEAVY,2,4565.0,4544.0,21,2.0,0,60.0,2.0,1,24,3
FL1705,22,27,LIGHT,6,2803.0,2781.0,22,6.0,1,60.0,6.0,0,23,1
FL1194,22,35,LIGHT,2,4567.0,4545.0,22,2.0,1,60.0,2.0,1,26,4
FL1241,22,28,MEDIUM,2,4570.0,4548.0,22,2.0,2,60.0,2.0,0,25,3
FL1817,22,24,HEAVY,2,4575.0,4553.0,22,2.0,0,60.0,2.0,1,28,6
FL1389,25,34,LIGHT,9,25.0,0.0,25,9.0,1,0.0,9.0,0,27,2
FL1161,25,35,LIGHT,3,4102.0,4077.0,25,3.0,1,60.0,3.0,1,30,5
FL1154,28,39,LIGHT,6,2805.0,2777.0,28,6.0,1,60.0,6.0,0,29,1
FL1678,31,35,HEAVY,3,4107.0,4076.0,31,3.0,0,60.0,3.0,1,32,1
FL1661,33,37,MEDIUM,9,33.0,0.0,33,9.0,2,0.013333333333333334,9.0,0,33,0
FL1927,36,48,LIGHT,9,36.0,0.0,36,9.0,1,0.0,9.0,0,36,0
FL1279,44,60,MEDIUM,7,2325.0,2281.0,44,7.0,2,60.0,7.0,1,44,0
FL1294,44,47,HEAVY,3,4112.0,4068.0,44,3.0,0,60.0,3.0,1,46,2
FL1506,45,59,MEDIUM,6,2808.0,2763.0,45,6.0,2,60.0,6.0,0,45,0
FL2050,47,60,LIGHT,1,5011.0,4964.0,47,1.0,1,60.0,1.0,1,48,1
FL1076,50,59,HEAVY,1,5016.0,4966.0,50,1.0,0,60.0,1.0,1,50,0
FL2108,53,68,MEDIUM,5,3221.0,3168.0,53,5.0,2,60.0,5.0,1,53,0
FL1412,58,74,LIGHT,3,4114.0,4056.0,58,3.0,1,60.0,3.0,1,58,0
FL1542,60,69,MEDIUM,4,3652.0,3592.0,60,4.0,2,60.0,4.0,1,60,0
FL1853,61,69,LIGHT,7,2327.0,2266.0,61,7.0,1,60.0,7.0,0,61,0
FL1550,61,65,MEDIUM,5,3224.0,3163.0,61,5.0,2,60.0,5.0,1,62,1
FL2027,65,72,HEAVY,8,1908.0,1843.0,65,8.0,0,60.0,8.0,1,65,0
FL1559,69,84,HEAVY,3,4119.0,4050.0,69,3.0,0,60.0,3.0,1,69,0
FL1133,75,84,MEDIUM,7,2330.0,2255.0,75,7.0,2,60.0,7.0,1,75,0
FL1508,75,87,MEDIUM,3,4122.0,4047.0,75,3.0,2,60.0,3.0,1,77,2
FL1751,79,84,MEDIUM,5,3227.0,3148.0,79,5.0,2,60.0,5.0,1,79,0
FL1281,82,95,LIGHT,5,3229.0,3147.0,82,5.0,1,60.0,5.0,1,82,0
FL1889,83,94,LIGHT,9,83.0,0.0,83,9.0,1,0.0,9.0,0,83,0
FL1811,85,98,HEAVY,5,3234.0,3149.0,85,5.0,0,60.0,5.0,1,85,0
FL1827,88,99,HEAVY,5,3239.0,3151.0,88,5.0,0,60.0,5.0,1,88,0
FL1306,89,103,HEAVY,6,2813.0,2724.0,89,6.0,0,60.0,6.0,1,90,1
FL1059,91,101,HEAVY,2,4580.0,4489.0,91,2.0,0,60.0,2.0,1,92,1
FL1517,93,97,MEDIUM,6,2816.0,2723.0,93,6.0,2,60.0,6.0,1,94,1
FL1567,93,107,HEAVY,2,4585.0,4492.0,93,2.0,0,60.0,2.0,0,93,0
FL2173,93,101,LIGHT,1,5018.0,4925.0,93,1.0,1,60.0,1.0,1,96,3
FL1144,97,107,MEDIUM,8,1911.0,1814.0,97,8.0,2,60.0,8.0,1,98,1
FL1053,97,111,MEDIUM,4,3655.0,3558.0,97,4.0,2,60.0,4.0,0,97,0
FL1062,98,107,LIGHT,5,3241.0,3143.0,98,5.0,1,60.0,5.0,1,100,2
FL1158,101,108,LIGHT,8,1913.0,1812.0,101,8.0,1,60.0,8.0,1,102,1
FL1844,101,107,HEAVY,5,3246.0,3145.0,101,5.0,0,60.0,5.0,0,101,0
FL1577,101,114,MEDIUM,4,3658.0,3557.0,101,4.0,2,60.0,4.0,1,104,3
FL1038,102,114,HEAVY,5,3251.0,3149.0,102,5.0,0,60.0,5.0,0,103,1
FL2089,104,114,MEDIUM,7,2333.0,2229.0,104,7.0,2,60.0,7.0,1,106,2
FL1162,104,107,LIGHT,5,3253.0,3149.0,104,5.0,1,60.0,5.0,0,105,1
FL2101,105,110,MEDIUM,1,5021.0,4916.0,105,1.0,2,60.0,1.0,1,108,3
FL1920,106,123,LIGHT,7,2335.0,2229.0,106,7.0,1,60.0,7.0,0,107,1
FL1250,106,113,MEDIUM,2,4588.0,4482.0,106,2.0,2,60.0,2.0,1,110,4
FL1441,107,119,MEDIUM,6,2819.0,2712.0,107,6.0,2,60.0,6.0,0,109,2
FL1580,109,114,MEDIUM,9,109.0,0.0,109,9.0,2,0.013333333333333334,9.0,0,111,2
FL1067,109,117,MEDIUM,7,2338.0,2229.0,109,7.0,2,60.0,7.0,1,112,3
FL1782,109,126,MEDIUM,4,3661.0,3552.0,109,4.0,2,60.0,4.0,1,114,5
FL1863,110,114,HEAVY,8,1918.0,1808.0,110,8.0,0,60.0,8.0,0,113,3
FL1617,111,123,LIGHT,8,1920.0,1809.0,111,8.0,1,60.0,8.0,1,116,5
FL1492,114,128,MEDIUM,5,3256.0,3142.0,114,5.0,2,60.0,5.0,0,115,1
FL1792,116,124,HEAVY,9,116.0,0.0,116,9.0,0,0.14,9.0,0,117,1
FL1810,124,132,MEDIUM,5,3259.0,3135.0,124,5.0,2,60.0,5.0,1,124,0
FL1903,124,127,LIGHT,3,4124.0,4000.0,124,3.0,1,60.0,3.0,0,124,0
FL1908,125,127,HEAVY,3,4129.0,4004.0,125,3.0,0,60.0,3.0,1,126,1
FL1396,126,133,MEDIUM,5,3262.0,3136.0,126,5.0,2,60.0,5.0,1,128,2
FL1301,126,137,HEAVY,2,4593.0,4467.0,126,2.0,0,60.0,2.0,0,126,0
FL2141,127,131,MEDIUM,9,127.0,0.0,127,9.0,2,0.04,9.0,0,128,1
FL1392,129,140,HEAVY,1,5026.0,4897.0,129,1.0,0,60.0,1.0,1,130,1
FL1125,131,144,LIGHT,3,4131.0,4000.0,131,3.0,1,60.0,3.0,1,132,1
FL1092,132,149,MEDIUM,8,1923.0,1791.0,132,8.0,2,60.0,8.0,1,134,2
FL1235,132,139,HEAVY,6,2824.0,2692.0,132,6.0,0,60.0,6.0,0,132,0
FL2046,134,143,HEAVY,6,2829.0,2695.0,134,6.0,0,60.0,6.0,1,136,2
FL1112,138,157,HEAVY,3,4136.0,3998.0,138,3.0,0,60.0,3.0,1,138,0
FL1531,138,155,HEAVY,1,5031.0,4893.0,138,1.0,0,60.0,1.0,0,138,0
FL1414,140,152,HEAVY,9,140.0,0.0,140,9.0,0,0.58,9.0,0,140,0
FL1373,141,148,HEAVY,4,3666.0,3525.0,141,4.0,0,60.0,4.0,1,141,0
FL1400,141,149,LIGHT,1,5033.0,4892.0,141,1.0,1,60.0,1.0,1,143,2
FL2070,142,145,HEAVY,9,145.0,3.0,142,9.0,0,1.82,9.0,0,142,0
FL1119,142,147,HEAVY,1,5038.0,4896.0,142,1.0,0,60.0,1.0,0,144,2
FL2034,143,159,HEAVY,2,4598.0,4455.0,143,2.0,0,60.0,2.0,1,145,2
FL1210,145,148,MEDIUM,7,2341.0,2196.0,145,7.0,2,60.0,7.0,1,147,2
FL1256,146,152,MEDIUM,1,5041.0,4895.0,146,1.0,2,60.0,1.0,0,146,0
FL1157,148,163,LIGHT,4,3668.0,3520.0,148,4.0,1,60.0,4.0,1,149,1
FL1234,151,168,HEAVY,4,3673.0,3522.0,151,4.0,0,60.0,4.0,1,151,0
FL1732,152,169,HEAVY,2,4603.0,4451.0,152,2.0,0,60.0,2.0,1,153,1
FL1796,152,165,HEAVY,1,5046.0,4894.0,152,1.0,0,60.0,1.0,0,152,0
FL1737,153,161,HEAVY,3,4141.0,3988.0,153,3.0,0,60.0,3.0,1,155,2
FL2073,154,168,HEAVY,5,3267.0,3113.0,154,5.0,0,60.0,5.0,0,154,0
FL2020,154,159,LIGHT,4,3675.0,3521.0,154,4.0,1,60.0,4.0,1,157,3
FL1875,157,165,LIGHT,4,3677.0,3520.0,157,4.0,1,60.0,4.0,1,159,2
FL1181,163,166,MEDIUM,8,1926.0,1763.0,163,8.0,2,60.0,8.0,1,163,0
FL1141,164,177,HEAVY,7,2346.0,2182.0,164,7.0,0,60.0,7.0,1,165,1
FL1403,164,173,LIGHT,5,3269.0,3105.0,164,5.0,1,60.0,5.0,0,164,0
FL1648,168,179,LIGHT,4,3679.0,3511.0,168,4.0,1,60.0,4.0,1,168,0
FL1440,170,183,MEDIUM,6,2832.0,2662.0,170,6.0,2,60.0,6.0,1,170,0
FL1380,173,184,MEDIUM,7,2349.0,2176.0,173,7.0,2,60.0,7.0,0,173,0
FL1069,173,182,MEDIUM,2,4606.0,4433.0,173,2.0,2,60.0,2.0,1,173,0
FL1632,174,188,HEAVY,7,2354.0,2180.0,174,7.0,0,60.0,7.0,1,175,1
FL1334,177,181,MEDIUM,6,2835.0,2658.0,177,6.0,2,60.0,6.0,1,177,0
FL1603,177,191,MEDIUM,4,3682.0,3505.0,177,4.0,2,60.0,4.0,1,179,2
FL1610,183,187,MEDIUM,9,183.0,0.0,183,9.0,2,0.72,9.0,0,183,0
FL1663,185,192,MEDIUM,9,186.0,1.0,185,9.0,2,0.72,9.0,0,185,0
FL1746,185,200,HEAVY,3,4146.0,3961.0,185,3.0,0,60.0,3.0,1,185,0
FL2148,188,196,LIGHT,9,188.0,0.0,188,9.0,1,0.3333333333333333,9.0,0,188,0
FL1290,191,196,HEAVY,9,193.0,2.0,191,9.0,0,1.4133333333333333,9.0,0,191,0
FL1485,192,196,HEAVY,3,4151.0,3959.0,192,3.0,0,60.0,3.0,1,192,0
FL2091,195,205,MEDIUM,8,1929.0,1734.0,195,8.0,2,60.0,8.0,1,195,0
FL1660,195,208,LIGHT,1,5048.0,4853.0,195,1.0,1,60.0,1.0,1,197,2
FL1488,196,201,LIGHT,6,2837.0,2641.0,196,6.0,1,60.0,6.0,0,196,0
FL1742,197,207,LIGHT,9,197.0,0.0,197,9.0,1,0.35333333333333333,9.0,0,198,1
FL1397,200,205,HEAVY,4,3687.0,3487.0,200,4.0,0,60.0,4.0,1,200,0
FL1630,203,211,HEAVY,2,4611.0,4408.0,203,2.0,0,60.0,2.0,1,203,0
FL2052,204,212,LIGHT,3,4153.0,3949.0,204,3.0,1,60.0,3.0,1,205,1
FL1530,207,216,LIGHT,6,2839.0,2632.0,207,6.0,1,60.0,6.0,1,207,0
FL1558,208,221,MEDIUM,3,4156.0,3948.0,208,3.0,2,60.0,3.0,1,209,1
FL1266,210,221,MEDIUM,9,210.0,0.0,210,9.0,2,0.22666666666666666,9.0,0,210,0
FL1433,210,218,HEAVY,4,3692.0,3482.0,210,4.0,0,60.0,4.0,1,211,1
FL1681,211,222,MEDIUM,3,4159.0,3948.0,211,3.0,2,60.0,3.0,1,213,2
FL1509,215,228,LIGHT,1,5050.0,4835.0,215,1.0,1,60.0,1.0,1,215,0
FL1848,216,220,HEAVY,8,1934.0,1718.0,216,8.0,0,60.0,8.0,1,217,1
FL2199,216,226,HEAVY,1,5055.0,4839.0,216,1.0,0,60.0,1.0,0,216,0
FL2029,217,235,LIGHT,8,1936.0,1719.0,217,8.0,1,60.0,8.0,1,219,2
FL1895,217,221,HEAVY,1,5060.0,4843.0,217,1.0,0,60.0,1.0,0,218,1
FL1233,218,222,HEAVY,9,218.0,0.0,218,9.0,0,0.49333333333333335,9.0,0,220,2
FL1877,219,221,LIGHT,9,220.0,1.0,219,9.0,1,0.7666666666666667,9.0,1,221,2
FL1971,219,235,LIGHT,7,2356.0,2137.0,219,7.0,1,60.0,7.0,1,223,4
FL1344,223,224,LIGHT,8,1938.0,1715.0,223,8.0,1,60.0,8.0,1,225,2
FL1036,228,234,MEDIUM,1,5063.0,4835.0,228,1.0,2,60.0,1.0,1,228,0
FL1108,229,236,LIGHT,6,2841.0,2612.0,229,6.0,1,60.0,6.0,1,230,1
FL1826,229,234,LIGHT,3,4161.0,3932.0,229,3.0,1,60.0,3.0,0,229,0
FL2057,230,239,HEAVY,2,4616.0,4386.0,230,2.0,0,60.0,2.0,1,232,2
FL1097,232,248,MEDIUM,2,4619.0,4387.0,232,2.0,2,60.0,2.0,0,232,0
FL2044,233,241,MEDIUM,9,233.0,0.0,233,9.0,2,0.32666666666666666,9.0,0,234,1
FL1104,233,249,MEDIUM,4,3695.0,3462.0,233,4.0,2,60.0,4.0,1,234,1
FL1295,233,245,LIGHT,4,3697.0,3464.0,233,4.0,1,60.0,4.0,1,236,3
FL1969,234,246,MEDIUM,8,1941.0,1707.0,234,8.0,2,60.0,8.0,1,238,4
FL1088,235,244,MEDIUM,9,236.0,1.0,235,9.0,2,0.66,9.0,0,236,1
FL1575,237,247,LIGHT,8,1943.0,1706.0,237,8.0,1,60.0,8.0,1,240,3
FL1304,239,248,LIGHT,6,2843.0,2604.0,239,6.0,1,60.0,6.0,0,239,0
FL1724,239,246,LIGHT,6,2845.0,2606.0,239,6.0,1,60.0,6.0,1,242,3
FL1208,241,257,HEAVY,2,4624.0,4383.0,241,2.0,0,60.0,2.0,0,241,0
FL1922,243,252,LIGHT,9,243.0,0.0,243,9.0,1,0.24666666666666667,9.0,0,243,0
FL2002,244,247,HEAVY,2,4629.0,4385.0,244,2.0,0,60.0,2.0,1,244,0
FL1172,247,260,HEAVY,8,1948.0,1701.0,247,8.0,0,60.0,8.0,0,247,0
FL1354,247,263,LIGHT,7,2358.0,2111.0,247,7.0,1,60.0,7.0,1,247,0
FL1799,247,253,MEDIUM,4,3700.0,3453.0,247,4.0,2,60.0,4.0,1,249,2
FL1404,248,254,MEDIUM,7,2361.0,2113.0,248,7.0,2,60.0,7.0,1,251,3
FL1772,248,253,MEDIUM,7,2364.0,2116.0,248,7.0,2,60.0,7.0,0,249,1
FL1474,253,262,MEDIUM,9,253.0,0.0,253,9.0,2,0.18666666666666668,9.0,0,253,0
FL1645,256,257,HEAVY,8,1953.0,1697.0,256,8.0,0,60.0,8.0,1,256,0
FL1518,258,266,HEAVY,6,2850.0,2592.0,258,6.0,0,60.0,6.0,1,258,0
FL1345,261,277,MEDIUM,6,2853.0,2592.0,261,6.0,2,60.0,6.0,0,261,0
FL1259,263,271,MEDIUM,3,4164.0,3901.0,263,3.0,2,60.0,3.0,1,263,0
FL1065,266,275,MEDIUM,4,3703.0,3437.0,266,4.0,2,60.0,4.0,1,266,0
FL1954,268,284,HEAVY,7,2369.0,2101.0,268,7.0,0,60.0,7.0,1,268,0
FL2076,269,281,MEDIUM,7,2372.0,2103.0,269,7.0,2,60.0,7.0,1,270,1
FL1934,269,280,LIGHT,5,3271.0,3002.0,269,5.0,1,60.0,5.0,0,269,0
FL2068,272,281,HEAVY,5,3276.0,3004.0,272,5.0,0,60.0,5.0,1,272,0
FL1996,272,278,MEDIUM,2,4632.0,4360.0,272,2.0,2,60.0,2.0,1,274,2
FL1455,273,279,LIGHT,8,1955.0,1682.0,273,8.0,1,60.0,8.0,0,273,0
FL1522,276,293,LIGHT,4,3705.0,3429.0,276,4.0,1,60.0,4.0,1,276,0
FL1025,281,288,MEDIUM,6,2856.0,2575.0,281,6.0,2,60.0,6.0,0,281,0
FL1372,282,294,LIGHT,1,5065.0,4783.0,282,1.0,1,60.0,1.0,1,282,0
FL1788,286,292,LIGHT,7,2374.0,2088.0,286,7.0,1,60.0,7.0,0,286,0
FL1333,291,293,HEAVY,2,4637.0,4346.0,291,2.0,0,60.0,2.0,1,291,0
FL1695,292,302,HEAVY,8,1960.0,1668.0,292,8.0,0,60.0,8.0,1,293,1
FL1473,293,302,HEAVY,7,2379.0,2086.0,293,7.0,0,60.0,7.0,1,295,2
FL1425,294,298,LIGHT,8,1962.0,1668.0,294,8.0,1,60.0,8.0,0,294,0
FL1252,297,309,MEDIUM,7,2382.0,2085.0,297,7.0,2,60.0,7.0,1,297,0
FL1385,298,301,HEAVY,9,298.0,0.0,298,9.0,0,0.11333333333333333,9.0,0,298,0
FL1924,298,310,MEDIUM,7,2385.0,2087.0,298,7.0,2,60.0,7.0,1,299,1
FL1688,304,315,MEDIUM,6,2859.0,2555.0,304,6.0,2,60.0,6.0,0,304,0
FL1246,305,312,LIGHT,4,3707.0,3402.0,305,4.0,1,60.0,4.0,1,305,0
FL1763,306,319,HEAVY,1,5070.0,4764.0,306,1.0,0,60.0,1.0,1,307,1
FL1288,308,318,HEAVY,4,3712.0,3404.0,308,4.0,0,60.0,4.0,1,309,1
FL1236,311,321,MEDIUM,2,4640.0,4329.0,311,2.0,2,60.0,2.0,0,311,0
FL1885,312,316,LIGHT,8,1964.0,1652.0,312,8.0,1,60.0,8.0,0,313,1
FL1106,314,331,MEDIUM,5,3279.0,2965.0,314,5.0,2,60.0,5.0,1,314,0
FL1726,314,323,LIGHT,2,4642.0,4328.0,314,2.0,1,60.0,2.0,1,316,2
FL2055,314,323,LIGHT,1,5072.0,4758.0,314,1.0,1,60.0,1.0,0,315,1
FL1483,316,317,MEDIUM,9,316.0,0.0,316,9.0,2,1.56,9.0,0,317,1
FL1769,318,323,LIGHT,2,4644.0,4326.0,318,2.0,1,60.0,2.0,1,318,0
FL1656,319,327,HEAVY,7,2390.0,2071.0,319,7.0,0,60.0,7.0,1,320,1
FL1363,321,324,HEAVY,5,3284.0,2963.0,321,5.0,0,60.0,5.0,1,322,1
FL1174,323,329,MEDIUM,5,3287.0,2964.0,323,5.0,2,60.0,5.0,1,324,1
FL2062,323,337,MEDIUM,1,5075.0,4752.0,323,1.0,2,60.0,1.0,0,323,0
FL1985,328,332,HEAVY,2,4649.0,4321.0,328,2.0,0,60.0,2.0,1,328,0
FL1469,329,340,HEAVY,5,3292.0,2963.0,329,5.0,0,60.0,5.0,1,330,1
FL1592,331,339,LIGHT,7,2392.0,2061.0,331,7.0,1,60.0,7.0,1,332,1
FL1978,331,348,HEAVY,7,2397.0,2066.0,331,7.0,0,60.0,7.0,0,331,0
FL1750,331,344,LIGHT,3,4166.0,3835.0,331,3.0,1,60.0,3.0,1,334,3
FL1163,332,342,LIGHT,1,5077.0,4745.0,332,1.0,1,60.0,1.0,0,333,1
FL1668,335,341,MEDIUM,4,3715.0,3380.0,335,4.0,2,60.0,4.0,1,336,1
FL1541,336,342,HEAVY,3,4171.0,3835.0,336,3.0,0,60.0,3.0,1,338,2
FL1028,337,349,HEAVY,9,337.0,0.0,337,9.0,0,0.3333333333333333,9.0,0,337,0
FL1496,337,356,MEDIUM,9,340.0,3.0,337,9.0,2,2.02,9.0,1,340,3
FL1800,337,346,LIGHT,2,4651.0,4314.0,337,2.0,1,60.0,2.0,0,339,2
FL1033,341,343,MEDIUM,3,4174.0,3833.0,341,3.0,2,60.0,3.0,1,342,1
FL1825,342,359,LIGHT,7,2399.0,2057.0,342,7.0,1,60.0,7.0,1,344,2
FL1657,343,348,LIGHT,2,4653.0,4310.0,343,2.0,1,60.0,2.0,0,343,0
FL1368,344,361,MEDIUM,9,344.0,0.0,344,9.0,2,0.72,9.0,1,346,2
FL1476,344,360,MEDIUM,3,4177.0,3833.0,344,3.0,2,60.0,3.0,0,345,1
FL1251,353,364,LIGHT,7,2401.0,2048.0,353,7.0,1,60.0,7.0,1,353,0
FL2107,353,355,MEDIUM,1,5080.0,4727.0,353,1.0,2,60.0,1.0,1,355,2
FL2033,356,370,HEAVY,7,2406.0,2050.0,356,7.0,0,60.0,7.0,1,357,1
FL1467,357,365,HEAVY,9,357.0,0.0,357,9.0,0,0.0,9.0,0,357,0
FL2145,357,365,HEAVY,8,1969.0,1612.0,357,8.0,0,60.0,8.0,1,359,2
FL1128,359,363,HEAVY,8,1974.0,1615.0,359,8.0,0,60.0,8.0,1,361,2
FL1839,359,361,HEAVY,5,3297.0,2938.0,359,5.0,0,60.0,5.0,0,359,0
FL2146,361,378,HEAVY,4,3720.0,3359.0,361,4.0,0,60.0,4.0,1,363,2
FL1516,365,377,MEDIUM,8,1977.0,1612.0,365,8.0,2,60.0,8.0,0,365,0
FL1247,365,378,LIGHT,5,3299.0,2934.0,365,5.0,1,60.0,5.0,1,365,0
FL1639,368,386,HEAVY,9,368.0,0.0,368,9.0,0,0.02666666666666667,9.0,0,368,0
FL1622,369,383,LIGHT,8,1979.0,1610.0,369,8.0,1,60.0,8.0,1,369,0
FL1048,369,385,MEDIUM,3,4180.0,3811.0,369,3.0,2,60.0,3.0,1,371,2
FL1689,370,379,MEDIUM,9,371.0,1.0,370,9.0,2,0.6533333333333333,9.0,0,370,0
FL1606,370,378,LIGHT,8,1981.0,1611.0,370,8.0,1,60.0,8.0,1,373,3
FL1167,373,382,LIGHT,2,4655.0,4282.0,373,2.0,1,60.0,2.0,1,375,2
FL1756,374,390,MEDIUM,3,4183.0,3809.0,374,3.0,2,60.0,3.0,0,374,0
FL1417,377,380,MEDIUM,6,2862.0,2485.0,377,6.0,2,60.0,6.0,1,377,0
FL1685,379,386,LIGHT,7,2408.0,2029.0,379,7.0,1,60.0,7.0,0,379,0
FL1842,380,395,MEDIUM,5,3302.0,2922.0,380,5.0,2,60.0,5.0,0,381,1
FL1949,381,396,MEDIUM,8,1984.0,1603.0,381,8.0,2,60.0,8.0,1,381,0
FL2123,381,393,HEAVY,6,2867.0,2486.0,381,6.0,0,60.0,6.0,1,383,2
FL1812,381,386,LIGHT,5,3304.0,2923.0,381,5.0,1,60.0,5.0,1,385,4
FL2159,381,400,MEDIUM,4,3723.0,3342.0,381,4.0,2,60.0,4.0,0,383,2
FL2153,383,396,LIGHT,8,1986.0,1603.0,383,8.0,1,60.0,8.0,1,387,4
FL1539,386,389,MEDIUM,6,2870.0,2484.0,386,6.0,2,60.0,6.0,0,386,0
FL1930,387,399,LIGHT,7,2410.0,2023.0,387,7.0,1,60.0,7.0,1,389,2
FL1343,387,396,LIGHT,3,4185.0,3798.0,387,3.0,1,60.0,3.0,0,388,1
FL1513,388,400,MEDIUM,1,5083.0,4695.0,388,1.0,2,60.0,1.0,1,391,3
FL1015,392,411,LIGHT,3,4187.0,3795.0,392,3.0,1,60.0,3.0,1,393,1
FL1874,394,407,HEAVY,8,1991.0,1597.0,394,8.0,0,60.0,8.0,1,395,1
FL1894,396,404,HEAVY,7,2415.0,2019.0,396,7.0,0,60.0,7.0,1,397,1
FL1034,397,406,LIGHT,3,4189.0,3792.0,397,3.0,1,60.0,3.0,0,397,0
FL1064,399,411,LIGHT,1,5085.0,4686.0,399,1.0,1,60.0,1.0,1,399,0
FL1175,401,403,HEAVY,8,1996.0,1595.0,401,8.0,0,60.0,8.0,1,401,0
FL1362,401,409,MEDIUM,5,3307.0,2906.0,401,5.0,2,60.0,5.0,1,403,2
FL1248,401,411,LIGHT,3,4191.0,3790.0,401,3.0,1,60.0,3.0,0,401,0
FL1207,403,416,HEAVY,6,2875.0,2472.0,403,6.0,0,60.0,6.0,1,405,2
FL2065,404,411,MEDIUM,4,3726.0,3322.0,404,4.0,2,60.0,4.0,0,404,0
FL1546,404,411,LIGHT,3,4193.0,3789.0,404,3.0,1,60.0,3.0,0,406,2
FL2026,405,418,HEAVY,5,3312.0,2907.0,405,5.0,0,60.0,5.0,1,407,2
FL1620,406,423,HEAVY,6,2880.0,2474.0,406,6.0,0,60.0,6.0,1,409,3
FL1702,406,420,LIGHT,1,5087.0,4681.0,406,1.0,1,60.0,1.0,0,408,2
FL1787,412,418,HEAVY,9,412.0,0.0,412,9.0,0,0.04,9.0,0,412,0
FL2158,412,430,HEAVY,6,2885.0,2473.0,412,6.0,0,60.0,6.0,1,412,0
FL1422,414,429,HEAVY,8,2001.0,1587.0,414,8.0,0,60.0,8.0,1,414,0
FL1757,417,433,HEAVY,8,2006.0,1589.0,417,8.0,0,60.0,8.0,1,417,0
FL1995,418,429,HEAVY,5,3317.0,2899.0,418,5.0,0,60.0,5.0,1,419,1
FL1841,421,429,HEAVY,1,5092.0,4671.0,421,1.0,0,60.0,1.0,1,421,0
FL1189,426,439,LIGHT,5,3319.0,2893.0,426,5.0,1,60.0,5.0,1,426,0
FL1332,427,429,MEDIUM,5,3322.0,2895.0,427,5.0,2,60.0,5.0,1,428,1
FL1263,428,442,HEAVY,8,2011.0,1583.0,428,8.0,0,60.0,8.0,1,430,2
FL1427,431,435,MEDIUM,3,4196.0,3765.0,431,3.0,2,60.0,3.0,1,432,1
FL2180,432,451,HEAVY,5,3327.0,2895.0,432,5.0,0,60.0,5.0,1,434,2
FL2183,434,440,LIGHT,9,434.0,0.0,434,9.0,1,0.02666666666666667,9.0,0,434,0
FL1420,440,453,HEAVY,3,4201.0,3761.0,440,3.0,0,60.0,3.0,1,440,0
FL1721,440,454,LIGHT,1,5094.0,4654.0,440,1.0,1,60.0,1.0,1,442,2
FL1652,441,448,HEAVY,4,3731.0,3290.0,441,4.0,0,60.0,4.0,0,441,0
FL2177,442,449,MEDIUM,7,2418.0,1976.0,442,7.0,2,60.0,7.0,1,444,2
FL1984,446,463,HEAVY,7,2423.0,1977.0,446,7.0,0,60.0,7.0,1,446,0
FL1532,450,465,MEDIUM,2,4658.0,4208.0,450,2.0,2,60.0,2.0,0,450,0
FL1491,452,456,LIGHT,3,4203.0,3751.0,452,3.0,1,60.0,3.0,1,452,0
FL1554,455,466,HEAVY,6,2890.0,2435.0,455,6.0,0,60.0,6.0,1,455,0
FL1444,456,471,HEAVY,7,2428.0,1972.0,456,7.0,0,60.0,7.0,1,457,1
FL1061,458,468,LIGHT,1,5096.0,4638.0,458,1.0,1,60.0,1.0,0,458,0
FL2179,460,475,HEAVY,5,3332.0,2872.0,460,5.0,0,60.0,5.0,1,460,0
FL1609,460,472,HEAVY,2,4663.0,4203.0,460,2.0,0,60.0,2.0,0,460,0
FL1260,461,469,MEDIUM,3,4206.0,3745.0,461,3.0,2,60.0,3.0,1,462,1
FL2035,462,467,MEDIUM,5,3335.0,2873.0,462,5.0,2,60.0,5.0,1,464,2
FL1990,463,479,MEDIUM,9,463.0,0.0,463,9.0,2,0.006666666666666667,9.0,0,463,0
FL1716,467,483,HEAVY,4,3736.0,3269.0,467,4.0,0,60.0,4.0,1,467,0
FL1145,469,486,LIGHT,7,2430.0,1961.0,469,7.0,1,60.0,7.0,0,469,0
FL1446,471,486,MEDIUM,4,3739.0,3268.0,471,4.0,2,60.0,4.0,1,471,0
FL1814,472,488,LIGHT,7,2432.0,1960.0,472,7.0,1,60.0,7.0,0,472,0
FL1942,474,486,HEAVY,9,474.0,0.0,474,9.0,0,0.0,9.0,0,474,0
FL1310,474,486,HEAVY,7,2437.0,1963.0,474,7.0,0,60.0,7.0,0,476,2
FL1003,477,489,LIGHT,3,4208.0,3731.0,477,3.0,1,60.0,3.0,1,477,0
FL2112,478,491,MEDIUM,9,478.0,0.0,478,9.0,2,0.006666666666666667,9.0,0,478,0
FL1897,478,492,LIGHT,2,4665.0,4187.0,478,2.0,1,60.0,2.0,1,479,1
FL1591,481,485,LIGHT,1,5098.0,4617.0,481,1.0,1,60.0,1.0,1,481,0
FL1783,484,500,MEDIUM,6,2893.0,2409.0,484,6.0,2,60.0,6.0,1,484,0
FL1545,487,491,HEAVY,7,2442.0,1955.0,487,7.0,0,60.0,7.0,1,487,0
FL1041,489,495,MEDIUM,1,5101.0,4612.0,489,1.0,2,60.0,1.0,1,489,0
FL1201,491,506,MEDIUM,9,491.0,0.0,491,9.0,2,0.006666666666666667,9.0,0,491,0
FL1643,491,509,LIGHT,4,3741.0,3250.0,491,4.0,1,60.0,4.0,1,491,0
FL2133,495,507,MEDIUM,3,4211.0,3716.0,495,3.0,2,60.0,3.0,1,495,0
FL1050,512,531,MEDIUM,6,2896.0,2384.0,512,6.0,2,60.0,6.0,1,512,0
FL1116,514,524,MEDIUM,8,2014.0,1500.0,514,8.0,2,60.0,8.0,1,514,0
FL1228,515,525,MEDIUM,4,3744.0,3229.0,515,4.0,2,60.0,4.0,1,516,1
FL1267,517,532,HEAVY,7,2447.0,1930.0,517,7.0,0,60.0,7.0,1,518,1
FL1981,517,529,HEAVY,7,2452.0,1935.0,517,7.0,0,60.0,7.0,0,517,0
FL1789,518,528,MEDIUM,7,2455.0,1937.0,518,7.0,2,60.0,7.0,1,520,2
FL2143,520,530,MEDIUM,2,4668.0,4148.0,520,2.0,2,60.0,2.0,1,522,2
FL1497,521,531,HEAVY,9,521.0,0.0,521,9.0,0,0.0,9.0,0,521,0
FL1818,522,533,LIGHT,5,3337.0,2815.0,522,5.0,1,60.0,5.0,1,524,2
FL2104,525,533,HEAVY,2,4673.0,4148.0,525,2.0,0,60.0,2.0,1,526,1
FL1203,526,539,MEDIUM,7,2458.0,1932.0,526,7.0,2,60.0,7.0,1,528,2
FL1953,527,535,HEAVY,5,3342.0,2815.0,527,5.0,0,60.0,5.0,0,527,0
FL1893,531,544,MEDIUM,2,4676.0,4145.0,531,2.0,2,60.0,2.0,1,531,0
FL1222,531,541,HEAVY,1,5106.0,4575.0,531,1.0,0,60.0,1.0,1,533,2
FL1813,532,542,HEAVY,8,2019.0,1487.0,532,8.0,0,60.0,8.0,0,532,0
FL1111,532,536,LIGHT,1,5108.0,4576.0,532,1.0,1,60.0,1.0,1,535,3
FL1888,535,552,LIGHT,7,2460.0,1925.0,535,7.0,1,60.0,7.0,1,537,2
FL1728,535,546,HEAVY,1,5113.0,4578.0,535,1.0,0,60.0,1.0,0,535,0
FL1919,535,543,HEAVY,1,5118.0,4583.0,535,1.0,0,60.0,1.0,1,539,4
FL1356,536,539,HEAVY,5,3347.0,2811.0,536,5.0,0,60.0,5.0,0,537,1
FL1793,536,545,LIGHT,5,3349.0,2813.0,536,5.0,1,60.0,5.0,1,541,5
FL1884,537,545,LIGHT,3,4213.0,3676.0,537,3.0,1,60.0,3.0,0,539,2
FL2186,540,548,MEDIUM,9,540.0,0.0,540,9.0,2,0.006666666666666667,9.0,0,541,1
FL1305,542,549,LIGHT,4,3746.0,3204.0,542,4.0,1,60.0,4.0,1,543,1
FL1296,543,546,LIGHT,5,3351.0,2808.0,543,5.0,1,60.0,5.0,1,545,2
FL1413,544,552,LIGHT,1,5120.0,4576.0,544,1.0,1,60.0,1.0,0,544,0
FL1815,545,558,MEDIUM,1,5123.0,4578.0,545,1.0,2,60.0,1.0,1,547,2
FL1830,546,554,HEAVY,8,2024.0,1478.0,546,8.0,0,60.0,8.0,0,546,0
FL1892,546,557,HEAVY,7,2465.0,1919.0,546,7.0,0,60.0,7.0,1,549,3
FL1421,546,561,MEDIUM,4,3749.0,3203.0,546,4.0,2,60.0,4.0,0,548,2
FL1093,549,555,HEAVY,2,4681.0,4132.0,549,2.0,0,60.0,2.0,1,551,2
FL2166,550,555,LIGHT,8,2026.0,1476.0,550,8.0,1,60.0,8.0,0,550,0
FL1619,551,560,LIGHT,1,5125.0,4574.0,551,1.0,1,60.0,1.0,0,552,1
FL1791,554,571,MEDIUM,1,5128.0,4574.0,554,1.0,2,60.0,1.0,1,554,0
FL1968,557,563,HEAVY,1,5133.0,4576.0,557,1.0,0,60.0,1.0,1,557,0
FL1438,558,574,HEAVY,6,2901.0,2343.0,558,6.0,0,60.0,6.0,1,559,1
FL2105,559,572,MEDIUM,5,3354.0,2795.0,559,5.0,2,60.0,5.0,1,561,2
FL2000,562,569,HEAVY,4,3754.0,3192.0,562,4.0,0,60.0,4.0,1,563,1
FL1177,566,571,LIGHT,8,2028.0,1462.0,566,8.0,1,60.0,8.0,1,566,0
FL2096,568,578,HEAVY,9,568.0,0.0,568,9.0,0,0.0,9.0,0,568,0
FL2195,569,577,MEDIUM,2,4684.0,4115.0,569,2.0,2,60.0,2.0,1,569,0
FL1576,570,583,MEDIUM,7,2468.0,1898.0,570,7.0,2,60.0,7.0,1,571,1
FL1045,575,592,HEAVY,6,2906.0,2331.0,575,6.0,0,60.0,6.0,0,575,0
FL2149,580,581,LIGHT,5,3356.0,2776.0,580,5.0,1,60.0,5.0,1,580,0
FL1017,581,591,HEAVY,9,581.0,0.0,581,9.0,0,0.0,9.0,0,581,0
FL1209,589,596,MEDIUM,6,2909.0,2320.0,589,6.0,2,60.0,6.0,1,589,0
FL1240,589,607,HEAVY,4,3759.0,3170.0,589,4.0,0,60.0,4.0,1,591,2
FL1801,589,592,LIGHT,3,4215.0,3626.0,589,3.0,1,60.0,3.0,0,589,0
FL2080,594,601,HEAVY,8,2033.0,1439.0,594,8.0,0,60.0,8.0,1,594,0
FL1459,596,607,MEDIUM,6,2912.0,2316.0,596,6.0,2,60.0,6.0,1,596,0
FL2095,596,609,LIGHT,3,4217.0,3621.0,596,3.0,1,60.0,3.0,1,598,2
FL1105,597,608,HEAVY,5,3361.0,2764.0,597,5.0,0,60.0,5.0,0,597,0
FL1285,598,606,MEDIUM,7,2471.0,1873.0,598,7.0,2,60.0,7.0,1,600,2
FL1808,598,603,LIGHT,3,4219.0,3621.0,598,3.0,1,60.0,3.0,0,599,1
FL1687,600,617,MEDIUM,6,2915.0,2315.0,600,6.0,2,60.0,6.0,1,602,2
FL1736,602,607,HEAVY,9,602.0,0.0,602,9.0,0,0.0,9.0,0,602,0
FL2039,603,607,MEDIUM,1,5136.0,4533.0,603,1.0,2,60.0,1.0,1,604,1
FL2111,603,620,LIGHT,1,5138.0,4535.0,603,1.0,1,60.0,1.0,1,606,3
FL2140,605,621,HEAVY,4,3764.0,3159.0,605,4.0,0,60.0,4.0,0,605,0
FL2007,605,618,LIGHT,2,4686.0,4081.0,605,2.0,1,60.0,2.0,1,608,3
FL1463,607,615,HEAVY,3,4224.0,3617.0,607,3.0,0,60.0,3.0,0,607,0
FL1794,609,613,HEAVY,9,609.0,0.0,609,9.0,0,0.0,9.0,0,609,0
FL1858,611,626,HEAVY,1,5143.0,4532.0,611,1.0,0,60.0,1.0,1,611,0
FL1766,612,621,MEDIUM,6,2918.0,2306.0,612,6.0,2,60.0,6.0,1,613,1
FL1014,612,631,MEDIUM,3,4227.0,3615.0,612,3.0,2,60.0,3.0,0,612,0
FL1359,613,620,MEDIUM,3,4230.0,3617.0,613,3.0,2,60.0,3.0,1,615,2
FL1543,618,633,MEDIUM,2,4689.0,4071.0,618,2.0,2,60.0,2.0,0,618,0
FL1654,619,636,LIGHT,4,3766.0,3147.0,619,4.0,1,60.0,4.0,0,620,1
FL1230,620,634,HEAVY,4,3771.0,3151.0,620,4.0,0,60.0,4.0,1,620,0
FL1107,623,631,MEDIUM,8,2036.0,1413.0,623,8.0,2,60.0,8.0,1,623,0
FL1261,623,638,HEAVY,1,5148.0,4525.0,623,1.0,0,60.0,1.0,1,625,2
FL1470,627,644,HEAVY,8,2041.0,1414.0,627,8.0,0,60.0,8.0,1,627,0
FL2079,627,643,MEDIUM,6,2921.0,2294.0,627,6.0,2,60.0,6.0,1,629,2
FL2109,628,643,HEAVY,2,4694.0,4066.0,628,2.0,0,60.0,2.0,0,628,0
FL1525,629,638,MEDIUM,7,2474.0,1845.0,629,7.0,2,60.0,7.0,0,630,1
FL1166,629,639,HEAVY,3,4235.0,3606.0,629,3.0,0,60.0,3.0,1,631,2
FL1211,634,644,HEAVY,6,2926.0,2292.0,634,6.0,0,60.0,6.0,1,634,0
FL1529,636,647,LIGHT,3,4237.0,3601.0,636,3.0,1,60.0,3.0,1,636,0
FL2032,640,654,LIGHT,7,2476.0,1836.0,640,7.0,1,60.0,7.0,1,640,0
FL2136,641,652,LIGHT,5,3363.0,2722.0,641,5.0,1,60.0,5.0,1,642,1
FL1590,641,652,MEDIUM,1,5151.0,4510.0,641,1.0,2,60.0,1.0,0,641,0
FL1694,643,658,MEDIUM,4,3774.0,3131.0,643,4.0,2,60.0,4.0,1,644,1
FL1445,647,655,LIGHT,9,647.0,0.0,647,9.0,1,0.013333333333333334,9.0,0,647,0
FL1109,647,655,HEAVY,8,2046.0,1399.0,647,8.0,0,60.0,8.0,1,647,0
FL1004,647,655,HEAVY,7,2481.0,1834.0,647,7.0,0,60.0,7.0,1,649,2
FL1358,647,660,LIGHT,7,2483.0,1836.0,647,7.0,1,60.0,7.0,0,649,2
FL1979,649,660,MEDIUM,7,2486.0,1837.0,649,7.0,2,60.0,7.0,1,651,2
FL1286,653,660,MEDIUM,8,2049.0,1396.0,653,8.0,2,60.0,8.0,1,653,0
FL1650,656,667,MEDIUM,6,2929.0,2273.0,656,6.0,2,60.0,6.0,1,656,0
FL1882,657,667,HEAVY,8,2054.0,1397.0,657,8.0,0,60.0,8.0,1,658,1
FL1771,658,668,MEDIUM,3,4240.0,3582.0,658,3.0,2,60.0,3.0,1,660,2
FL1164,660,665,LIGHT,5,3365.0,2705.0,660,5.0,1,60.0,5.0,1,662,2
FL1948,661,666,MEDIUM,6,2932.0,2271.0,661,6.0,2,60.0,6.0,0,661,0
FL1468,662,667,MEDIUM,3,4243.0,3581.0,662,3.0,2,60.0,3.0,1,664,2
FL2191,664,672,MEDIUM,8,2057.0,1393.0,664,8.0,2,60.0,8.0,1,666,2
FL1670,665,679,LIGHT,5,3367.0,2702.0,665,5.0,1,60.0,5.0,0,665,0
FL1725,666,669,LIGHT,7,2488.0,1822.0,666,7.0,1,60.0,7.0,0,667,1
FL1743,667,681,MEDIUM,7,2491.0,1824.0,667,7.0,2,60.0,7.0,1,668,1
FL2036,668,681,LIGHT,5,3369.0,2701.0,668,5.0,1,60.0,5.0,1,670,2
FL1138,671,686,HEAVY,8,2062.0,1391.0,671,8.0,0,60.0,8.0,1,672,1
FL2006,671,679,LIGHT,7,2493.0,1822.0,671,7.0,1,60.0,7.0,0,671,0
FL2087,672,681,LIGHT,7,2495.0,1823.0,672,7.0,1,60.0,7.0,0,673,1
FL1439,674,687,LIGHT,6,2934.0,2260.0,674,6.0,1,60.0,6.0,1,674,0
FL1931,674,677,HEAVY,1,5156.0,4482.0,674,1.0,0,60.0,1.0,1,676,2
FL1906,675,685,HEAVY,1,5161.0,4486.0,675,1.0,0,60.0,1.0,0,675,0
FL1820,678,686,LIGHT,7,2497.0,1819.0,678,7.0,1,60.0,7.0,0,678,0
FL1273,678,683,HEAVY,3,4248.0,3570.0,678,3.0,0,60.0,3.0,1,678,0
FL1078,678,689,MEDIUM,2,4697.0,4019.0,678,2.0,2,60.0,2.0,1,680,2
FL1340,680,686,LIGHT,9,680.0,0.0,680,9.0,1,0.013333333333333334,9.0,0,680,0
FL1672,684,690,LIGHT,2,4699.0,4015.0,684,2.0,1,60.0,2.0,1,684,0
FL1086,684,701,MEDIUM,1,5164.0,4480.0,684,1.0,2,60.0,1.0,0,684,0
FL1302,686,690,HEAVY,3,4253.0,3567.0,686,3.0,0,60.0,3.0,1,686,0
FL1680,687,699,HEAVY,9,687.0,0.0,687,9.0,0,0.0,9.0,0,687,0
FL2047,689,695,LIGHT,6,2936.0,2247.0,689,6.0,1,60.0,6.0,1,689,0
FL1929,691,700,MEDIUM,2,4702.0,4011.0,691,2.0,2,60.0,2.0,1,691,0
FL1057,693,696,HEAVY,1,5169.0,4476.0,693,1.0,0,60.0,1.0,1,693,0
FL1232,694,708,MEDIUM,4,3777.0,3083.0,694,4.0,2,60.0,4.0,1,695,1
FL2097,699,709,HEAVY,2,4707.0,4008.0,699,2.0,0,60.0,2.0,1,699,0
FL1618,700,706,LIGHT,2,4709.0,4009.0,700,2.0,1,60.0,2.0,1,701,1
FL1947,700,702,MEDIUM,1,5172.0,4472.0,700,1.0,2,60.0,1.0,0,700,0
FL1604,701,717,LIGHT,3,4255.0,3554.0,701,3.0,1,60.0,3.0,1,703,2
FL1961,704,708,LIGHT,3,4257.0,3553.0,704,3.0,1,60.0,3.0,1,705,1
FL1307,706,712,LIGHT,7,2499.0,1793.0,706,7.0,1,60.0,7.0,1,707,1
FL1051,707,722,HEAVY,6,2941.0,2234.0,707,6.0,0,60.0,6.0,1,709,2
FL1084,710,727,HEAVY,6,2946.0,2236.0,710,6.0,0,60.0,6.0,1,711,1
FL1880,710,715,MEDIUM,3,4260.0,3550.0,710,3.0,2,60.0,3.0,0,710,0
FL1753,711,714,LIGHT,3,4262.0,3551.0,711,3.0,1,60.0,3.0,1,713,2
FL1243,713,729,HEAVY,3,4267.0,3554.0,713,3.0,0,60.0,3.0,1,715,2
FL2019,714,720,MEDIUM,1,5175.0,4461.0,714,1.0,2,60.0,1.0,0,714,0
FL1520,715,729,HEAVY,2,4714.0,3999.0,715,2.0,0,60.0,2.0,1,717,2
FL2067,716,726,HEAVY,7,2504.0,1788.0,716,7.0,0,60.0,7.0,0,716,0
FL1638,716,720,HEAVY,5,3374.0,2658.0,716,5.0,0,60.0,5.0,1,719,3
FL1085,717,727,LIGHT,1,5177.0,4460.0,717,1.0,1,60.0,1.0,0,718,1
FL1514,722,733,HEAVY,6,2951.0,2229.0,722,6.0,0,60.0,6.0,1,722,0
FL1544,722,731,HEAVY,5,3379.0,2657.0,722,5.0,0,60.0,5.0,1,724,2
FL1871,725,729,HEAVY,1,5182.0,4457.0,725,1.0,0,60.0,1.0,1,726,1
FL1100,726,743,MEDIUM,7,2507.0,1781.0,726,7.0,2,60.0,7.0,1,728,2
FL1350,726,736,MEDIUM,6,2954.0,2228.0,726,6.0,2,60.0,6.0,0,726,0
FL1292,728,737,HEAVY,1,5187.0,4459.0,728,1.0,0,60.0,1.0,1,730,2
FL1599,733,741,HEAVY,8,2067.0,1334.0,733,8.0,0,60.0,8.0,1,733,0
FL1219,734,747,MEDIUM,4,3780.0,3046.0,734,4.0,2,60.0,4.0,1,735,1
FL1540,735,739,HEAVY,1,5192.0,4457.0,735,1.0,0,60.0,1.0,1,737,2
FL1183,737,753,MEDIUM,9,737.0,0.0,737,9.0,2,0.03333333333333333,9.0,0,737,0
FL1090,738,747,MEDIUM,2,4717.0,3979.0,738,2.0,2,60.0,2.0,1,739,1
FL1684,743,746,MEDIUM,1,5195.0,4452.0,743,1.0,2,60.0,1.0,1,743,0
FL2129,745,763,MEDIUM,8,2070.0,1325.0,745,8.0,2,60.0,8.0,1,745,0
FL1862,748,756,LIGHT,9,748.0,0.0,748,9.0,1,0.05333333333333334,9.0,0,748,0
FL2181,748,752,HEAVY,3,4272.0,3524.0,748,3.0,0,60.0,3.0,1,748,0
FL2016,753,765,LIGHT,6,2956.0,2203.0,753,6.0,1,60.0,6.0,1,753,0
FL2040,753,763,LIGHT,1,5197.0,4444.0,753,1.0,1,60.0,1.0,1,755,2
FL2155,754,767,MEDIUM,7,2510.0,1756.0,754,7.0,2,60.0,7.0,0,754,0
FL1068,754,766,HEAVY,1,5202.0,4448.0,754,1.0,0,60.0,1.0,1,757,3
FL1080,755,768,HEAVY,3,4277.0,3522.0,755,3.0,0,60.0,3.0,0,756,1
FL1982,756,774,LIGHT,1,5204.0,4448.0,756,1.0,1,60.0,1.0,1,759,3
FL1625,757,759,HEAVY,9,757.0,0.0,757,9.0,0,0.006666666666666667,9.0,0,758,1
FL2098,760,775,MEDIUM,4,3783.0,3023.0,760,4.0,2,60.0,4.0,1,761,1
FL1593,761,763,LIGHT,1,5206.0,4445.0,761,1.0,1,60.0,1.0,1,763,2
FL1316,767,777,MEDIUM,2,4720.0,3953.0,767,2.0,2,60.0,2.0,1,767,0
FL1887,770,782,HEAVY,4,3788.0,3018.0,770,4.0,0,60.0,4.0,1,770,0
FL2017,771,785,MEDIUM,6,2959.0,2188.0,771,6.0,2,60.0,6.0,1,772,1
FL1673,771,782,MEDIUM,1,5209.0,4438.0,771,1.0,2,60.0,1.0,0,771,0
FL2100,771,779,HEAVY,1,5214.0,4443.0,771,1.0,0,60.0,1.0,1,774,3
FL2003,772,788,LIGHT,1,5216.0,4444.0,772,1.0,1,60.0,1.0,0,773,1
FL1845,774,788,HEAVY,2,4725.0,3951.0,774,2.0,0,60.0,2.0,1,776,2
FL2021,775,788,MEDIUM,2,4728.0,3953.0,775,2.0,2,60.0,2.0,0,775,0
FL1114,778,791,LIGHT,8,2072.0,1294.0,778,8.0,1,60.0,8.0,1,778,0
FL1006,778,794,LIGHT,1,5218.0,4440.0,778,1.0,1,60.0,1.0,1,780,2
FL1005,779,790,HEAVY,2,4733.0,3954.0,779,2.0,0,60.0,2.0,0,779,0
FL1594,780,795,HEAVY,5,3384.0,2604.0,780,5.0,0,60.0,5.0,1,782,2
FL1341,781,790,MEDIUM,8,2075.0,1294.0,781,8.0,2,60.0,8.0,0,781,0
FL2030,781,791,LIGHT,4,3790.0,3009.0,781,4.0,1,60.0,4.0,1,784,3
FL1280,781,790,MEDIUM,2,4736.0,3955.0,781,2.0,2,60.0,2.0,0,783,2
FL1130,782,789,HEAVY,5,3389.0,2607.0,782,5.0,0,60.0,5.0,1,786,4
FL2172,784,795,HEAVY,2,4741.0,3957.0,784,2.0,0,60.0,2.0,0,785,1
FL2053,785,795,MEDIUM,4,3793.0,3008.0,785,4.0,2,60.0,4.0,0,787,2
FL1480,786,792,LIGHT,9,786.0,0.0,786,9.0,1,0.32,9.0,0,789,3
FL1865,790,800,HEAVY,2,4746.0,3956.0,790,2.0,0,60.0,2.0,1,790,0
FL1549,790,796,MEDIUM,1,5221.0,4431.0,790,1.0,2,60.0,1.0,1,792,2
FL2014,794,800,MEDIUM,9,794.0,0.0,794,9.0,2,0.49333333333333335,9.0,0,794,0
FL1098,795,806,LIGHT,9,796.0,1.0,795,9.0,1,0.7,9.0,0,796,1
FL1457,796,811,HEAVY,2,4751.0,3955.0,796,2.0,0,60.0,2.0,1,796,0
FL1269,802,804,HEAVY,6,2964.0,2162.0,802,6.0,0,60.0,6.0,0,802,0
FL1819,804,820,MEDIUM,6,2967.0,2163.0,804,6.0,2,60.0,6.0,1,804,0
FL1987,804,807,HEAVY,2,4756.0,3952.0,804,2.0,0,60.0,2.0,1,806,2
FL1148,805,814,MEDIUM,9,805.0,0.0,805,9.0,2,0.11333333333333333,9.0,0,805,0
FL1152,808,819,MEDIUM,2,4759.0,3951.0,808,2.0,2,60.0,2.0,1,808,0
FL1102,809,812,LIGHT,9,809.0,0.0,809,9.0,1,0.04666666666666667,9.0,0,809,0
FL1945,812,825,LIGHT,9,812.0,0.0,812,9.0,1,0.03333333333333333,9.0,0,812,0
FL1147,816,823,LIGHT,2,4761.0,3945.0,816,2.0,1,60.0,2.0,1,816,0
FL1765,818,831,HEAVY,8,2080.0,1262.0,818,8.0,0,60.0,8.0,1,818,0
FL1406,820,829,LIGHT,7,2512.0,1692.0,820,7.0,1,60.0,7.0,1,820,0
FL1155,821,831,MEDIUM,1,5224.0,4403.0,821,1.0,2,60.0,1.0,1,822,1
FL2024,822,830,LIGHT,8,2082.0,1260.0,822,8.0,1,60.0,8.0,1,824,2
FL2037,823,830,HEAVY,9,823.0,0.0,823,9.0,0,0.0,9.0,0,823,0
FL1600,823,833,HEAVY,1,5229.0,4406.0,823,1.0,0,60.0,1.0,1,826,3
FL1873,824,840,MEDIUM,2,4764.0,3940.0,824,2.0,2,60.0,2.0,0,825,1
FL1918,826,839,MEDIUM,7,2515.0,1689.0,826,7.0,2,60.0,7.0,0,827,1
FL1131,826,829,LIGHT,6,2969.0,2143.0,826,6.0,1,60.0,6.0,1,828,2
FL1553,827,839,MEDIUM,2,4767.0,3940.0,827,2.0,2,60.0,2.0,1,830,3
FL1526,828,843,MEDIUM,9,828.0,0.0,828,9.0,2,0.14666666666666667,9.0,0,829,1
FL1073,828,847,HEAVY,7,2520.0,1692.0,828,7.0,0,60.0,7.0,1,832,4
FL1980,831,839,MEDIUM,9,831.0,0.0,831,9.0,2,0.18666666666666668,9.0,0,831,0
FL1142,834,845,LIGHT,3,4279.0,3445.0,834,3.0,1,60.0,3.0,1,834,0
FL1271,835,842,MEDIUM,7,2523.0,1688.0,835,7.0,2,60.0,7.0,1,836,1
FL1046,837,856,MEDIUM,5,3392.0,2555.0,837,5.0,2,60.0,5.0,1,838,1
FL1962,838,849,HEAVY,4,3798.0,2960.0,838,4.0,0,60.0,4.0,1,840,2
FL1321,838,849,HEAVY,2,4772.0,3934.0,838,2.0,0,60.0,2.0,0,838,0
FL2081,840,848,MEDIUM,5,3395.0,2555.0,840,5.0,2,60.0,5.0,1,842,2
FL2051,840,852,HEAVY,2,4777.0,3937.0,840,2.0,0,60.0,2.0,0,840,0
FL1957,842,846,LIGHT,6,2971.0,2129.0,842,6.0,1,60.0,6.0,1,844,2
FL2198,844,846,HEAVY,7,2528.0,1684.0,844,7.0,0,60.0,7.0,1,846,2
FL1662,845,856,HEAVY,6,2976.0,2131.0,845,6.0,0,60.0,6.0,0,845,0
FL1886,845,862,LIGHT,6,2978.0,2133.0,845,6.0,1,60.0,6.0,1,848,3
FL2001,847,857,HEAVY,9,847.0,0.0,847,9.0,0,0.0,9.0,0,847,0
FL1921,847,849,LIGHT,3,4281.0,3434.0,847,3.0,1,60.0,3.0,1,850,3
FL1864,850,865,MEDIUM,3,4284.0,3434.0,850,3.0,2,60.0,3.0,1,852,2
FL1486,851,865,LIGHT,8,2084.0,1233.0,851,8.0,1,60.0,8.0,0,851,0
FL2120,853,858,HEAVY,3,4289.0,3436.0,853,3.0,0,60.0,3.0,1,854,1
FL1149,855,869,HEAVY,8,2089.0,1234.0,855,8.0,0,60.0,8.0,0,855,0
FL1355,855,873,LIGHT,4,3800.0,2945.0,855,4.0,1,60.0,4.0,1,856,1
FL1850,856,859,HEAVY,2,4782.0,3926.0,856,2.0,0,60.0,2.0,1,858,2
FL1191,857,872,LIGHT,6,2980.0,2123.0,857,6.0,1,60.0,6.0,0,857,0
FL1255,860,867,MEDIUM,8,2092.0,1232.0,860,8.0,2,60.0,8.0,1,860,0
FL1556,860,865,LIGHT,1,5231.0,4371.0,860,1.0,1,60.0,1.0,1,862,2
FL1994,862,866,LIGHT,1,5233.0,4371.0,862,1.0,1,60.0,1.0,1,864,2
FL1829,863,868,MEDIUM,7,2531.0,1668.0,863,7.0,2,60.0,7.0,0,863,0
FL1515,865,874,HEAVY,9,865.0,0.0,865,9.0,0,0.0,9.0,0,865,0
FL1846,866,879,HEAVY,7,2536.0,1670.0,866,7.0,0,60.0,7.0,1,866,0
FL1063,866,879,MEDIUM,1,5236.0,4370.0,866,1.0,2,60.0,1.0,0,867,1
FL1318,867,874,HEAVY,4,3805.0,2938.0,867,4.0,0,60.0,4.0,1,868,1
FL1401,867,880,LIGHT,1,5238.0,4371.0,867,1.0,1,60.0,1.0,1,870,3
FL1802,870,876,MEDIUM,7,2539.0,1669.0,870,7.0,2,60.0,7.0,1,872,2
FL1816,871,878,MEDIUM,2,4785.0,3914.0,871,2.0,2,60.0,2.0,0,871,0
FL2135,872,879,MEDIUM,4,3808.0,2936.0,872,4.0,2,60.0,4.0,1,874,2
FL1314,873,879,MEDIUM,6,2983.0,2110.0,873,6.0,2,60.0,6.0,0,873,0
FL1613,877,890,LIGHT,7,2541.0,1664.0,877,7.0,1,60.0,7.0,0,877,0
FL1840,878,883,HEAVY,7,2546.0,1668.0,878,7.0,0,60.0,7.0,1,878,0
FL1196,879,897,LIGHT,7,2548.0,1669.0,879,7.0,1,60.0,7.0,0,879,0
FL1612,881,885,LIGHT,9,881.0,0.0,881,9.0,1,0.1,9.0,0,881,0
FL2124,881,897,HEAVY,5,3400.0,2519.0,881,5.0,0,60.0,5.0,1,881,0
FL1773,882,896,HEAVY,5,3405.0,2523.0,882,5.0,0,60.0,5.0,1,883,1
FL1374,883,898,LIGHT,4,3810.0,2927.0,883,4.0,1,60.0,4.0,1,885,2
FL1101,884,893,LIGHT,7,2550.0,1666.0,884,7.0,1,60.0,7.0,0,884,0
FL1946,886,896,LIGHT,3,4291.0,3405.0,886,3.0,1,60.0,3.0,1,887,1
FL1426,888,905,LIGHT,9,888.0,0.0,888,9.0,1,0.12,9.0,0,888,0
FL1225,892,903,HEAVY,2,4790.0,3898.0,892,2.0,0,60.0,2.0,0,892,0
FL1300,892,897,LIGHT,1,5240.0,4348.0,892,1.0,1,60.0,1.0,1,892,0
FL2045,893,907,MEDIUM,8,2095.0,1202.0,893,8.0,2,60.0,8.0,1,894,1
FL1253,894,907,LIGHT,6,2985.0,2091.0,894,6.0,1,60.0,6.0,0,894,0
FL1555,895,902,LIGHT,4,3812.0,2917.0,895,4.0,1,60.0,4.0,1,896,1
FL1901,895,900,HEAVY,4,3817.0,2922.0,895,4.0,0,60.0,4.0,1,898,3
FL1213,900,909,MEDIUM,6,2988.0,2088.0,900,6.0,2,60.0,6.0,1,900,0
FL1095,901,911,HEAVY,3,4296.0,3395.0,901,3.0,0,60.0,3.0,1,902,1
FL1043,902,915,HEAVY,4,3822.0,2920.0,902,4.0,0,60.0,4.0,1,904,2
FL1561,903,907,HEAVY,2,4795.0,3892.0,903,2.0,0,60.0,2.0,0,903,0
FL1411,908,919,MEDIUM,5,3408.0,2500.0,908,5.0,2,60.0,5.0,1,908,0
FL2193,913,926,MEDIUM,8,2098.0,1185.0,913,8.0,2,60.0,8.0,1,913,0
FL1975,916,930,HEAVY,9,916.0,0.0,916,9.0,0,0.17333333333333334,9.0,0,916,0
FL1860,918,925,MEDIUM,9,919.0,1.0,918,9.0,2,0.92,9.0,0,918,0
FL1607,920,937,MEDIUM,9,922.0,2.0,920,9.0,2,1.4066666666666667,9.0,0,920,0
FL1564,920,924,HEAVY,7,2555.0,1635.0,920,7.0,0,60.0,7.0,1,920,0
FL1870,921,935,HEAVY,3,4301.0,3380.0,921,3.0,0,60.0,3.0,1,922,1
FL1822,923,926,MEDIUM,8,2101.0,1178.0,923,8.0,2,60.0,8.0,1,924,1
FL1951,923,934,MEDIUM,3,4304.0,3381.0,923,3.0,2,60.0,3.0,0,923,0
FL1471,924,941,HEAVY,4,3827.0,2903.0,924,4.0,0,60.0,4.0,0,925,1
FL1347,925,933,MEDIUM,7,2558.0,1633.0,925,7.0,2,60.0,7.0,1,926,1
FL1217,927,937,LIGHT,3,4306.0,3379.0,927,3.0,1,60.0,3.0,0,927,0
FL1941,928,943,HEAVY,1,5245.0,4317.0,928,1.0,0,60.0,1.0,1,928,0
FL1074,929,938,HEAVY,6,2993.0,2064.0,929,6.0,0,60.0,6.0,1,930,1
FL1574,930,935,LIGHT,5,3410.0,2480.0,930,5.0,1,60.0,5.0,1,932,2
FL1200,933,952,MEDIUM,3,4309.0,3376.0,933,3.0,2,60.0,3.0,1,934,1
FL1221,933,941,LIGHT,3,4311.0,3378.0,933,3.0,1,60.0,3.0,0,933,0
FL1651,933,944,LIGHT,3,4313.0,3380.0,933,3.0,1,60.0,3.0,0,935,2
FL1999,934,952,LIGHT,7,2560.0,1626.0,934,7.0,1,60.0,7.0,1,936,2
FL1581,939,940,LIGHT,7,2562.0,1623.0,939,7.0,1,60.0,7.0,1,939,0
FL1176,940,954,MEDIUM,7,2565.0,1625.0,940,7.0,2,60.0,7.0,1,941,1
FL1409,940,945,HEAVY,1,5250.0,4310.0,940,1.0,0,60.0,1.0,0,940,0
FL1352,942,948,MEDIUM,9,942.0,0.0,942,9.0,2,0.22,9.0,0,942,0
FL1461,945,958,MEDIUM,5,3413.0,2468.0,945,5.0,2,60.0,5.0,1,945,0
FL1511,947,952,MEDIUM,1,5253.0,4306.0,947,1.0,2,60.0,1.0,1,947,0
FL1124,951,959,LIGHT,8,2103.0,1152.0,951,8.0,1,60.0,8.0,1,951,0
FL1939,953,972,MEDIUM,9,953.0,0.0,953,9.0,2,0.11333333333333333,9.0,0,953,0
FL1134,954,970,LIGHT,3,4315.0,3361.0,954,3.0,1,60.0,3.0,1,954,0
FL1745,955,962,MEDIUM,8,2106.0,1151.0,955,8.0,2,60.0,8.0,1,956,1
FL1790,956,960,HEAVY,3,4320.0,3364.0,956,3.0,0,60.0,3.0,1,958,2
FL1635,960,966,HEAVY,9,960.0,0.0,960,9.0,0,0.3,9.0,0,960,0
FL1805,965,970,HEAVY,2,4800.0,3835.0,965,2.0,0,60.0,2.0,1,965,0
FL2048,966,980,HEAVY,6,2998.0,2032.0,966,6.0,0,60.0,6.0,1,967,1
FL1521,966,972,HEAVY,4,3832.0,2866.0,966,4.0,0,60.0,4.0,0,966,0
FL1714,968,979,HEAVY,2,4805.0,3837.0,968,2.0,0,60.0,2.0,1,969,1
FL1905,970,978,HEAVY,2,4810.0,3840.0,970,2.0,0,60.0,2.0,1,971,1
FL1044,972,978,LIGHT,2,4812.0,3840.0,972,2.0,1,60.0,2.0,1,973,1
FL1519,973,983,MEDIUM,9,973.0,0.0,973,9.0,2,0.07333333333333333,9.0,0,973,0
FL1890,973,974,HEAVY,8,2111.0,1138.0,973,8.0,0,60.0,8.0,1,975,2
FL1185,973,988,HEAVY,1,5258.0,4285.0,973,1.0,0,60.0,1.0,1,977,4
FL1597,975,986,HEAVY,8,2116.0,1141.0,975,8.0,0,60.0,8.0,0,975,0
FL1184,975,984,LIGHT,5,3415.0,2440.0,975,5.0,1,60.0,5.0,1,979,4
FL1631,976,982,MEDIUM,6,3001.0,2025.0,976,6.0,2,60.0,6.0,0,977,1
FL1447,979,985,LIGHT,6,3003.0,2024.0,979,6.0,1,60.0,6.0,1,981,2
FL2099,979,982,MEDIUM,5,3418.0,2439.0,979,5.0,2,60.0,5.0,0,979,0
FL1585,981,995,HEAVY,6,3008.0,2027.0,981,6.0,0,60.0,6.0,1,983,2
FL1169,982,998,LIGHT,8,2118.0,1136.0,982,8.0,1,60.0,8.0,0,982,0
FL1431,982,985,HEAVY,1,5263.0,4281.0,982,1.0,0,60.0,1.0,1,985,3
FL1900,987,993,HEAVY,3,4325.0,3338.0,987,3.0,0,60.0,3.0,1,987,0
FL1833,988,997,LIGHT,8,2120.0,1132.0,988,8.0,1,60.0,8.0,1,989,1
FL1915,988,1003,LIGHT,5,3420.0,2432.0,988,5.0,1,60.0,5.0,0,988,0
FL1258,991,998,LIGHT,9,991.0,0.0,991,9.0,1,0.0,9.0,0,991,0
FL1658,992,996,LIGHT,5,3422.0,2430.0,992,5.0,1,60.0,5.0,1,992,0
FL1776,992,998,LIGHT,4,3834.0,2842.0,992,4.0,1,60.0,4.0,1,994,2
FL1192,997,1012,LIGHT,5,3424.0,2427.0,997,5.0,1,60.0,5.0,1,997,0
FL2012,1003,1015,LIGHT,8,2122.0,1119.0,1003,8.0,1,60.0,8.0,1,1003,0
FL1983,1004,1007,MEDIUM,4,3837.0,2833.0,1004,4.0,2,60.0,4.0,1,1005,1
FL1449,1006,1025,LIGHT,1,5265.0,4259.0,1006,1.0,1,60.0,1.0,1,1007,1
FL1139,1010,1015,MEDIUM,1,5268.0,4258.0,1010,1.0,2,60.0,1.0,1,1010,0
FL1843,1016,1021,LIGHT,2,4814.0,3798.0,1016,2.0,1,60.0,2.0,1,1016,0
FL1405,1019,1033,MEDIUM,1,5271.0,4252.0,1019,1.0,2,60.0,1.0,1,1019,0
FL1012,1020,1030,LIGHT,9,1020.0,0.0,1020,9.0,1,0.0,9.0,0,1020,0
FL1156,1021,1029,LIGHT,1,5273.0,4252.0,1021,1.0,1,60.0,1.0,0,1022,1
FL1972,1026,1036,HEAVY,5,3429.0,2403.0,1026,5.0,0,60.0,5.0,1,1026,0
FL1760,1028,1030,MEDIUM,9,1028.0,0.0,1028,9.0,2,0.013333333333333334,9.0,0,1028,0
FL1634,1030,1041,LIGHT,3,4327.0,3297.0,1030,3.0,1,60.0,3.0,1,1030,0
FL1505,1032,1035,HEAVY,4,3842.0,2810.0,1032,4.0,0,60.0,4.0,1,1032,0
FL1274,1034,1038,MEDIUM,9,1034.0,0.0,1034,9.0,2,0.013333333333333334,9.0,0,1034,0
FL2090,1034,1039,HEAVY,3,4332.0,3298.0,1034,3.0,0,60.0,3.0,1,1034,0
FL2028,1035,1049,HEAVY,1,5278.0,4243.0,1035,1.0,0,60.0,1.0,1,1036,1
FL1291,1037,1039,MEDIUM,8,2125.0,1088.0,1037,8.0,2,60.0,8.0,1,1038,1
FL1056,1039,1051,LIGHT,2,4816.0,3777.0,1039,2.0,1,60.0,2.0,1,1040,1
FL1153,1041,1049,HEAVY,6,3013.0,1972.0,1041,6.0,0,60.0,6.0,1,1042,1
FL1682,1045,1055,LIGHT,7,2567.0,1522.0,1045,7.0,1,60.0,7.0,1,1045,0
FL1231,1045,1057,HEAVY,1,5283.0,4238.0,1045,1.0,0,60.0,1.0,1,1047,2
FL1770,1045,1051,HEAVY,1,5288.0,4243.0,1045,1.0,0,60.0,1.0,0,1045,0
FL1973,1046,1062,HEAVY,6,3018.0,1972.0,1046,6.0,0,60.0,6.0,1,1049,3
FL2168,1046,1063,MEDIUM,6,3021.0,1975.0,1046,6.0,2,60.0,6.0,0,1047,1
FL1733,1048,1058,LIGHT,9,1048.0,0.0,1048,9.0,1,0.41333333333333333,9.0,0,1049,1
FL1974,1051,1059,HEAVY,9,1053.0,2.0,1051,9.0,0,2.453333333333333,9.0,0,1051,0
FL1277,1052,1065,HEAVY,2,4821.0,3769.0,1052,2.0,0,60.0,2.0,0,1053,1
FL1856,1053,1062,HEAVY,9,1058.0,5.0,1053,9.0,0,3.8733333333333335,9.0,0,1055,2
FL1602,1055,1057,MEDIUM,7,2570.0,1515.0,1055,7.0,2,60.0,7.0,1,1055,0
FL1960,1058,1064,MEDIUM,3,4335.0,3277.0,1058,3.0,2,60.0,3.0,1,1058,0
FL1993,1063,1074,HEAVY,3,4340.0,3277.0,1063,3.0,0,60.0,3.0,1,1063,0
FL1665,1064,1078,MEDIUM,1,5291.0,4227.0,1064,1.0,2,60.0,1.0,1,1065,1
FL1683,1066,1080,LIGHT,6,3023.0,1957.0,1066,6.0,1,60.0,6.0,1,1067,1
FL1118,1067,1078,MEDIUM,8,2128.0,1061.0,1067,8.0,2,60.0,8.0,1,1069,2
FL1598,1067,1083,LIGHT,7,2572.0,1505.0,1067,7.0,1,60.0,7.0,0,1067,0
FL1904,1067,1076,LIGHT,3,4342.0,3275.0,1067,3.0,1,60.0,3.0,0,1069,2
FL2005,1070,1089,LIGHT,6,3025.0,1955.0,1070,6.0,1,60.0,6.0,1,1071,1
FL1785,1070,1082,MEDIUM,1,5294.0,4224.0,1070,1.0,2,60.0,1.0,1,1073,3
FL1700,1071,1079,MEDIUM,3,4345.0,3274.0,1071,3.0,2,60.0,3.0,0,1071,0
FL1560,1073,1078,LIGHT,8,2130.0,1057.0,1073,8.0,1,60.0,8.0,1,1075,2
FL1727,1075,1081,LIGHT,6,3027.0,1952.0,1075,6.0,1,60.0,6.0,1,1077,2
FL1096,1075,1081,HEAVY,5,3434.0,2359.0,1075,5.0,0,60.0,5.0,0,1075,0
FL1883,1076,1085,LIGHT,5,3436.0,2360.0,1076,5.0,1,60.0,5.0,1,1079,3
FL1861,1080,1097,LIGHT,1,5296.0,4216.0,1080,1.0,1,60.0,1.0,1,1081,1
FL1916,1081,1099,MEDIUM,9,1081.0,0.0,1081,9.0,2,0.2,9.0,0,1081,0
FL1932,1083,1087,LIGHT,7,2574.0,1491.0,1083,7.0,1,60.0,7.0,0,1083,0
FL2151,1084,1094,MEDIUM,7,2577.0,1493.0,1084,7.0,2,60.0,7.0,1,1084,0
FL2102,1088,1105,HEAVY,5,3441.0,2353.0,1088,5.0,0,60.0,5.0,1,1088,0
FL1011,1088,1101,LIGHT,1,5298.0,4210.0,1088,1.0,1,60.0,1.0,1,1090,2
FL2185,1091,1100,HEAVY,6,3032.0,1941.0,1091,6.0,0,60.0,6.0,1,1092,1
FL1935,1092,1109,MEDIUM,9,1092.0,0.0,1092,9.0,2,0.2,9.0,0,1092,0
FL1718,1092,1103,LIGHT,2,4823.0,3731.0,1092,2.0,1,60.0,2.0,1,1094,2
FL1329,1095,1112,LIGHT,2,4825.0,3730.0,1095,2.0,1,60.0,2.0,0,1095,0
FL1342,1096,1106,HEAVY,8,2135.0,1039.0,1096,8.0,0,60.0,8.0,1,1096,0
FL1398,1096,1101,HEAVY,1,5303.0,4207.0,1096,1.0,0,60.0,1.0,1,1098,2
FL1664,1097,1112,MEDIUM,9,1097.0,0.0,1097,9.0,2,0.12,9.0,0,1097,0
FL1262,1097,1106,LIGHT,4,3844.0,2747.0,1097,4.0,1,60.0,4.0,1,1100,3
FL1087,1097,1106,MEDIUM,2,4828.0,3731.0,1097,2.0,2,60.0,2.0,0,1099,2
FL1563,1098,1107,HEAVY,7,2582.0,1484.0,1098,7.0,0,60.0,7.0,1,1102,4
FL1324,1098,1106,MEDIUM,4,3847.0,2749.0,1098,4.0,2,60.0,4.0,0,1101,3
FL1730,1100,1116,MEDIUM,8,2138.0,1038.0,1100,8.0,2,60.0,8.0,1,1104,4
FL2187,1103,1114,LIGHT,4,3849.0,2746.0,1103,4.0,1,60.0,4.0,0,1103,0
FL1666,1104,1107,HEAVY,5,3446.0,2342.0,1104,5.0,0,60.0,5.0,1,1106,2
FL1465,1105,1113,HEAVY,2,4833.0,3728.0,1105,2.0,0,60.0,2.0,0,1105,0
FL1282,1106,1119,HEAVY,4,3854.0,2748.0,1106,4.0,0,60.0,4.0,1,1108,2
FL1849,1106,1116,LIGHT,4,3856.0,2750.0,1106,4.0,1,60.0,4.0,0,1107,1
FL1382,1107,1112,HEAVY,3,4350.0,3243.0,1107,3.0,0,60.0,3.0,1,1110,3
FL1384,1108,1117,LIGHT,5,3448.0,2340.0,1108,5.0,1,60.0,5.0,0,1109,1
FL1768,1108,1120,LIGHT,1,5305.0,4197.0,1108,1.0,1,60.0,1.0,1,1112,4
FL2083,1108,1110,MEDIUM,1,5308.0,4200.0,1108,1.0,2,60.0,1.0,0,1111,3
FL1797,1109,1110,HEAVY,1,5313.0,4204.0,1109,1.0,0,60.0,1.0,1,1114,5
FL1371,1110,1120,MEDIUM,6,3035.0,1925.0,1110,6.0,2,60.0,6.0,0,1113,3
FL1136,1110,1120,HEAVY,4,3861.0,2751.0,1110,4.0,0,60.0,4.0,1,1116,6
FL1146,1111,1115,HEAVY,3,4355.0,3244.0,1111,3.0,0,60.0,3.0,0,1115,4
FL2164,1114,1117,MEDIUM,8,2141.0,1027.0,1114,8.0,2,60.0,8.0,1,1118,4
FL1633,1117,1127,MEDIUM,2,4836.0,3719.0,1117,2.0,2,60.0,2.0,0,1117,0
FL1482,1119,1130,LIGHT,6,3037.0,1918.0,1119,6.0,1,60.0,6.0,1,1120,1
FL1493,1122,1129,HEAVY,5,3453.0,2331.0,1122,5.0,0,60.0,5.0,1,1122,0
FL1573,1123,1127,LIGHT,2,4838.0,3715.0,1123,2.0,1,60.0,2.0,1,1124,1
FL1066,1124,1138,HEAVY,4,3866.0,2742.0,1124,4.0,0,60.0,4.0,1,1126,2
FL1744,1125,1128,LIGHT,6,3039.0,1914.0,1125,6.0,1,60.0,6.0,0,1125,0
FL1197,1126,1139,HEAVY,7,2587.0,1461.0,1126,7.0,0,60.0,7.0,1,1128,2
FL1535,1126,1135,HEAVY,1,5318.0,4192.0,1126,1.0,0,60.0,1.0,0,1127,1
FL1047,1128,1134,MEDIUM,4,3869.0,2741.0,1128,4.0,2,60.0,4.0,1,1130,2
FL2009,1130,1145,LIGHT,9,1130.0,0.0,1130,9.0,1,0.14,9.0,0,1130,0
FL1000,1130,1134,HEAVY,8,2146.0,1016.0,1130,8.0,0,60.0,8.0,1,1132,2
FL1659,1132,1138,MEDIUM,8,2149.0,1017.0,1132,8.0,2,60.0,8.0,1,1134,2
FL1832,1134,1147,MEDIUM,5,3456.0,2322.0,1134,5.0,2,60.0,5.0,1,1136,2
FL1674,1137,1143,MEDIUM,7,2590.0,1453.0,1137,7.0,2,60.0,7.0,1,1138,1
FL1335,1137,1148,MEDIUM,2,4841.0,3704.0,1137,2.0,2,60.0,2.0,0,1137,0
FL1566,1138,1140,LIGHT,8,2151.0,1013.0,1138,8.0,1,60.0,8.0,1,1140,2
FL2011,1138,1148,LIGHT,6,3041.0,1903.0,1138,6.0,1,60.0,6.0,0,1139,1
FL2049,1138,1152,MEDIUM,1,5321.0,4183.0,1138,1.0,2,60.0,1.0,1,1142,4
FL1319,1139,1151,LIGHT,9,1139.0,0.0,1139,9.0,1,0.14,9.0,0,1141,2
FL1039,1139,1158,HEAVY,5,3461.0,2322.0,1139,5.0,0,60.0,5.0,1,1144,5
FL1315,1146,1153,HEAVY,3,4360.0,3214.0,1146,3.0,0,60.0,3.0,1,1146,0
FL2074,1150,1167,MEDIUM,8,2154.0,1004.0,1150,8.0,2,60.0,8.0,1,1150,0
FL1026,1150,1162,MEDIUM,3,4363.0,3213.0,1150,3.0,2,60.0,3.0,1,1152,2
FL1308,1152,1160,LIGHT,8,2156.0,1004.0,1152,8.0,1,60.0,8.0,1,1154,2
FL1031,1154,1162,MEDIUM,8,2159.0,1005.0,1154,8.0,2,60.0,8.0,1,1156,2
FL1024,1156,1162,MEDIUM,6,3044.0,1888.0,1156,6.0,2,60.0,6.0,1,1158,2
FL1313,1157,1163,MEDIUM,8,2162.0,1005.0,1157,8.0,2,60.0,8.0,0,1157,0
FL1741,1157,1163,LIGHT,7,2592.0,1435.0,1157,7.0,1,60.0,7.0,1,1160,3
FL1988,1157,1169,LIGHT,4,3871.0,2714.0,1157,4.0,1,60.0,4.0,0,1159,2
FL1071,1159,1163,MEDIUM,3,4366.0,3207.0,1159,3.0,2,60.0,3.0,1,1162,3
FL1132,1161,1174,HEAVY,5,3466.0,2305.0,1161,5.0,0,60.0,5.0,0,1161,0
FL2086,1161,1176,MEDIUM,3,4369.0,3208.0,1161,3.0,2,60.0,3.0,1,1164,3
FL2121,1164,1170,LIGHT,5,3468.0,2304.0,1164,5.0,1,60.0,5.0,1,1166,2
FL1628,1167,1174,MEDIUM,5,3471.0,2304.0,1167,5.0,2,60.0,5.0,1,1168,1
FL1747,1169,1186,MEDIUM,8,2165.0,996.0,1169,8.0,2,60.0,8.0,1,1170,1
FL1838,1171,1185,HEAVY,4,3876.0,2705.0,1171,4.0,0,60.0,4.0,1,1172,1
FL1872,1171,1187,LIGHT,2,4843.0,3672.0,1171,2.0,1,60.0,2.0,0,1171,0
FL1436,1172,1188,MEDIUM,6,3047.0,1875.0,1172,6.0,2,60.0,6.0,1,1174,2
FL2041,1172,1175,MEDIUM,6,3050.0,1878.0,1172,6.0,2,60.0,6.0,0,1173,1
FL1187,1174,1182,HEAVY,9,1174.0,0.0,1174,9.0,0,0.4066666666666667,9.0,0,1175,1
FL1075,1175,1182,HEAVY,5,3476.0,2301.0,1175,5.0,0,60.0,5.0,1,1176,1
FL1876,1177,1192,LIGHT,4,3878.0,2701.0,1177,4.0,1,60.0,4.0,1,1178,1
FL1168,1177,1182,HEAVY,2,4848.0,3671.0,1177,2.0,0,60.0,2.0,0,1177,0
FL1503,1179,1190,MEDIUM,5,3479.0,2300.0,1179,5.0,2,60.0,5.0,1,1180,1
FL2066,1180,1182,LIGHT,6,3052.0,1872.0,1180,6.0,1,60.0,6.0,1,1182,2
FL1337,1181,1196,MEDIUM,4,3881.0,2700.0,1181,4.0,2,60.0,4.0,0,1181,0
FL1135,1185,1189,HEAVY,6,3057.0,1872.0,1185,6.0,0,60.0,6.0,1,1185,0
FL1454,1186,1189,LIGHT,2,4850.0,3664.0,1186,2.0,1,60.0,2.0,1,1187,1
FL2025,1188,1203,MEDIUM,4,3884.0,2696.0,1188,4.0,2,60.0,4.0,1,1189,1
FL2167,1194,1199,MEDIUM,5,3482.0,2288.0,1194,5.0,2,60.0,5.0,1,1194,0
FL1378,1195,1207,LIGHT,8,2167.0,972.0,1195,8.0,1,60.0,8.0,1,1196,1
FL2184,1196,1212,HEAVY,7,2597.0,1401.0,1196,7.0,0,60.0,7.0,1,1198,2
FL1462,1198,1210,HEAVY,6,3062.0,1864.0,1198,6.0,0,60.0,6.0,1,1200,2
FL1964,1200,1214,LIGHT,6,3064.0,1864.0,1200,6.0,1,60.0,6.0,1,1202,2
FL1722,1201,1209,MEDIUM,3,4372.0,3171.0,1201,3.0,2,60.0,3.0,0,1201,0
FL2132,1201,1216,HEAVY,1,5326.0,4125.0,1201,1.0,0,60.0,1.0,1,1204,3
FL1055,1204,1222,MEDIUM,3,4375.0,3171.0,1204,3.0,2,60.0,3.0,1,1206,2
FL1824,1205,1217,MEDIUM,9,1205.0,0.0,1205,9.0,2,0.06666666666666667,9.0,0,1205,0
FL1325,1205,1223,HEAVY,4,3889.0,2684.0,1205,4.0,0,60.0,4.0,1,1208,3
FL1595,1206,1217,LIGHT,5,3484.0,2278.0,1206,5.0,1,60.0,5.0,0,1207,1
FL1831,1206,1222,LIGHT,3,4377.0,3171.0,1206,3.0,1,60.0,3.0,1,1210,4
FL1327,1209,1224,MEDIUM,9,1209.0,0.0,1209,9.0,2,0.09333333333333334,9.0,0,1209,0
FL1828,1209,1223,HEAVY,8,2172.0,963.0,1209,8.0,0,60.0,8.0,1,1212,3
FL2161,1211,1221,HEAVY,3,4382.0,3171.0,1211,3.0,0,60.0,3.0,0,1211,0
FL1655,1213,1231,LIGHT,5,3486.0,2273.0,1213,5.0,1,60.0,5.0,1,1214,1
FL2010,1214,1224,LIGHT,5,3488.0,2274.0,1214,5.0,1,60.0,5.0,1,1216,2
FL1481,1214,1227,LIGHT,4,3891.0,2677.0,1214,4.0,1,60.0,4.0,0,1214,0
FL2165,1215,1223,LIGHT,7,2599.0,1384.0,1215,7.0,1,60.0,7.0,1,1218,3
FL1629,1215,1221,HEAVY,2,4855.0,3640.0,1215,2.0,0,60.0,2.0,0,1216,1
FL1636,1218,1224,MEDIUM,7,2602.0,1384.0,1218,7.0,2,60.0,7.0,1,1220,2
FL2147,1218,1223,LIGHT,2,4857.0,3639.0,1218,2.0,1,60.0,2.0,0,1218,0
FL1616,1220,1233,LIGHT,2,4859.0,3639.0,1220,2.0,1,60.0,2.0,1,1222,2
FL1879,1221,1230,MEDIUM,9,1221.0,0.0,1221,9.0,2,0.09333333333333334,9.0,0,1221,0
FL1784,1225,1228,MEDIUM,6,3067.0,1842.0,1225,6.0,2,60.0,6.0,1,1225,0
FL1367,1226,1241,HEAVY,4,3896.0,2670.0,1226,4.0,0,60.0,4.0,1,1227,1
FL2110,1227,1242,LIGHT,7,2604.0,1377.0,1227,7.0,1,60.0,7.0,1,1229,2
FL1393,1227,1237,HEAVY,4,3901.0,2674.0,1227,4.0,0,60.0,4.0,0,1227,0
FL1275,1230,1237,MEDIUM,9,1230.0,0.0,1230,9.0,2,0.22666666666666666,9.0,0,1230,0
FL1229,1230,1236,HEAVY,1,5331.0,4101.0,1230,1.0,0,60.0,1.0,1,1231,1
FL1778,1232,1248,MEDIUM,3,4385.0,3153.0,1232,3.0,2,60.0,3.0,1,1233,1
FL1150,1233,1250,HEAVY,8,2177.0,944.0,1233,8.0,0,60.0,8.0,0,1233,0
FL2137,1234,1242,HEAVY,2,4864.0,3630.0,1234,2.0,0,60.0,2.0,0,1235,1
FL2160,1235,1249,HEAVY,7,2609.0,1374.0,1235,7.0,0,60.0,7.0,1,1235,0
FL1583,1236,1250,LIGHT,9,1236.0,0.0,1236,9.0,1,0.29333333333333333,9.0,0,1237,1
FL2142,1236,1245,LIGHT,8,2179.0,943.0,1236,8.0,1,60.0,8.0,1,1237,1
FL1524,1238,1253,HEAVY,6,3072.0,1834.0,1238,6.0,0,60.0,6.0,1,1239,1
FL1570,1240,1250,LIGHT,9,1240.0,0.0,1240,9.0,1,0.7066666666666667,9.0,0,1240,0
FL2082,1240,1244,HEAVY,7,2614.0,1374.0,1240,7.0,0,60.0,7.0,1,1241,1
FL2106,1240,1254,MEDIUM,2,4867.0,3627.0,1240,2.0,2,60.0,2.0,1,1243,3
FL1407,1241,1250,LIGHT,9,1242.0,1.0,1241,9.0,1,0.7066666666666667,9.0,0,1242,1
FL1691,1243,1247,MEDIUM,5,3491.0,2248.0,1243,5.0,2,60.0,5.0,1,1245,2
FL1582,1245,1256,HEAVY,2,4872.0,3627.0,1245,2.0,0,60.0,2.0,1,1247,2
FL2154,1245,1250,MEDIUM,1,5334.0,4089.0,1245,1.0,2,60.0,1.0,0,1245,0
FL1257,1249,1254,LIGHT,5,3493.0,2244.0,1249,5.0,1,60.0,5.0,1,1249,0
FL2018,1249,1251,HEAVY,2,4877.0,3628.0,1249,2.0,0,60.0,2.0,1,1251,2
FL2115,1253,1263,MEDIUM,5,3496.0,2243.0,1253,5.0,2,60.0,5.0,1,1253,0
FL1103,1254,1264,MEDIUM,9,1254.0,0.0,1254,9.0,2,1.5333333333333334,9.0,0,1254,0
FL1089,1254,1261,MEDIUM,2,4880.0,3626.0,1254,2.0,2,60.0,2.0,1,1255,1
FL1754,1255,1264,LIGHT,9,1256.0,1.0,1255,9.0,1,0.9666666666666667,9.0,1,1257,2
FL1395,1259,1264,MEDIUM,6,3075.0,1816.0,1259,6.0,2,60.0,6.0,1,1259,0
FL1303,1260,1275,MEDIUM,5,3499.0,2239.0,1260,5.0,2,60.0,5.0,1,1261,1
FL1143,1262,1271,LIGHT,3,4387.0,3125.0,1262,3.0,1,60.0,3.0,1,1263,1
FL1587,1264,1270,MEDIUM,6,3078.0,1814.0,1264,6.0,2,60.0,6.0,1,1265,1
FL2008,1264,1269,LIGHT,4,3903.0,2639.0,1264,4.0,1,60.0,4.0,0,1264,0
FL1193,1268,1273,LIGHT,1,5336.0,4068.0,1268,1.0,1,60.0,1.0,1,1268,0
FL1215,1269,1280,LIGHT,7,2616.0,1347.0,1269,7.0,1,60.0,7.0,1,1270,1
FL1623,1272,1280,LIGHT,6,3080.0,1808.0,1272,6.0,1,60.0,6.0,1,1272,0
FL2075,1272,1276,MEDIUM,1,5339.0,4067.0,1272,1.0,2,60.0,1.0,1,1274,2
FL1458,1273,1282,HEAVY,8,2184.0,911.0,1273,8.0,0,60.0,8.0,0,1273,0
FL1268,1275,1287,HEAVY,9,1275.0,0.0,1275,9.0,0,0.8,9.0,0,1275,0
FL1504,1275,1281,MEDIUM,9,1278.0,3.0,1275,9.0,2,2.04,9.0,1,1276,1
FL1365,1281,1289,HEAVY,1,5344.0,4063.0,1281,1.0,0,60.0,1.0,1,1281,0
FL1099,1284,1292,HEAVY,3,4392.0,3108.0,1284,3.0,0,60.0,3.0,1,1284,0
FL1264,1285,1292,MEDIUM,2,4883.0,3598.0,1285,2.0,2,60.0,2.0,1,1286,1
FL1320,1286,1291,LIGHT,6,3082.0,1796.0,1286,6.0,1,60.0,6.0,1,1288,2
FL1309,1286,1291,HEAVY,4,3908.0,2622.0,1286,4.0,0,60.0,4.0,0,1286,0
FL2175,1288,1303,LIGHT,6,3084.0,1796.0,1288,6.0,1,60.0,6.0,1,1290,2
FL1644,1289,1305,LIGHT,7,2618.0,1329.0,1289,7.0,1,60.0,7.0,0,1289,0
FL1212,1289,1299,MEDIUM,4,3911.0,2622.0,1289,4.0,2,60.0,4.0,1,1292,3
FL1803,1293,1299,MEDIUM,8,2187.0,894.0,1293,8.0,2,60.0,8.0,1,1294,1
FL1938,1294,1300,LIGHT,2,4885.0,3591.0,1294,2.0,1,60.0,2.0,1,1296,2
FL1795,1297,1305,MEDIUM,8,2190.0,893.0,1297,8.0,2,60.0,8.0,0,1297,0
FL1361,1298,1311,HEAVY,7,2623.0,1325.0,1298,7.0,0,60.0,7.0,1,1298,0
FL1151,1302,1316,MEDIUM,4,3914.0,2612.0,1302,4.0,2,60.0,4.0,1,1302,0
FL1534,1306,1310,LIGHT,5,3501.0,2195.0,1306,5.0,1,60.0,5.0,1,1306,0
FL1696,1309,1324,HEAVY,2,4890.0,3581.0,1309,2.0,0,60.0,2.0,0,1309,0
FL1238,1310,1328,HEAVY,5,3506.0,2196.0,1310,5.0,0,60.0,5.0,1,1310,0
FL1019,1310,1324,HEAVY,4,3919.0,2609.0,1310,4.0,0,60.0,4.0,1,1312,2
FL1117,1316,1323,HEAVY,5,3511.0,2195.0,1316,5.0,0,60.0,5.0,1,1316,0
FL1647,1319,1333,LIGHT,4,3921.0,2602.0,1319,4.0,1,60.0,4.0,0,1319,0
FL1933,1321,1327,LIGHT,5,3513.0,2192.0,1321,5.0,1,60.0,5.0,1,1321,0
FL1963,1322,1326,HEAVY,8,2195.0,873.0,1322,8.0,0,60.0,8.0,1,1323,1
FL1206,1324,1337,HEAVY,6,3089.0,1765.0,1324,6.0,0,60.0,6.0,0,1324,0
FL2023,1327,1335,LIGHT,8,2197.0,870.0,1327,8.0,1,60.0,8.0,1,1327,0
FL1911,1329,1344,MEDIUM,9,1329.0,0.0,1329,9.0,2,0.10666666666666667,9.0,0,1329,0
FL2126,1329,1332,HEAVY,8,2202.0,873.0,1329,8.0,0,60.0,8.0,1,1329,0
FL1323,1329,1339,LIGHT,5,3515.0,2186.0,1329,5.0,1,60.0,5.0,1,1331,2
FL1693,1329,1339,LIGHT,4,3923.0,2594.0,1329,4.0,1,60.0,4.0,1,1333,4
FL1484,1331,1340,LIGHT,1,5346.0,4015.0,1331,1.0,1,60.0,1.0,0,1331,0
FL1572,1333,1343,HEAVY,1,5351.0,4018.0,1333,1.0,0,60.0,1.0,1,1335,2
FL1091,1334,1344,MEDIUM,1,5354.0,4020.0,1334,1.0,2,60.0,1.0,0,1334,0
FL1909,1336,1349,HEAVY,2,4895.0,3559.0,1336,2.0,0,60.0,2.0,1,1337,1
FL1437,1337,1341,MEDIUM,6,3092.0,1755.0,1337,6.0,2,60.0,6.0,1,1339,2
FL1637,1340,1355,LIGHT,1,5356.0,4016.0,1340,1.0,1,60.0,1.0,0,1340,0
FL1715,1344,1355,LIGHT,8,2204.0,860.0,1344,8.0,1,60.0,8.0,0,1344,0
FL1410,1347,1361,HEAVY,7,2628.0,1281.0,1347,7.0,0,60.0,7.0,1,1347,0
FL1381,1348,1365,HEAVY,4,3928.0,2580.0,1348,4.0,0,60.0,4.0,1,1349,1
FL2192,1349,1350,MEDIUM,5,3518.0,2169.0,1349,5.0,2,60.0,5.0,1,1351,2
FL2004,1353,1356,MEDIUM,2,4898.0,3545.0,1353,2.0,2,60.0,2.0,1,1353,0
FL1178,1354,1368,MEDIUM,9,1354.0,0.0,1354,9.0,2,0.1,9.0,0,1354,0
FL2128,1355,1374,MEDIUM,7,2631.0,1276.0,1355,7.0,2,60.0,7.0,1,1355,0
FL1218,1356,1360,MEDIUM,5,3521.0,2165.0,1356,5.0,2,60.0,5.0,0,1356,0
FL1711,1357,1365,HEAVY,7,2636.0,1279.0,1357,7.0,0,60.0,7.0,1,1357,0
FL2064,1358,1365,HEAVY,4,3933.0,2575.0,1358,4.0,0,60.0,4.0,1,1359,1
FL2117,1358,1371,HEAVY,3,4397.0,3039.0,1358,3.0,0,60.0,3.0,0,1358,0
FL1804,1359,1370,HEAVY,7,2641.0,1282.0,1359,7.0,0,60.0,7.0,1,1361,2
FL2127,1359,1372,HEAVY,1,5361.0,4002.0,1359,1.0,0,60.0,1.0,0,1360,1
FL2190,1362,1368,MEDIUM,9,1362.0,0.0,1362,9.0,2,0.1,9.0,0,1362,0
FL1512,1364,1371,LIGHT,3,4399.0,3035.0,1364,3.0,1,60.0,3.0,1,1364,0
FL1809,1366,1368,HEAVY,6,3097.0,1731.0,1366,6.0,0,60.0,6.0,1,1366,0
FL1394,1368,1382,LIGHT,4,3935.0,2567.0,1368,4.0,1,60.0,4.0,1,1368,0
FL1326,1368,1381,LIGHT,3,4401.0,3033.0,1368,3.0,1,60.0,3.0,1,1370,2
FL1589,1369,1387,HEAVY,5,3526.0,2157.0,1369,5.0,0,60.0,5.0,0,1369,0
FL1970,1370,1375,MEDIUM,8,2207.0,837.0,1370,8.0,2,60.0,8.0,1,1372,2
FL1502,1377,1385,HEAVY,4,3940.0,2563.0,1377,4.0,0,60.0,4.0,1,1377,0
FL1640,1380,1386,MEDIUM,3,4404.0,3024.0,1380,3.0,2,60.0,3.0,1,1380,0
FL1881,1381,1386,LIGHT,3,4406.0,3025.0,1381,3.0,1,60.0,3.0,1,1382,1
FL1399,1381,1394,LIGHT,1,5363.0,3982.0,1381,1.0,1,60.0,1.0,0,1381,0
FL1182,1382,1386,LIGHT,9,1382.0,0.0,1382,9.0,1,0.3333333333333333,9.0,0,1383,1
FL1878,1382,1397,LIGHT,2,4900.0,3518.0,1382,2.0,1,60.0,2.0,1,1384,2
FL1173,1382,1390,HEAVY,1,5368.0,3986.0,1382,1.0,0,60.0,1.0,1,1386,4
FL1464,1383,1397,MEDIUM,1,5371.0,3988.0,1383,1.0,2,60.0,1.0,0,1385,2
FL2058,1385,1401,HEAVY,2,4905.0,3520.0,1385,2.0,0,60.0,2.0,1,1388,3
FL1835,1388,1397,LIGHT,7,2643.0,1255.0,1388,7.0,1,60.0,7.0,1,1390,2
FL1596,1390,1395,LIGHT,2,4907.0,3517.0,1390,2.0,1,60.0,2.0,1,1392,2
FL1956,1393,1402,MEDIUM,2,4910.0,3517.0,1393,2.0,2,60.0,2.0,1,1394,1
FL1472,1394,1402,LIGHT,8,2209.0,815.0,1394,8.0,1,60.0,8.0,1,1396,2
FL1866,1396,1406,LIGHT,7,2645.0,1249.0,1396,7.0,1,60.0,7.0,1,1398,2
FL1527,1399,1414,LIGHT,1,5373.0,3974.0,1399,1.0,1,60.0,1.0,1,1400,1
FL1490,1403,1409,LIGHT,9,1403.0,0.0,1403,9.0,1,1.3466666666666667,9.0,1,1403,0
FL1798,1403,1411,LIGHT,9,1405.0,2.0,1403,9.0,1,1.3466666666666667,9.0,1,1405,2
FL1283,1406,1411,HEAVY,4,3945.0,2539.0,1406,4.0,0,60.0,4.0,1,1407,1
FL1478,1408,1420,LIGHT,6,3099.0,1691.0,1408,6.0,1,60.0,6.0,1,1409,1
FL1110,1416,1429,LIGHT,5,3528.0,2112.0,1416,5.0,1,60.0,5.0,1,1416,0
FL1007,1417,1423,MEDIUM,4,3948.0,2531.0,1417,4.0,2,60.0,4.0,1,1418,1
FL1311,1419,1424,MEDIUM,6,3102.0,1683.0,1419,6.0,2,60.0,6.0,1,1420,1
FL1912,1420,1434,MEDIUM,4,3951.0,2531.0,1420,4.0,2,60.0,4.0,1,1422,2
FL1709,1421,1438,MEDIUM,3,4409.0,2988.0,1421,3.0,2,60.0,3.0,0,1421,0
FL1357,1427,1435,HEAVY,3,4414.0,2987.0,1427,3.0,0,60.0,3.0,1,1427,0
FL2189,1431,1438,LIGHT,3,4416.0,2985.0,1431,3.0,1,60.0,3.0,1,1431,0
FL1913,1433,1443,HEAVY,6,3107.0,1674.0,1433,6.0,0,60.0,6.0,1,1433,0
FL1020,1434,1447,MEDIUM,5,3531.0,2097.0,1434,5.0,2,60.0,5.0,0,1434,0
FL1016,1434,1441,HEAVY,4,3956.0,2522.0,1434,4.0,0,60.0,4.0,1,1435,1
FL1002,1437,1447,MEDIUM,5,3534.0,2097.0,1437,5.0,2,60.0,5.0,1,1437,0
FL1171,1442,1446,LIGHT,7,2647.0,1205.0,1442,7.0,1,60.0,7.0,1,1442,0
FL1851,1442,1452,LIGHT,6,3109.0,1667.0,1442,6.0,1,60.0,6.0,1,1444,2
FL1293,1443,1455,HEAVY,7,2652.0,1209.0,1443,7.0,0,60.0,7.0,0,1443,0
FL2114,1443,1455,HEAVY,5,3539.0,2096.0,1443,5.0,0,60.0,5.0,1,1446,3
FL1032,1443,1453,MEDIUM,3,4419.0,2976.0,1443,3.0,2,60.0,3.0,0,1445,2
FL1704,1446,1458,HEAVY,4,3961.0,2515.0,1446,4.0,0,60.0,4.0,1,1448,2
FL2113,1450,1462,LIGHT,9,1450.0,0.0,1450,9.0,1,0.10666666666666667,9.0,0,1450,0
FL2059,1450,1463,HEAVY,1,5378.0,3928.0,1450,1.0,0,60.0,1.0,1,1450,0
FL2077,1452,1462,HEAVY,7,2657.0,1205.0,1452,7.0,0,60.0,7.0,1,1452,0
FL1917,1453,1457,HEAVY,6,3114.0,1661.0,1453,6.0,0,60.0,6.0,1,1454,1
FL1720,1453,1463,HEAVY,1,5383.0,3930.0,1453,1.0,0,60.0,1.0,0,1453,0
FL1349,1459,1467,LIGHT,9,1459.0,0.0,1459,9.0,1,0.10666666666666667,9.0,0,1459,0
FL1774,1461,1470,LIGHT,6,3116.0,1655.0,1461,6.0,1,60.0,6.0,1,1461,0
FL1052,1462,1467,MEDIUM,9,1462.0,0.0,1462,9.0,2,0.09333333333333334,9.0,0,1462,0
FL1312,1462,1473,LIGHT,3,4421.0,2959.0,1462,3.0,1,60.0,3.0,1,1463,1
FL1387,1463,1476,MEDIUM,4,3964.0,2501.0,1463,4.0,2,60.0,4.0,1,1465,2
FL1122,1466,1469,HEAVY,5,3544.0,2078.0,1466,5.0,0,60.0,5.0,1,1467,1
FL1448,1466,1478,HEAVY,3,4426.0,2960.0,1466,3.0,0,60.0,3.0,0,1466,0
FL1719,1466,1477,LIGHT,3,4428.0,2962.0,1466,3.0,1,60.0,3.0,1,1469,3
FL1855,1467,1474,HEAVY,8,2214.0,747.0,1467,8.0,0,60.0,8.0,0,1468,1
FL1823,1469,1472,HEAVY,4,3969.0,2500.0,1469,4.0,0,60.0,4.0,1,1471,2
FL1160,1473,1482,HEAVY,9,1473.0,0.0,1473,9.0,0,0.6,9.0,0,1473,0
FL1601,1476,1492,LIGHT,7,2659.0,1183.0,1476,7.0,1,60.0,7.0,1,1476,0
FL1707,1478,1487,HEAVY,5,3549.0,2071.0,1478,5.0,0,60.0,5.0,1,1478,0
FL1001,1484,1494,HEAVY,4,3974.0,2490.0,1484,4.0,0,60.0,4.0,1,1484,0
FL2022,1487,1495,MEDIUM,4,3977.0,2490.0,1487,4.0,2,60.0,4.0,1,1487,0
FL2152,1489,1495,HEAVY,8,2219.0,730.0,1489,8.0,0,60.0,8.0,1,1489,0
FL1159,1492,1497,LIGHT,1,5385.0,3893.0,1492,1.0,1,60.0,1.0,1,1492,0
FL1977,1496,1507,MEDIUM,1,5388.0,3892.0,1496,1.0,2,60.0,1.0,1,1496,0
FL1265,1498,1512,MEDIUM,4,3980.0,2482.0,1498,4.0,2,60.0,4.0,1,1498,0
FL2194,1499,1502,MEDIUM,4,3983.0,2484.0,1499,4.0,2,60.0,4.0,1,1500,1
FL2197,1499,1508,LIGHT,3,4430.0,2931.0,1499,3.0,1,60.0,3.0,0,1499,0
FL2069,1499,1503,HEAVY,2,4915.0,3416.0,1499,2.0,0,60.0,2.0,1,1502,3
FL1764,1505,1523,MEDIUM,1,5391.0,3886.0,1505,1.0,2,60.0,1.0,1,1505,0
FL2038,1507,1510,MEDIUM,7,2662.0,1155.0,1507,7.0,2,60.0,7.0,1,1507,0
FL1755,1509,1516,HEAVY,1,5396.0,3887.0,1509,1.0,0,60.0,1.0,1,1509,0
FL1284,1510,1516,LIGHT,3,4432.0,2922.0,1510,3.0,1,60.0,3.0,0,1510,0
FL1703,1512,1519,MEDIUM,2,4918.0,3406.0,1512,2.0,2,60.0,2.0,1,1512,0
FL1950,1513,1524,LIGHT,5,3551.0,2038.0,1513,5.0,1,60.0,5.0,1,1514,1
FL1500,1521,1528,LIGHT,9,1521.0,0.0,1521,9.0,1,0.14666666666666667,9.0,0,1521,0
FL1244,1521,1527,MEDIUM,3,4435.0,2914.0,1521,3.0,2,60.0,3.0,1,1521,0
FL1070,1522,1536,HEAVY,6,3121.0,1599.0,1522,6.0,0,60.0,6.0,1,1523,1
FL1739,1523,1538,MEDIUM,9,1524.0,1.0,1523,9.0,2,0.66,9.0,0,1523,0
FL1758,1523,1540,LIGHT,6,3123.0,1600.0,1523,6.0,1,60.0,6.0,1,1525,2
FL1224,1525,1541,HEAVY,8,2224.0,699.0,1525,8.0,0,60.0,8.0,1,1527,2
FL1914,1532,1541,HEAVY,8,2229.0,697.0,1532,8.0,0,60.0,8.0,0,1532,0
FL1507,1533,1539,LIGHT,9,1533.0,0.0,1533,9.0,1,0.17333333333333334,9.0,0,1534,1
FL1179,1540,1549,MEDIUM,7,2665.0,1125.0,1540,7.0,2,60.0,7.0,1,1540,0
FL1717,1541,1553,LIGHT,5,3553.0,2012.0,1541,5.0,1,60.0,5.0,1,1542,1
FL1834,1544,1555,MEDIUM,4,3986.0,2442.0,1544,4.0,2,60.0,4.0,0,1544,0
FL1190,1547,1558,MEDIUM,1,5399.0,3852.0,1547,1.0,2,60.0,1.0,1,1547,0
FL2139,1549,1553,MEDIUM,9,1549.0,0.0,1549,9.0,2,0.08,9.0,0,1549,0
FL1123,1549,1554,LIGHT,1,5401.0,3852.0,1549,1.0,1,60.0,1.0,1,1549,0
FL1376,1554,1564,HEAVY,3,4440.0,2886.0,1554,3.0,0,60.0,3.0,1,1554,0
FL2092,1556,1571,MEDIUM,9,1556.0,0.0,1556,9.0,2,0.08,9.0,0,1556,0
FL1699,1557,1567,HEAVY,7,2670.0,1113.0,1557,7.0,0,60.0,7.0,1,1557,0
FL1731,1558,1560,HEAVY,4,3991.0,2433.0,1558,4.0,0,60.0,4.0,1,1559,1
FL1415,1560,1571,MEDIUM,4,3994.0,2434.0,1560,4.0,2,60.0,4.0,1,1561,1
FL1928,1561,1569,LIGHT,4,3996.0,2435.0,1561,4.0,1,60.0,4.0,1,1563,2
FL1925,1561,1566,HEAVY,2,4923.0,3362.0,1561,2.0,0,60.0,2.0,0,1561,0
FL1430,1562,1575,LIGHT,1,5403.0,3841.0,1562,1.0,1,60.0,1.0,1,1565,3
FL1943,1563,1567,HEAVY,7,2675.0,1112.0,1563,7.0,0,60.0,7.0,0,1563,0
FL1966,1564,1571,MEDIUM,9,1564.0,0.0,1564,9.0,2,0.08,9.0,0,1565,1
FL1568,1564,1576,LIGHT,6,3125.0,1561.0,1564,6.0,1,60.0,6.0,1,1567,3
FL2085,1565,1573,HEAVY,6,3130.0,1565.0,1565,6.0,0,60.0,6.0,1,1569,4
FL1777,1567,1584,MEDIUM,7,2678.0,1111.0,1567,7.0,2,60.0,7.0,0,1567,0
FL1552,1567,1575,HEAVY,5,3558.0,1991.0,1567,5.0,0,60.0,5.0,1,1571,4
FL1991,1569,1578,LIGHT,1,5405.0,3836.0,1569,1.0,1,60.0,1.0,0,1569,0
FL2196,1570,1571,MEDIUM,1,5408.0,3838.0,1570,1.0,2,60.0,1.0,1,1573,3
FL1460,1572,1580,MEDIUM,5,3561.0,1989.0,1572,5.0,2,60.0,5.0,0,1572,0
FL1297,1573,1592,HEAVY,8,2234.0,661.0,1573,8.0,0,60.0,8.0,1,1575,2
FL1690,1573,1588,HEAVY,3,4445.0,2872.0,1573,3.0,0,60.0,3.0,0,1574,1
FL1369,1576,1581,HEAVY,3,4450.0,2874.0,1576,3.0,0,60.0,3.0,1,1577,1
FL1432,1578,1583,LIGHT,2,4925.0,3347.0,1578,2.0,1,60.0,2.0,1,1579,1
FL1748,1579,1582,LIGHT,7,2680.0,1101.0,1579,7.0,1,60.0,7.0,1,1581,2
FL2171,1581,1583,HEAVY,7,2685.0,1104.0,1581,7.0,0,60.0,7.0,1,1583,2
FL1677,1581,1588,HEAVY,5,3566.0,1985.0,1581,5.0,0,60.0,5.0,0,1581,0
FL2071,1583,1602,MEDIUM,1,5411.0,3828.0,1583,1.0,2,60.0,1.0,1,1585,2
FL1298,1584,1592,MEDIUM,4,3999.0,2415.0,1584,4.0,2,60.0,4.0,0,1584,0
FL1424,1585,1603,HEAVY,1,5416.0,3831.0,1585,1.0,0,60.0,1.0,1,1587,2
FL1958,1587,1597,LIGHT,8,2236.0,649.0,1587,8.0,1,60.0,8.0,1,1589,2
FL1186,1593,1603,MEDIUM,8,2239.0,646.0,1593,8.0,2,60.0,8.0,1,1593,0
FL2094,1593,1600,HEAVY,3,4455.0,2862.0,1593,3.0,0,60.0,3.0,1,1595,2
FL1419,1594,1605,MEDIUM,7,2688.0,1094.0,1594,7.0,2,60.0,7.0,0,1594,0
FL1786,1594,1604,HEAVY,7,2693.0,1099.0,1594,7.0,0,60.0,7.0,1,1597,3
FL1479,1594,1605,LIGHT,2,4927.0,3333.0,1594,2.0,1,60.0,2.0,0,1596,2
FL2134,1596,1607,LIGHT,1,5418.0,3822.0,1596,1.0,1,60.0,1.0,1,1599,3
FL1452,1597,1610,HEAVY,5,3571.0,1974.0,1597,5.0,0,60.0,5.0,0,1598,1
FL1180,1597,1611,MEDIUM,3,4458.0,2861.0,1597,3.0,2,60.0,3.0,1,1601,4
FL1936,1597,1610,HEAVY,2,4932.0,3335.0,1597,2.0,0,60.0,2.0,0,1600,3
FL1510,1600,1603,HEAVY,5,3576.0,1976.0,1600,5.0,0,60.0,5.0,1,1603,3
FL1013,1600,1609,HEAVY,3,4463.0,2863.0,1600,3.0,0,60.0,3.0,0,1602,2
FL2163,1604,1619,HEAVY,4,4004.0,2400.0,1604,4.0,0,60.0,4.0,1,1605,1
FL1058,1604,1605,MEDIUM,2,4935.0,3331.0,1604,2.0,2,60.0,2.0,0,1604,0
FL1807,1605,1615,HEAVY,7,2698.0,1093.0,1605,7.0,0,60.0,7.0,1,1607,2
FL2150,1606,1617,HEAVY,7,2703.0,1097.0,1606,7.0,0,60.0,7.0,0,1606,0
FL1923,1607,1618,HEAVY,3,4468.0,2861.0,1607,3.0,0,60.0,3.0,0,1608,1
FL2061,1608,1619,LIGHT,3,4470.0,2862.0,1608,3.0,1,60.0,3.0,1,1609,1
FL1551,1612,1620,HEAVY,4,4009.0,2397.0,1612,4.0,0,60.0,4.0,1,1612,0
FL1653,1614,1619,MEDIUM,4,4012.0,2398.0,1614,4.0,2,60.0,4.0,1,1614,0
FL1759,1615,1621,MEDIUM,9,1615.0,0.0,1615,9.0,2,0.006666666666666667,9.0,0,1615,0
FL1495,1616,1625,MEDIUM,7,2706.0,1090.0,1616,7.0,2,60.0,7.0,1,1616,0
FL2093,1616,1625,HEAVY,2,4940.0,3324.0,1616,2.0,0,60.0,2.0,1,1618,2
FL1489,1618,1630,LIGHT,9,1618.0,0.0,1618,9.0,1,0.02666666666666667,9.0,0,1618,0
FL1537,1621,1634,LIGHT,3,4472.0,2851.0,1621,3.0,1,60.0,3.0,1,1621,0
FL1331,1622,1636,HEAVY,8,2244.0,622.0,1622,8.0,0,60.0,8.0,1,1623,1
FL1456,1625,1630,LIGHT,7,2708.0,1083.0,1625,7.0,1,60.0,7.0,1,1625,0
FL1223,1626,1636,MEDIUM,2,4943.0,3317.0,1626,2.0,2,60.0,2.0,1,1627,1
FL1967,1626,1631,HEAVY,1,5423.0,3797.0,1626,1.0,0,60.0,1.0,0,1626,0
FL1227,1628,1642,MEDIUM,9,1628.0,0.0,1628,9.0,2,0.006666666666666667,9.0,0,1628,0
FL1762,1628,1636,MEDIUM,4,4015.0,2387.0,1628,4.0,2,60.0,4.0,1,1629,1
FL1528,1629,1639,MEDIUM,1,5426.0,3797.0,1629,1.0,2,60.0,1.0,1,1631,2
FL1548,1630,1647,MEDIUM,1,5429.0,3799.0,1630,1.0,2,60.0,1.0,0,1630,0
FL1767,1632,1638,LIGHT,1,5431.0,3799.0,1632,1.0,1,60.0,1.0,0,1632,0
FL1054,1636,1640,MEDIUM,5,3579.0,1943.0,1636,5.0,2,60.0,5.0,1,1636,0
FL1083,1637,1646,LIGHT,1,5433.0,3796.0,1637,1.0,1,60.0,1.0,1,1638,1
FL1127,1639,1657,MEDIUM,9,1639.0,0.0,1639,9.0,2,0.006666666666666667,9.0,0,1639,0
FL1120,1641,1651,LIGHT,7,2710.0,1069.0,1641,7.0,1,60.0,7.0,1,1641,0
FL1220,1641,1648,MEDIUM,5,3582.0,1941.0,1641,5.0,2,60.0,5.0,1,1643,2
FL2015,1641,1653,LIGHT,4,4017.0,2376.0,1641,4.0,1,60.0,4.0,0,1641,0
FL1679,1647,1652,HEAVY,7,2715.0,1068.0,1647,7.0,0,60.0,7.0,1,1647,0
FL1060,1652,1666,LIGHT,8,2246.0,594.0,1652,8.0,1,60.0,8.0,1,1652,0
FL1536,1655,1667,MEDIUM,9,1655.0,0.0,1655,9.0,2,0.006666666666666667,9.0,0,1655,0
FL1423,1655,1673,MEDIUM,2,4946.0,3291.0,1655,2.0,2,60.0,2.0,1,1655,0
FL1322,1655,1670,MEDIUM,1,5436.0,3781.0,1655,1.0,2,60.0,1.0,1,1657,2
FL1926,1655,1660,HEAVY,1,5441.0,3786.0,1655,1.0,0,60.0,1.0,1,1659,4
FL1735,1658,1667,HEAVY,7,2720.0,1062.0,1658,7.0,0,60.0,7.0,0,1658,0
FL1388,1659,1675,MEDIUM,3,4475.0,2816.0,1659,3.0,2,60.0,3.0,0,1660,1
FL1499,1660,1671,MEDIUM,6,3133.0,1473.0,1660,6.0,2,60.0,6.0,1,1661,1
FL1242,1664,1676,MEDIUM,6,3136.0,1472.0,1664,6.0,2,60.0,6.0,1,1664,0
FL1443,1664,1677,LIGHT,5,3584.0,1920.0,1664,5.0,1,60.0,5.0,1,1666,2
FL2088,1667,1677,HEAVY,3,4480.0,2813.0,1667,3.0,0,60.0,3.0,1,1668,1
FL1113,1674,1689,MEDIUM,8,2249.0,575.0,1674,8.0,2,60.0,8.0,1,1674,0
FL1030,1675,1684,HEAVY,7,2725.0,1050.0,1675,7.0,0,60.0,7.0,1,1676,1
FL1475,1677,1685,LIGHT,7,2727.0,1050.0,1677,7.0,1,60.0,7.0,0,1677,0
FL1738,1682,1700,MEDIUM,4,4020.0,2338.0,1682,4.0,2,60.0,4.0,1,1682,0
FL1126,1684,1698,MEDIUM,8,2252.0,568.0,1684,8.0,2,60.0,8.0,1,1684,0
FL2103,1684,1685,MEDIUM,3,4483.0,2799.0,1684,3.0,2,60.0,3.0,1,1686,2
FL1270,1686,1692,HEAVY,2,4951.0,3265.0,1686,2.0,0,60.0,2.0,1,1688,2
FL1614,1689,1693,MEDIUM,9,1689.0,0.0,1689,9.0,2,0.16,9.0,0,1689,0
FL1402,1691,1701,LIGHT,5,3586.0,1895.0,1691,5.0,1,60.0,5.0,1,1691,0
FL1188,1692,1700,LIGHT,5,3588.0,1896.0,1692,5.0,1,60.0,5.0,1,1693,1
FL1898,1693,1697,MEDIUM,9,1693.0,0.0,1693,9.0,2,0.2,9.0,0,1693,0
FL1390,1695,1700,LIGHT,4,4022.0,2327.0,1695,4.0,1,60.0,4.0,1,1695,0
FL1586,1698,1710,MEDIUM,6,3139.0,1441.0,1698,6.0,2,60.0,6.0,1,1698,0
FL1299,1700,1715,LIGHT,8,2254.0,554.0,1700,8.0,1,60.0,8.0,1,1700,0
FL1442,1701,1706,MEDIUM,7,2730.0,1029.0,1701,7.0,2,60.0,7.0,1,1702,1
FL1706,1702,1718,LIGHT,7,2732.0,1030.0,1702,7.0,1,60.0,7.0,1,1704,2
FL1195,1703,1714,LIGHT,4,4024.0,2321.0,1703,4.0,1,60.0,4.0,0,1703,0
FL1857,1704,1716,LIGHT,3,4485.0,2781.0,1704,3.0,1,60.0,3.0,0,1705,1
FL1204,1705,1714,LIGHT,6,3141.0,1436.0,1705,6.0,1,60.0,6.0,1,1706,1
FL1042,1706,1716,MEDIUM,3,4488.0,2782.0,1706,3.0,2,60.0,3.0,1,1708,2
FL2162,1709,1724,MEDIUM,8,2257.0,548.0,1709,8.0,2,60.0,8.0,0,1709,0
FL1198,1710,1728,MEDIUM,3,4491.0,2781.0,1710,3.0,2,60.0,3.0,1,1710,0
FL1202,1713,1715,LIGHT,3,4493.0,2780.0,1713,3.0,1,60.0,3.0,1,1713,0
FL1287,1716,1722,HEAVY,4,4029.0,2313.0,1716,4.0,0,60.0,4.0,1,1716,0
FL1710,1718,1723,LIGHT,8,2259.0,541.0,1718,8.0,1,60.0,8.0,1,1718,0
FL1775,1719,1722,HEAVY,8,2264.0,545.0,1719,8.0,0,60.0,8.0,0,1719,0
FL1959,1719,1733,HEAVY,4,4034.0,2315.0,1719,4.0,0,60.0,4.0,1,1720,1
FL1328,1723,1734,MEDIUM,9,1723.0,0.0,1723,9.0,2,0.6133333333333333,9.0,0,1723,0
FL2144,1723,1734,LIGHT,8,2266.0,543.0,1723,8.0,1,60.0,8.0,1,1723,0
FL2072,1723,1733,MEDIUM,6,3144.0,1421.0,1723,6.0,2,60.0,6.0,1,1725,2
FL1450,1724,1736,LIGHT,9,1725.0,1.0,1724,9.0,1,0.9266666666666666,9.0,0,1725,1
FL2130,1725,1738,MEDIUM,8,2269.0,544.0,1725,8.0,2,60.0,8.0,1,1727,2
FL1821,1725,1740,MEDIUM,7,2735.0,1010.0,1725,7.0,2,60.0,7.0,1,1729,4
FL1713,1726,1737,MEDIUM,9,1728.0,2.0,1726,9.0,2,1.7333333333333334,9.0,0,1727,1
FL1907,1727,1733,HEAVY,6,3149.0,1422.0,1727,6.0,0,60.0,6.0,1,1731,4
FL1992,1728,1736,LIGHT,9,1730.0,2.0,1728,9.0,1,2.3,9.0,0,1729,1
FL1781,1729,1742,HEAVY,9,1735.0,6.0,1729,9.0,0,4.406666666666666,9.0,0,1731,2
FL1377,1729,1742,MEDIUM,3,4496.0,2767.0,1729,3.0,2,60.0,3.0,1,1733,4
FL1997,1730,1744,HEAVY,5,3593.0,1863.0,1730,5.0,0,60.0,5.0,1,1735,5
FL1854,1733,1738,LIGHT,9,1737.0,4.0,1733,9.0,1,3.933333333333333,9.0,0,1733,0
FL1364,1735,1746,MEDIUM,9,1740.0,5.0,1735,9.0,2,4.206666666666667,9.0,0,1735,0
FL1584,1735,1746,HEAVY,8,2274.0,539.0,1735,8.0,0,60.0,8.0,1,1737,2
FL1869,1738,1745,LIGHT,1,5443.0,3705.0,1738,1.0,1,60.0,1.0,1,1739,1
FL1998,1739,1744,HEAVY,3,4501.0,2762.0,1739,3.0,0,60.0,3.0,1,1741,2
FL2084,1740,1752,MEDIUM,2,4954.0,3214.0,1740,2.0,2,60.0,2.0,0,1740,0
FL1205,1741,1745,HEAVY,2,4959.0,3218.0,1741,2.0,0,60.0,2.0,1,1743,2
FL2138,1742,1757,MEDIUM,4,4037.0,2295.0,1742,4.0,2,60.0,4.0,0,1742,0
FL1641,1745,1762,MEDIUM,9,1745.0,0.0,1745,9.0,2,1.5066666666666666,9.0,0,1745,0
FL1671,1745,1751,HEAVY,7,2740.0,995.0,1745,7.0,0,60.0,7.0,1,1745,0
FL1569,1748,1752,LIGHT,7,2742.0,994.0,1748,7.0,1,60.0,7.0,1,1748,0
FL1676,1749,1763,LIGHT,7,2744.0,995.0,1749,7.0,1,60.0,7.0,1,1750,1
FL1611,1752,1758,MEDIUM,1,5446.0,3694.0,1752,1.0,2,60.0,1.0,1,1752,0
FL1752,1753,1764,LIGHT,9,1753.0,0.0,1753,9.0,1,1.4666666666666666,9.0,0,1753,0
FL1565,1753,1755,LIGHT,1,5448.0,3695.0,1753,1.0,1,60.0,1.0,1,1754,1
FL1498,1755,1759,LIGHT,3,4503.0,2748.0,1755,3.0,1,60.0,3.0,1,1756,1
FL1429,1756,1764,LIGHT,7,2746.0,990.0,1756,7.0,1,60.0,7.0,1,1758,2
FL1408,1758,1760,LIGHT,4,4039.0,2281.0,1758,4.0,1,60.0,4.0,1,1760,2
FL1040,1759,1768,MEDIUM,3,4506.0,2747.0,1759,3.0,2,60.0,3.0,0,1759,0
FL2125,1760,1778,HEAVY,4,4044.0,2284.0,1760,4.0,0,60.0,4.0,1,1762,2
FL1453,1761,1764,MEDIUM,6,3152.0,1391.0,1761,6.0,2,60.0,6.0,0,1761,0
FL2063,1761,1779,HEAVY,3,4511.0,2750.0,1761,3.0,0,60.0,3.0,1,1764,3
FL1289,1769,1785,HEAVY,6,3157.0,1388.0,1769,6.0,0,60.0,6.0,1,1769,0
FL2054,1772,1786,LIGHT,7,2748.0,976.0,1772,7.0,1,60.0,7.0,0,1772,0
FL1734,1772,1783,LIGHT,2,4961.0,3189.0,1772,2.0,1,60.0,2.0,1,1772,0
FL1009,1773,1778,LIGHT,5,3595.0,1822.0,1773,5.0,1,60.0,5.0,1,1774,1
FL1571,1778,1793,LIGHT,9,1778.0,0.0,1778,9.0,1,0.14666666666666667,9.0,0,1778,0
FL1642,1780,1784,LIGHT,5,3597.0,1817.0,1780,5.0,1,60.0,5.0,1,1780,0
FL1547,1782,1790,MEDIUM,6,3160.0,1378.0,1782,6.0,2,60.0,6.0,1,1782,0
FL1944,1782,1794,LIGHT,2,4963.0,3181.0,1782,2.0,1,60.0,2.0,1,1784,2
FL1847,1784,1792,MEDIUM,1,5451.0,3667.0,1784,1.0,2,60.0,1.0,1,1786,2
FL1351,1787,1797,MEDIUM,1,5454.0,3667.0,1787,1.0,2,60.0,1.0,1,1788,1
FL1029,1790,1801,HEAVY,4,4049.0,2259.0,1790,4.0,0,60.0,4.0,1,1790,0
FL1697,1790,1801,LIGHT,4,4051.0,2261.0,1790,4.0,1,60.0,4.0,1,1792,2
FL1137,1794,1809,MEDIUM,7,2751.0,957.0,1794,7.0,2,60.0,7.0,1,1794,0
FL1366,1794,1799,HEAVY,4,4056.0,2262.0,1794,4.0,0,60.0,4.0,1,1796,2
FL2078,1796,1809,LIGHT,6,3162.0,1366.0,1796,6.0,1,60.0,6.0,1,1798,2
FL1621,1808,1813,MEDIUM,1,5457.0,3649.0,1808,1.0,2,60.0,1.0,1,1808,0
FL1276,1809,1810,MEDIUM,6,3165.0,1356.0,1809,6.0,2,60.0,6.0,1,1810,1
FL1254,1810,1820,MEDIUM,9,1810.0,0.0,1810,9.0,2,0.06666666666666667,9.0,0,1810,0
FL2169,1812,1816,LIGHT,9,1812.0,0.0,1812,9.0,1,0.02666666666666667,9.0,0,1812,0
FL1391,1813,1827,MEDIUM,2,4966.0,3153.0,1813,2.0,2,60.0,2.0,0,1814,1
FL1896,1814,1819,LIGHT,5,3599.0,1785.0,1814,5.0,1,60.0,5.0,0,1816,2
FL1899,1816,1832,LIGHT,7,2753.0,937.0,1816,7.0,1,60.0,7.0,1,1816,0
FL2131,1816,1834,HEAVY,2,4971.0,3155.0,1816,2.0,0,60.0,2.0,1,1818,2
FL1348,1818,1824,MEDIUM,5,3602.0,1784.0,1818,5.0,2,60.0,5.0,1,1820,2
FL2056,1818,1830,HEAVY,3,4516.0,2698.0,1818,3.0,0,60.0,3.0,0,1818,0
FL1955,1818,1834,LIGHT,1,5459.0,3641.0,1818,1.0,1,60.0,1.0,1,1822,4
FL1245,1820,1829,MEDIUM,6,3168.0,1348.0,1820,6.0,2,60.0,6.0,0,1820,0
FL1675,1821,1830,LIGHT,9,1821.0,0.0,1821,9.0,1,0.02666666666666667,9.0,0,1822,1
FL1018,1824,1839,LIGHT,7,2755.0,931.0,1824,7.0,1,60.0,7.0,1,1824,0
FL1129,1824,1836,HEAVY,6,3173.0,1349.0,1824,6.0,0,60.0,6.0,1,1826,2
FL1952,1824,1831,HEAVY,3,4521.0,2697.0,1824,3.0,0,60.0,3.0,0,1824,0
FL1082,1824,1834,HEAVY,2,4976.0,3152.0,1824,2.0,0,60.0,2.0,1,1828,4
FL2176,1825,1832,HEAVY,2,4981.0,3156.0,1825,2.0,0,60.0,2.0,0,1826,1
FL1605,1832,1836,LIGHT,8,2276.0,444.0,1832,8.0,1,60.0,8.0,1,1832,0
FL1022,1834,1836,LIGHT,1,5461.0,3627.0,1834,1.0,1,60.0,1.0,1,1834,0
FL2042,1835,1851,LIGHT,1,5463.0,3628.0,1835,1.0,1,60.0,1.0,1,1836,1
FL1081,1839,1851,MEDIUM,8,2279.0,440.0,1839,8.0,2,60.0,8.0,1,1839,0
FL1451,1843,1856,LIGHT,8,2281.0,438.0,1843,8.0,1,60.0,8.0,1,1843,0
FL1383,1844,1857,HEAVY,2,4986.0,3142.0,1844,2.0,0,60.0,2.0,1,1845,1
FL1434,1848,1857,MEDIUM,1,5466.0,3618.0,1848,1.0,2,60.0,1.0,0,1848,0
FL1477,1849,1855,MEDIUM,5,3605.0,1756.0,1849,5.0,2,60.0,5.0,1,1849,0
FL1021,1850,1860,HEAVY,4,4061.0,2211.0,1850,4.0,0,60.0,4.0,1,1851,1
FL1859,1851,1853,LIGHT,5,3607.0,1756.0,1851,5.0,1,60.0,5.0,1,1853,2
FL1037,1852,1859,LIGHT,1,5468.0,3616.0,1852,1.0,1,60.0,1.0,0,1852,0
FL1608,1859,1870,HEAVY,3,4526.0,2667.0,1859,3.0,0,60.0,3.0,1,1859,0
FL1501,1859,1875,HEAVY,2,4991.0,3132.0,1859,2.0,0,60.0,2.0,1,1861,2
FL1868,1862,1866,MEDIUM,9,1862.0,0.0,1862,9.0,2,0.03333333333333333,9.0,0,1862,0
FL2156,1864,1875,HEAVY,3,4531.0,2667.0,1864,3.0,0,60.0,3.0,1,1864,0
FL1965,1866,1870,LIGHT,2,4993.0,3127.0,1866,2.0,1,60.0,2.0,1,1866,0
FL1723,1871,1886,LIGHT,6,3175.0,1304.0,1871,6.0,1,60.0,6.0,1,1871,0
FL1692,1873,1878,HEAVY,9,1873.0,0.0,1873,9.0,0,0.44666666666666666,9.0,0,1873,0
FL1466,1878,1892,LIGHT,9,1878.0,0.0,1878,9.0,1,0.02666666666666667,9.0,0,1878,0
FL1836,1878,1886,HEAVY,4,4066.0,2188.0,1878,4.0,0,60.0,4.0,1,1878,0
FL1837,1878,1893,HEAVY,1,5473.0,3595.0,1878,1.0,0,60.0,1.0,1,1880,2
FL1986,1878,1891,LIGHT,1,5475.0,3597.0,1878,1.0,1,60.0,1.0,1,1882,4
FL2043,1881,1891,MEDIUM,6,3178.0,1297.0,1881,6.0,2,60.0,6.0,0,1881,0
FL2170,1884,1895,HEAVY,9,1884.0,0.0,1884,9.0,0,0.44666666666666666,9.0,0,1884,0
FL1937,1884,1892,MEDIUM,2,4996.0,3112.0,1884,2.0,2,60.0,2.0,1,1884,0
FL1646,1885,1903,HEAVY,7,2760.0,875.0,1885,7.0,0,60.0,7.0,1,1886,1
FL1072,1885,1888,LIGHT,3,4533.0,2648.0,1885,3.0,1,60.0,3.0,1,1888,3
FL1353,1886,1889,HEAVY,4,4071.0,2185.0,1886,4.0,0,60.0,4.0,0,1886,0
FL1523,1888,1896,MEDIUM,1,5478.0,3590.0,1888,1.0,2,60.0,1.0,1,1890,2
FL1940,1891,1904,HEAVY,8,2286.0,395.0,1891,8.0,0,60.0,8.0,1,1892,1
FL2116,1893,1908,MEDIUM,6,3181.0,1288.0,1893,6.0,2,60.0,6.0,1,1894,1
FL1976,1896,1911,HEAVY,6,3186.0,1290.0,1896,6.0,0,60.0,6.0,1,1896,0
FL2013,1899,1904,MEDIUM,9,1899.0,0.0,1899,9.0,2,0.03333333333333333,9.0,0,1899,0
FL1237,1904,1920,LIGHT,8,2288.0,384.0,1904,8.0,1,60.0,8.0,1,1904,0
FL1360,1904,1917,MEDIUM,6,3189.0,1285.0,1904,6.0,2,60.0,6.0,1,1906,2
FL2174,1904,1911,LIGHT,1,5480.0,3576.0,1904,1.0,1,60.0,1.0,0,1904,0
FL1317,1905,1908,MEDIUM,8,2291.0,386.0,1905,8.0,2,60.0,8.0,1,1908,3
FL1686,1905,1917,LIGHT,3,4535.0,2630.0,1905,3.0,1,60.0,3.0,0,1906,1
FL1094,1908,1925,HEAVY,7,2765.0,857.0,1908,7.0,0,60.0,7.0,1,1910,2
FL1035,1910,1916,LIGHT,6,3191.0,1281.0,1910,6.0,1,60.0,6.0,1,1912,2
FL1346,1914,1915,LIGHT,7,2767.0,853.0,1914,7.0,1,60.0,7.0,1,1914,0
FL2157,1916,1919,LIGHT,8,2293.0,377.0,1916,8.0,1,60.0,8.0,1,1916,0
FL1891,1918,1928,HEAVY,8,2298.0,380.0,1918,8.0,0,60.0,8.0,1,1918,0
FL1249,1918,1924,HEAVY,4,4076.0,2158.0,1918,4.0,0,60.0,4.0,1,1920,2
FL1779,1920,1921,HEAVY,6,3196.0,1276.0,1920,6.0,0,60.0,6.0,1,1922,2
FL1140,1922,1932,HEAVY,7,2772.0,850.0,1922,7.0,0,60.0,7.0,0,1922,0
FL1487,1923,1935,LIGHT,3,4537.0,2614.0,1923,3.0,1,60.0,3.0,1,1924,1
FL1649,1924,1931,MEDIUM,5,3610.0,1686.0,1924,5.0,2,60.0,5.0,0,1924,0
FL2060,1927,1944,HEAVY,2,5001.0,3074.0,1927,2.0,0,60.0,2.0,1,1927,0
FL1435,1929,1940,LIGHT,4,4078.0,2149.0,1929,4.0,1,60.0,4.0,1,1929,0
FL1667,1930,1947,MEDIUM,5,3613.0,1683.0,1930,5.0,2,60.0,5.0,1,1931,1
FL1740,1933,1940,HEAVY,5,3618.0,1685.0,1933,5.0,0,60.0,5.0,1,1933,0
FL1910,1934,1942,HEAVY,5,3623.0,1689.0,1934,5.0,0,60.0,5.0,1,1935,1
FL1330,1940,1954,MEDIUM,8,2301.0,361.0,1940,8.0,2,60.0,8.0,1,1940,0
FL2178,1940,1956,HEAVY,1,5485.0,3545.0,1940,1.0,0,60.0,1.0,0,1940,0
FL1165,1945,1958,HEAVY,7,2777.0,832.0,1945,7.0,0,60.0,7.0,1,1945,0
FL1562,1946,1962,LIGHT,2,5003.0,3057.0,1946,2.0,1,60.0,2.0,1,1947,1
FL1079,1946,1956,LIGHT,1,5487.0,3541.0,1946,1.0,1,60.0,1.0,0,1946,0
FL1338,1947,1963,HEAVY,8,2306.0,359.0,1947,8.0,0,60.0,8.0,1,1949,2
FL1749,1947,1949,LIGHT,6,3198.0,1251.0,1947,6.0,1,60.0,6.0,0,1948,1
FL1339,1947,1956,MEDIUM,3,4540.0,2593.0,1947,3.0,2,60.0,3.0,1,1951,4
FL1867,1948,1953,MEDIUM,4,4081.0,2133.0,1948,4.0,2,60.0,4.0,0,1950,2
FL1557,1950,1968,HEAVY,3,4545.0,2595.0,1950,3.0,0,60.0,3.0,1,1953,3
FL1418,1952,1966,MEDIUM,7,2780.0,828.0,1952,7.0,2,60.0,7.0,0,1952,0
FL1761,1952,1967,HEAVY,6,3203.0,1251.0,1952,6.0,0,60.0,6.0,1,1955,3
FL1806,1953,1969,MEDIUM,8,2309.0,356.0,1953,8.0,2,60.0,8.0,0,1954,1
FL1627,1953,1965,HEAVY,1,5492.0,3539.0,1953,1.0,0,60.0,1.0,1,1957,4
FL1624,1954,1967,LIGHT,5,3625.0,1671.0,1954,5.0,1,60.0,5.0,0,1956,2
FL1379,1955,1969,MEDIUM,7,2783.0,828.0,1955,7.0,2,60.0,7.0,1,1959,4
FL1336,1961,1969,LIGHT,3,4547.0,2586.0,1961,3.0,1,60.0,3.0,1,1961,0
FL2122,1962,1969,LIGHT,5,3627.0,1665.0,1962,5.0,1,60.0,5.0,1,1963,1
FL1538,1962,1977,LIGHT,3,4549.0,2587.0,1962,3.0,1,60.0,3.0,0,1962,0
FL1579,1963,1979,MEDIUM,7,2786.0,823.0,1963,7.0,2,60.0,7.0,1,1965,2
FL1701,1964,1966,MEDIUM,5,3630.0,1666.0,1964,5.0,2,60.0,5.0,0,1964,0
FL1272,1965,1981,MEDIUM,5,3633.0,1668.0,1965,5.0,2,60.0,5.0,1,1967,2
FL1370,1965,1971,MEDIUM,2,5006.0,3041.0,1965,2.0,2,60.0,2.0,0,1966,1
FL1375,1968,1986,MEDIUM,6,3206.0,1238.0,1968,6.0,2,60.0,6.0,0,1968,0
FL2118,1969,1978,LIGHT,8,2311.0,342.0,1969,8.0,1,60.0,8.0,1,1969,0
FL1698,1969,1978,HEAVY,4,4086.0,2117.0,1969,4.0,0,60.0,4.0,0,1970,1
FL1533,1971,1986,HEAVY,1,5497.0,3526.0,1971,1.0,0,60.0,1.0,1,1971,0
FL1780,1973,1988,LIGHT,6,3208.0,1235.0,1973,6.0,1,60.0,6.0,1,1973,0
FL1049,1974,1988,HEAVY,5,3638.0,1664.0,1974,5.0,0,60.0,5.0,0,1974,0
FL1226,1977,1983,HEAVY,7,2791.0,814.0,1977,7.0,0,60.0,7.0,1,1977,0
FL2188,1977,1983,LIGHT,1,5499.0,3522.0,1977,1.0,1,60.0,1.0,1,1979,2
FL1199,1978,1986,MEDIUM,3,4552.0,2574.0,1978,3.0,2,60.0,3.0,0,1978,0
FL1077,1979,1991,MEDIUM,8,2314.0,335.0,1979,8.0,2,60.0,8.0,1,1981,2
FL2182,1979,1980,MEDIUM,4,4089.0,2110.0,1979,4.0,2,60.0,4.0,0,1980,1
FL1278,1980,1995,HEAVY,4,4094.0,2114.0,1980,4.0,0,60.0,4.0,1,1983,3
FL1115,1981,1995,MEDIUM,5,3641.0,1660.0,1981,5.0,2,60.0,5.0,0,1982,1
FL1008,1984,1989,MEDIUM,8,2317.0,333.0,1984,8.0,2,60.0,8.0,1,1985,1
FL1669,1984,1988,HEAVY,1,5504.0,3520.0,1984,1.0,0,60.0,1.0,0,1984,0
FL2119,1985,1999,LIGHT,8,2319.0,334.0,1985,8.0,1,60.0,8.0,1,1987,2
FL1729,1985,1998,MEDIUM,2,5009.0,3024.0,1985,2.0,2,60.0,2.0,0,1986,1
FL1989,1989,2000,HEAVY,7,2796.0,807.0,1989,7.0,0,60.0,7.0,1,1989,0
FL1027,1989,2005,LIGHT,4,4096.0,2107.0,1989,4.0,1,60.0,4.0,1,1991,2
FL1239,1989,2008,HEAVY,1,5509.0,3520.0,1989,1.0,0,60.0,1.0,0,1989,0
FL1708,1992,2007,LIGHT,3,4554.0,2562.0,1992,3.0,1,60.0,3.0,1,1993,1
FL1216,1993,1995,LIGHT,6,3210.0,1217.0,1993,6.0,1,60.0,6.0,1,1995,2
FL1121,1994,2005,LIGHT,1,5511.0,3517.0,1994,1.0,1,60.0,1.0,0,1994,0
FL1428,1996,2002,HEAVY,1,5516.0,3520.0,1996,1.0,0,60.0,1.0,1,1997,1
FL1386,1998,2012,HEAVY,5,3646.0,1648.0,1998,5.0,0,60.0,5.0,1,1999,1
FL1416,1998,2013,MEDIUM,3,4557.0,2559.0,1998,3.0,2,60.0,3.0,0,1998,0
FL1852,2002,2003,MEDIUM,5,3649.0,1647.0,2002,5.0,2,60.0,5.0,1,2002,0
